AIRLINE,FLIGHT_NUMBER,NOMBRE_AEROLINEA,ARRIVAL_DELAY
WN,2433,Southwest Airlines,259.0
AA,2256,American Airlines,-15.0
B6,585,JetBlue Airways,-20.0
OO,4813,,-18.0
DL,951,Delta Air Lines,-33.0
DL,1558,Delta Air Lines,3.0
AA,2456,American Airlines,149.0
WN,898,Southwest Airlines,-22.0
DL,1894,Delta Air Lines,5.0
WN,1984,Southwest Airlines,-10.0
WN,1261,Southwest Airlines,44.0
AA,528,American Airlines,36.0
WN,3125,Southwest Airlines,-27.0
DL,1840,Delta Air Lines,136.0
MQ,3104,,
AA,679,American Airlines,-32.0
AA,1440,American Airlines,-15.0
UA,1274,United Airlines,-5.0
NK,500,Spirit Airlines,34.0
DL,2162,Delta Air Lines,96.0
WN,726,Southwest Airlines,50.0
AA,1581,American Airlines,-18.0
WN,481,Southwest Airlines,-2.0
WN,857,Southwest Airlines,33.0
DL,885,Delta Air Lines,-13.0
AA,2211,American Airlines,-18.0
DL,1839,Delta Air Lines,-10.0
DL,1401,Delta Air Lines,-12.0
EV,4639,,-22.0
EV,4680,,-12.0
WN,560,Southwest Airlines,-6.0
F9,1250,Frontier Airlines,-11.0
EV,5930,,-27.0
WN,1877,Southwest Airlines,-28.0
DL,514,Delta Air Lines,-8.0
AA,380,American Airlines,2.0
WN,411,Southwest Airlines,-18.0
AA,1497,American Airlines,-13.0
B6,1504,JetBlue Airways,-8.0
MQ,3534,,
OO,5327,,-22.0
DL,2051,Delta Air Lines,-23.0
AA,1357,American Airlines,-9.0
EV,6093,,-21.0
AA,1883,American Airlines,-5.0
WN,2100,Southwest Airlines,-7.0
AA,455,American Airlines,-11.0
F9,558,Frontier Airlines,-18.0
OO,6390,,99.0
EV,5171,,3.0
EV,2632,,-12.0
WN,1689,Southwest Airlines,-1.0
EV,5013,,7.0
WN,276,Southwest Airlines,-17.0
OO,4697,,-4.0
EV,4870,,65.0
DL,2281,Delta Air Lines,-9.0
EV,5335,,-12.0
HA,4,Hawaiian Airlines,-23.0
DL,2395,Delta Air Lines,32.0
WN,1684,Southwest Airlines,1.0
WN,655,Southwest Airlines,21.0
DL,902,Delta Air Lines,-14.0
UA,1522,United Airlines,-10.0
OO,4605,,19.0
US,465,,-9.0
EV,4486,,-21.0
AA,170,American Airlines,-16.0
UA,1447,United Airlines,-11.0
MQ,3094,,15.0
AA,2302,American Airlines,13.0
DL,1723,Delta Air Lines,-9.0
US,1892,,-17.0
AS,677,Alaska Airlines,58.0
WN,767,Southwest Airlines,19.0
MQ,3157,,32.0
AA,1820,American Airlines,-4.0
UA,1062,United Airlines,-5.0
AA,1557,American Airlines,16.0
OO,4608,,7.0
DL,1333,Delta Air Lines,-21.0
UA,1200,United Airlines,-7.0
DL,1827,Delta Air Lines,-19.0
VX,929,Virgin America,-5.0
UA,1493,United Airlines,-18.0
WN,4551,Southwest Airlines,3.0
AA,278,American Airlines,-11.0
DL,1535,Delta Air Lines,-10.0
AA,1179,American Airlines,-16.0
WN,1266,Southwest Airlines,18.0
OO,7420,,2.0
VX,352,Virgin America,-2.0
DL,1502,Delta Air Lines,-21.0
MQ,3041,,-8.0
OO,4573,,3.0
MQ,3113,,-5.0
WN,1337,Southwest Airlines,-20.0
HA,326,Hawaiian Airlines,6.0
AS,566,Alaska Airlines,2.0
UA,534,United Airlines,-29.0
WN,3149,Southwest Airlines,-9.0
OO,2692,,2.0
DL,2210,Delta Air Lines,30.0
DL,18,Delta Air Lines,20.0
DL,1065,Delta Air Lines,-18.0
HA,45,Hawaiian Airlines,20.0
AA,1722,American Airlines,-13.0
UA,1018,United Airlines,2.0
WN,2050,Southwest Airlines,-11.0
WN,657,Southwest Airlines,-21.0
NK,310,Spirit Airlines,14.0
EV,4568,,3.0
EV,5985,,26.0
DL,1717,Delta Air Lines,48.0
AA,2473,American Airlines,10.0
WN,4227,Southwest Airlines,17.0
WN,4127,Southwest Airlines,-8.0
DL,1056,Delta Air Lines,21.0
WN,830,Southwest Airlines,4.0
WN,4655,Southwest Airlines,37.0
VX,953,Virgin America,-13.0
OO,4466,,0.0
OO,6440,,113.0
OO,7385,,15.0
EV,4618,,11.0
B6,118,JetBlue Airways,2.0
B6,698,JetBlue Airways,12.0
OO,6460,,12.0
EV,3955,,-10.0
MQ,3354,,-24.0
UA,1177,United Airlines,30.0
AA,194,American Airlines,-14.0
WN,2331,Southwest Airlines,
WN,4102,Southwest Airlines,-15.0
AA,1394,American Airlines,0.0
UA,698,United Airlines,3.0
OO,6213,,2.0
EV,4902,,-1.0
EV,5887,,79.0
AA,593,American Airlines,-1.0
AA,2453,American Airlines,-25.0
OO,5229,,-2.0
DL,1608,Delta Air Lines,-11.0
WN,1066,Southwest Airlines,-16.0
EV,5397,,127.0
DL,1407,Delta Air Lines,-8.0
US,1809,,-1.0
AA,2281,American Airlines,44.0
WN,849,Southwest Airlines,-22.0
EV,5358,,8.0
DL,1539,Delta Air Lines,-14.0
WN,801,Southwest Airlines,-6.0
WN,169,Southwest Airlines,-3.0
WN,1624,Southwest Airlines,-3.0
NK,419,Spirit Airlines,-12.0
UA,1169,United Airlines,-17.0
AA,1288,American Airlines,-13.0
HA,236,Hawaiian Airlines,2.0
EV,5802,,-2.0
OO,4776,,-3.0
DL,1927,Delta Air Lines,-6.0
DL,1276,Delta Air Lines,-2.0
F9,557,Frontier Airlines,25.0
OO,2891,,0.0
US,729,,-5.0
AA,2270,American Airlines,4.0
DL,2534,Delta Air Lines,-27.0
DL,2527,Delta Air Lines,-19.0
DL,1063,Delta Air Lines,-10.0
WN,467,Southwest Airlines,14.0
WN,2152,Southwest Airlines,-1.0
AA,1519,American Airlines,-30.0
B6,1208,JetBlue Airways,11.0
OO,5309,,89.0
MQ,3253,,-2.0
UA,1463,United Airlines,-2.0
AA,2270,American Airlines,3.0
WN,639,Southwest Airlines,-9.0
DL,2130,Delta Air Lines,143.0
AS,562,Alaska Airlines,-5.0
EV,6115,,-13.0
WN,4472,Southwest Airlines,78.0
UA,204,United Airlines,-11.0
EV,4304,,-9.0
MQ,3109,,-14.0
VX,1602,Virgin America,-18.0
DL,445,Delta Air Lines,-3.0
AA,207,American Airlines,156.0
MQ,3220,,-17.0
WN,3226,Southwest Airlines,-12.0
EV,4174,,-4.0
EV,5004,,-23.0
EV,5784,,-1.0
MQ,3257,,-2.0
EV,4448,,-8.0
B6,83,JetBlue Airways,-2.0
AA,1176,American Airlines,-18.0
AA,1859,American Airlines,-16.0
MQ,3130,,-5.0
AA,1917,American Airlines,-10.0
AS,182,Alaska Airlines,-11.0
WN,863,Southwest Airlines,6.0
WN,999,Southwest Airlines,-11.0
F9,685,Frontier Airlines,4.0
OO,5373,,91.0
DL,1493,Delta Air Lines,-16.0
UA,1698,United Airlines,-12.0
OO,2891,,2.0
AA,1107,American Airlines,-16.0
OO,2797,,1.0
AS,662,Alaska Airlines,-14.0
OO,6497,,10.0
B6,716,JetBlue Airways,-17.0
AS,112,Alaska Airlines,-5.0
WN,4065,Southwest Airlines,-9.0
AS,23,Alaska Airlines,-7.0
EV,4294,,-3.0
AA,1029,American Airlines,38.0
WN,2793,Southwest Airlines,11.0
UA,1615,United Airlines,228.0
DL,547,Delta Air Lines,1.0
OO,4505,,-8.0
UA,1562,United Airlines,-10.0
WN,2179,Southwest Airlines,2.0
AA,1293,American Airlines,-1.0
DL,1916,Delta Air Lines,-28.0
OO,6347,,
OO,6251,,-15.0
OO,6357,,2.0
EV,5602,,3.0
UA,452,United Airlines,-17.0
MQ,3319,,-16.0
UA,401,United Airlines,-28.0
WN,635,Southwest Airlines,-4.0
WN,773,Southwest Airlines,-19.0
B6,318,JetBlue Airways,-24.0
EV,4713,,112.0
AA,316,American Airlines,-11.0
WN,966,Southwest Airlines,-20.0
DL,1891,Delta Air Lines,-10.0
DL,1801,Delta Air Lines,2.0
WN,417,Southwest Airlines,0.0
WN,2544,Southwest Airlines,-2.0
DL,2292,Delta Air Lines,-24.0
EV,6151,,14.0
EV,3851,,236.0
F9,1254,Frontier Airlines,16.0
AA,734,American Airlines,-18.0
AA,1336,American Airlines,-12.0
B6,1348,JetBlue Airways,22.0
B6,127,JetBlue Airways,0.0
WN,4558,Southwest Airlines,-26.0
VX,218,Virgin America,178.0
OO,2972,,
WN,2750,Southwest Airlines,0.0
WN,1910,Southwest Airlines,-18.0
B6,2020,JetBlue Airways,9.0
AA,1804,American Airlines,-10.0
OO,5172,,-11.0
WN,910,Southwest Airlines,55.0
DL,439,Delta Air Lines,-24.0
WN,19,Southwest Airlines,-45.0
AS,55,Alaska Airlines,-1.0
UA,1209,United Airlines,-12.0
AS,362,Alaska Airlines,14.0
DL,514,Delta Air Lines,17.0
HA,239,Hawaiian Airlines,17.0
B6,2802,JetBlue Airways,-19.0
AA,159,American Airlines,-21.0
UA,1038,United Airlines,-2.0
AA,691,American Airlines,-8.0
OO,6481,,13.0
WN,4002,Southwest Airlines,25.0
DL,2448,Delta Air Lines,20.0
OO,2585,,8.0
NK,713,Spirit Airlines,-20.0
WN,891,Southwest Airlines,-11.0
DL,1286,Delta Air Lines,-16.0
DL,2638,Delta Air Lines,2.0
WN,719,Southwest Airlines,27.0
DL,673,Delta Air Lines,-5.0
WN,296,Southwest Airlines,-6.0
WN,2322,Southwest Airlines,2.0
MQ,3161,,12.0
DL,1912,Delta Air Lines,19.0
B6,1374,JetBlue Airways,-32.0
DL,1384,Delta Air Lines,-4.0
AA,1728,American Airlines,-4.0
NK,200,Spirit Airlines,57.0
AA,2341,American Airlines,-13.0
WN,245,Southwest Airlines,-12.0
EV,5919,,5.0
AA,248,American Airlines,2.0
AA,1143,American Airlines,-2.0
OO,4577,,-14.0
UA,1644,United Airlines,13.0
DL,1728,Delta Air Lines,-13.0
AA,1505,American Airlines,142.0
OO,4467,,-16.0
OO,4448,,-26.0
DL,1310,Delta Air Lines,-25.0
EV,4548,,-11.0
WN,3925,Southwest Airlines,86.0
WN,3482,Southwest Airlines,-8.0
DL,2029,Delta Air Lines,-8.0
AA,1890,American Airlines,1.0
AA,1020,American Airlines,-16.0
EV,5036,,143.0
WN,683,Southwest Airlines,8.0
AA,1286,American Airlines,-12.0
DL,2503,Delta Air Lines,-7.0
MQ,3536,,-16.0
WN,2232,Southwest Airlines,8.0
F9,1139,Frontier Airlines,59.0
OO,4629,,-13.0
EV,5174,,-21.0
WN,765,Southwest Airlines,-2.0
DL,2473,Delta Air Lines,-8.0
DL,903,Delta Air Lines,78.0
B6,317,JetBlue Airways,3.0
EV,5265,,-24.0
OO,3435,,-16.0
EV,2602,,-21.0
EV,4557,,-4.0
UA,586,United Airlines,1.0
EV,4716,,
EV,4510,,
NK,346,Spirit Airlines,
NK,178,Spirit Airlines,-15.0
EV,4283,,-18.0
AA,259,American Airlines,-18.0
UA,1707,United Airlines,42.0
EV,5863,,62.0
MQ,3605,,41.0
MQ,3260,,-17.0
WN,745,Southwest Airlines,-17.0
UA,939,United Airlines,9.0
DL,1074,Delta Air Lines,-16.0
WN,15,Southwest Airlines,-13.0
WN,1847,Southwest Airlines,-5.0
UA,216,United Airlines,-19.0
AA,222,American Airlines,29.0
UA,2005,United Airlines,2.0
AA,1373,American Airlines,0.0
AA,2464,American Airlines,11.0
F9,660,Frontier Airlines,36.0
WN,2646,Southwest Airlines,-10.0
DL,1657,Delta Air Lines,-11.0
OO,5359,,
EV,5171,,-12.0
OO,6484,,-12.0
EV,5468,,-11.0
AA,20,American Airlines,-10.0
AA,1431,American Airlines,5.0
US,486,,
WN,1123,Southwest Airlines,-2.0
UA,1647,United Airlines,
DL,2779,Delta Air Lines,10.0
WN,3140,Southwest Airlines,18.0
B6,1065,JetBlue Airways,-12.0
UA,723,United Airlines,-10.0
WN,1080,Southwest Airlines,24.0
UA,1654,United Airlines,-3.0
DL,348,Delta Air Lines,-20.0
WN,266,Southwest Airlines,8.0
DL,1770,Delta Air Lines,-9.0
MQ,3127,,-22.0
WN,285,Southwest Airlines,-12.0
EV,5141,,-6.0
DL,1814,Delta Air Lines,-12.0
UA,501,United Airlines,0.0
WN,525,Southwest Airlines,-13.0
MQ,3304,,-15.0
AS,39,Alaska Airlines,-5.0
WN,3145,Southwest Airlines,-4.0
EV,5329,,-21.0
B6,2019,JetBlue Airways,-3.0
WN,1982,Southwest Airlines,13.0
EV,4333,,-9.0
B6,1318,JetBlue Airways,-18.0
DL,1221,Delta Air Lines,-25.0
AA,205,American Airlines,9.0
WN,617,Southwest Airlines,-3.0
EV,4749,,76.0
AA,2366,American Airlines,-1.0
AA,1222,American Airlines,26.0
WN,300,Southwest Airlines,6.0
AA,200,American Airlines,13.0
WN,1636,Southwest Airlines,-3.0
WN,1962,Southwest Airlines,39.0
UA,1577,United Airlines,-36.0
AA,2034,American Airlines,0.0
WN,4385,Southwest Airlines,-22.0
DL,2477,Delta Air Lines,-16.0
HA,383,Hawaiian Airlines,-1.0
HA,145,Hawaiian Airlines,-5.0
DL,854,Delta Air Lines,-26.0
UA,1712,United Airlines,-4.0
OO,6271,,37.0
OO,6525,,-12.0
OO,6226,,8.0
DL,451,Delta Air Lines,-17.0
OO,6452,,-9.0
DL,2654,Delta Air Lines,-17.0
WN,2161,Southwest Airlines,-3.0
AA,1055,American Airlines,-20.0
OO,4971,,-14.0
WN,610,Southwest Airlines,47.0
AS,524,Alaska Airlines,6.0
WN,3862,Southwest Airlines,-4.0
F9,1262,Frontier Airlines,71.0
DL,2564,Delta Air Lines,106.0
AS,617,Alaska Airlines,0.0
MQ,3543,,-19.0
MQ,3283,,-23.0
WN,9,Southwest Airlines,-9.0
UA,1253,United Airlines,28.0
DL,2411,Delta Air Lines,-19.0
WN,3547,Southwest Airlines,-14.0
WN,3514,Southwest Airlines,-9.0
MQ,3451,,-21.0
HA,155,Hawaiian Airlines,-2.0
EV,5731,,-2.0
F9,1291,Frontier Airlines,105.0
OO,3432,,2.0
AA,1412,American Airlines,4.0
AS,326,Alaska Airlines,-5.0
WN,42,Southwest Airlines,5.0
OO,4660,,
MQ,3467,,-22.0
WN,960,Southwest Airlines,-2.0
WN,1939,Southwest Airlines,-6.0
DL,1293,Delta Air Lines,9.0
MQ,3027,,-8.0
AS,61,Alaska Airlines,-21.0
DL,2527,Delta Air Lines,24.0
UA,1531,United Airlines,-37.0
EV,4226,,-11.0
DL,2164,Delta Air Lines,32.0
AA,363,American Airlines,-13.0
WN,184,Southwest Airlines,-8.0
DL,1098,Delta Air Lines,15.0
EV,4138,,-5.0
US,565,,-12.0
WN,2008,Southwest Airlines,-6.0
UA,1431,United Airlines,-22.0
WN,2947,Southwest Airlines,-12.0
WN,431,Southwest Airlines,-17.0
WN,633,Southwest Airlines,-7.0
AA,1011,American Airlines,53.0
AA,1909,American Airlines,-3.0
AA,879,American Airlines,-2.0
AA,330,American Airlines,-19.0
DL,478,Delta Air Lines,19.0
DL,1335,Delta Air Lines,66.0
OO,6449,,8.0
B6,866,JetBlue Airways,-9.0
AS,67,Alaska Airlines,-19.0
AA,569,American Airlines,-24.0
OO,5456,,4.0
WN,2910,Southwest Airlines,-1.0
DL,1310,Delta Air Lines,-13.0
EV,4088,,-1.0
WN,637,Southwest Airlines,0.0
AA,607,American Airlines,40.0
AS,304,Alaska Airlines,-6.0
UA,557,United Airlines,-25.0
UA,1744,United Airlines,11.0
B6,1553,JetBlue Airways,-7.0
DL,2116,Delta Air Lines,30.0
EV,5056,,-7.0
WN,106,Southwest Airlines,42.0
OO,5515,,3.0
DL,1619,Delta Air Lines,-26.0
OO,3445,,15.0
B6,1480,JetBlue Airways,-10.0
US,1978,,-12.0
AA,2160,American Airlines,37.0
DL,61,Delta Air Lines,-9.0
EV,2730,,35.0
WN,1354,Southwest Airlines,-5.0
DL,1863,Delta Air Lines,-11.0
AS,518,Alaska Airlines,5.0
WN,1208,Southwest Airlines,-5.0
EV,4398,,11.0
MQ,3139,,7.0
WN,2437,Southwest Airlines,-7.0
AA,2296,American Airlines,-26.0
AA,1096,American Airlines,88.0
MQ,3195,,-5.0
US,2174,,
WN,3030,Southwest Airlines,13.0
WN,175,Southwest Airlines,-30.0
WN,3839,Southwest Airlines,35.0
DL,1945,Delta Air Lines,-3.0
US,1853,,1.0
WN,1252,Southwest Airlines,-7.0
US,2064,,-8.0
OO,4523,,-14.0
DL,1289,Delta Air Lines,-13.0
DL,2339,Delta Air Lines,-19.0
MQ,2979,,13.0
MQ,3075,,30.0
WN,454,Southwest Airlines,-4.0
AA,2513,American Airlines,-8.0
EV,5057,,-22.0
F9,667,Frontier Airlines,-6.0
NK,404,Spirit Airlines,-2.0
WN,1800,Southwest Airlines,-14.0
UA,324,United Airlines,14.0
AA,2489,American Airlines,-17.0
B6,1243,JetBlue Airways,54.0
US,1943,,-14.0
WN,2512,Southwest Airlines,-23.0
UA,1105,United Airlines,-16.0
WN,540,Southwest Airlines,5.0
HA,195,Hawaiian Airlines,11.0
OO,7395,,4.0
AA,714,American Airlines,-10.0
DL,1521,Delta Air Lines,-18.0
AA,1662,American Airlines,-34.0
WN,1674,Southwest Airlines,-3.0
DL,2438,Delta Air Lines,-7.0
WN,4740,Southwest Airlines,26.0
AA,494,American Airlines,7.0
EV,5595,,26.0
MQ,3315,,-4.0
UA,1637,United Airlines,-19.0
OO,4712,,-19.0
EV,6079,,-9.0
NK,204,Spirit Airlines,41.0
AA,1851,American Airlines,9.0
EV,4490,,-11.0
OO,5611,,8.0
WN,557,Southwest Airlines,162.0
UA,1248,United Airlines,17.0
UA,571,United Airlines,-19.0
EV,4568,,-15.0
EV,5790,,-15.0
MQ,3412,,43.0
EV,4376,,12.0
EV,4246,,-17.0
EV,4262,,-23.0
AA,438,American Airlines,9.0
OO,6274,,-24.0
WN,116,Southwest Airlines,20.0
WN,2143,Southwest Airlines,8.0
DL,1417,Delta Air Lines,-6.0
UA,1747,United Airlines,7.0
B6,611,JetBlue Airways,-8.0
AA,561,American Airlines,-12.0
DL,1196,Delta Air Lines,-6.0
WN,2959,Southwest Airlines,-10.0
WN,765,Southwest Airlines,-9.0
OO,5628,,-15.0
AA,31,American Airlines,-40.0
DL,2636,Delta Air Lines,-11.0
WN,4955,Southwest Airlines,13.0
DL,1230,Delta Air Lines,50.0
WN,215,Southwest Airlines,-12.0
WN,240,Southwest Airlines,-2.0
DL,2417,Delta Air Lines,-7.0
AA,1686,American Airlines,15.0
AS,670,Alaska Airlines,18.0
AS,412,Alaska Airlines,-18.0
MQ,3442,,0.0
DL,1324,Delta Air Lines,28.0
DL,1305,Delta Air Lines,-24.0
EV,5436,,7.0
WN,4292,Southwest Airlines,-9.0
WN,756,Southwest Airlines,-2.0
OO,6246,,-3.0
AA,1946,American Airlines,32.0
WN,151,Southwest Airlines,2.0
MQ,3130,,-13.0
UA,1211,United Airlines,-29.0
DL,1216,Delta Air Lines,-17.0
WN,1270,Southwest Airlines,-3.0
DL,699,Delta Air Lines,-9.0
DL,549,Delta Air Lines,-9.0
B6,1402,JetBlue Airways,-2.0
WN,2986,Southwest Airlines,-16.0
EV,4272,,-10.0
UA,756,United Airlines,104.0
OO,4649,,-7.0
HA,34,Hawaiian Airlines,-8.0
WN,2376,Southwest Airlines,20.0
US,494,,2.0
F9,1308,Frontier Airlines,3.0
DL,117,Delta Air Lines,-11.0
AA,1613,American Airlines,16.0
UA,344,United Airlines,48.0
UA,773,United Airlines,61.0
DL,2132,Delta Air Lines,-13.0
US,1729,,-19.0
AA,379,American Airlines,-24.0
WN,2858,Southwest Airlines,-3.0
EV,4656,,-7.0
DL,2257,Delta Air Lines,-2.0
DL,2699,Delta Air Lines,-9.0
WN,348,Southwest Airlines,-8.0
WN,2749,Southwest Airlines,-5.0
OO,4754,,32.0
OO,2622,,-7.0
WN,193,Southwest Airlines,-6.0
F9,1300,Frontier Airlines,-1.0
DL,2199,Delta Air Lines,-22.0
WN,411,Southwest Airlines,-23.0
OO,2734,,-4.0
UA,590,United Airlines,2.0
WN,439,Southwest Airlines,-9.0
DL,643,Delta Air Lines,-18.0
EV,5340,,0.0
WN,2136,Southwest Airlines,-6.0
AA,2412,American Airlines,-8.0
AA,1743,American Airlines,-9.0
EV,6109,,-19.0
VX,241,Virgin America,-15.0
UA,1201,United Airlines,-14.0
EV,4183,,75.0
OO,6217,,1.0
AA,2511,American Airlines,8.0
NK,619,Spirit Airlines,18.0
AA,477,American Airlines,3.0
B6,51,JetBlue Airways,-1.0
WN,44,Southwest Airlines,-4.0
AA,313,American Airlines,-14.0
DL,846,Delta Air Lines,-23.0
DL,2465,Delta Air Lines,-4.0
OO,2970,,44.0
OO,7379,,-8.0
DL,2211,Delta Air Lines,11.0
MQ,3476,,-15.0
EV,5919,,3.0
WN,3774,Southwest Airlines,11.0
US,1798,,49.0
UA,673,United Airlines,24.0
WN,3663,Southwest Airlines,1.0
EV,2730,,110.0
US,781,,5.0
WN,1124,Southwest Airlines,
UA,1472,United Airlines,-1.0
OO,4773,,-16.0
MQ,3080,,55.0
AA,2195,American Airlines,7.0
DL,823,Delta Air Lines,-14.0
EV,4389,,1.0
EV,4095,,8.0
DL,1733,Delta Air Lines,-16.0
WN,3487,Southwest Airlines,
US,2130,,-9.0
HA,35,Hawaiian Airlines,105.0
DL,2217,Delta Air Lines,-18.0
DL,2279,Delta Air Lines,-10.0
MQ,3159,,-2.0
AA,334,American Airlines,-22.0
UA,338,United Airlines,-17.0
WN,319,Southwest Airlines,0.0
WN,1067,Southwest Airlines,-12.0
VX,69,Virgin America,3.0
EV,4168,,-17.0
OO,5344,,32.0
MQ,3255,,49.0
OO,6369,,105.0
AA,1006,American Airlines,-4.0
AA,2493,American Airlines,6.0
UA,1709,United Airlines,16.0
EV,6143,,-6.0
DL,2229,Delta Air Lines,26.0
EV,5210,,-2.0
OO,4499,,-7.0
WN,1353,Southwest Airlines,-9.0
OO,4996,,-12.0
OO,4758,,-7.0
B6,16,JetBlue Airways,46.0
WN,1978,Southwest Airlines,24.0
DL,2506,Delta Air Lines,-13.0
B6,461,JetBlue Airways,6.0
US,493,,-47.0
WN,651,Southwest Airlines,110.0
VX,89,Virgin America,-2.0
AA,1637,American Airlines,-9.0
DL,1371,Delta Air Lines,-13.0
MQ,3191,,66.0
UA,939,United Airlines,
DL,754,Delta Air Lines,-6.0
AS,48,Alaska Airlines,-1.0
WN,1871,Southwest Airlines,9.0
WN,817,Southwest Airlines,-8.0
EV,5756,,11.0
US,833,,-9.0
OO,6254,,-13.0
AA,1150,American Airlines,15.0
US,2091,,74.0
EV,4199,,-15.0
UA,1804,United Airlines,-5.0
WN,4997,Southwest Airlines,-7.0
AA,1942,American Airlines,-6.0
DL,1305,Delta Air Lines,-5.0
WN,2434,Southwest Airlines,-1.0
OO,2756,,-5.0
WN,1928,Southwest Airlines,-11.0
UA,775,United Airlines,-4.0
AA,116,American Airlines,-24.0
VX,909,Virgin America,49.0
DL,2398,Delta Air Lines,-11.0
DL,2649,Delta Air Lines,-2.0
DL,804,Delta Air Lines,-9.0
WN,921,Southwest Airlines,-12.0
DL,942,Delta Air Lines,6.0
AA,2338,American Airlines,-10.0
OO,5549,,-16.0
OO,6452,,26.0
DL,1969,Delta Air Lines,-6.0
EV,4758,,-10.0
MQ,3482,,-9.0
WN,198,Southwest Airlines,-11.0
US,1904,,-6.0
WN,1972,Southwest Airlines,2.0
OO,5640,,-8.0
EV,2524,,-10.0
AA,2040,American Airlines,-13.0
B6,2379,JetBlue Airways,13.0
EV,4146,,
AA,782,American Airlines,-18.0
DL,809,Delta Air Lines,-15.0
B6,717,JetBlue Airways,-17.0
EV,4361,,-15.0
UA,664,United Airlines,-14.0
DL,1198,Delta Air Lines,26.0
B6,714,JetBlue Airways,-20.0
AS,62,Alaska Airlines,-20.0
WN,2660,Southwest Airlines,-9.0
DL,1787,Delta Air Lines,-2.0
OO,5176,,-15.0
MQ,3280,,43.0
WN,4049,Southwest Airlines,-12.0
WN,282,Southwest Airlines,31.0
WN,727,Southwest Airlines,-10.0
WN,1816,Southwest Airlines,-10.0
UA,1762,United Airlines,-6.0
WN,353,Southwest Airlines,-7.0
WN,167,Southwest Airlines,-5.0
AA,604,American Airlines,-18.0
AA,1753,American Airlines,-2.0
AA,1524,American Airlines,14.0
DL,2330,Delta Air Lines,-3.0
MQ,3258,,4.0
OO,4630,,-3.0
DL,1684,Delta Air Lines,-6.0
B6,2324,JetBlue Airways,-13.0
DL,1185,Delta Air Lines,-9.0
WN,879,Southwest Airlines,-10.0
MQ,3332,,88.0
OO,4468,,-21.0
WN,660,Southwest Airlines,-3.0
EV,4557,,-7.0
WN,1906,Southwest Airlines,-7.0
AA,2580,American Airlines,39.0
UA,1221,United Airlines,-11.0
DL,2386,Delta Air Lines,-8.0
AA,2467,American Airlines,1.0
NK,382,Spirit Airlines,29.0
UA,1232,United Airlines,-2.0
OO,4535,,7.0
DL,1527,Delta Air Lines,-4.0
EV,4299,,-4.0
DL,1253,Delta Air Lines,9.0
DL,851,Delta Air Lines,3.0
EV,5138,,-12.0
DL,1401,Delta Air Lines,-3.0
WN,248,Southwest Airlines,2.0
MQ,3287,,12.0
EV,4872,,-6.0
OO,5761,,21.0
WN,3495,Southwest Airlines,-4.0
US,1828,,-13.0
UA,1455,United Airlines,22.0
US,1751,,2.0
WN,2859,Southwest Airlines,4.0
AA,2472,American Airlines,-4.0
WN,4731,Southwest Airlines,-3.0
DL,1752,Delta Air Lines,8.0
OO,3456,,-14.0
EV,4118,,3.0
EV,5051,,-13.0
UA,1714,United Airlines,133.0
MQ,3156,,-14.0
AA,1005,American Airlines,-16.0
WN,192,Southwest Airlines,12.0
UA,483,United Airlines,20.0
DL,2267,Delta Air Lines,-14.0
WN,1502,Southwest Airlines,-2.0
OO,4446,,-11.0
MQ,3320,,74.0
WN,1730,Southwest Airlines,1.0
OO,5663,,5.0
AA,2407,American Airlines,-6.0
DL,1551,Delta Air Lines,10.0
UA,485,United Airlines,
B6,1190,JetBlue Airways,-21.0
WN,1849,Southwest Airlines,-10.0
WN,109,Southwest Airlines,144.0
OO,5580,,-10.0
AA,187,American Airlines,8.0
UA,1020,United Airlines,-5.0
DL,1670,Delta Air Lines,8.0
DL,665,Delta Air Lines,-13.0
OO,4691,,-23.0
WN,1628,Southwest Airlines,8.0
UA,1600,United Airlines,-1.0
WN,777,Southwest Airlines,-15.0
OO,5631,,13.0
AA,1202,American Airlines,-5.0
WN,2256,Southwest Airlines,2.0
MQ,3503,,55.0
DL,1265,Delta Air Lines,-19.0
OO,5231,,10.0
OO,4698,,-1.0
WN,1071,Southwest Airlines,0.0
DL,1128,Delta Air Lines,-11.0
OO,4774,,-4.0
WN,183,Southwest Airlines,9.0
DL,1693,Delta Air Lines,7.0
US,1813,,-16.0
WN,4718,Southwest Airlines,-7.0
DL,735,Delta Air Lines,-19.0
WN,3120,Southwest Airlines,-12.0
AA,1634,American Airlines,42.0
OO,6302,,-11.0
AA,22,American Airlines,-5.0
DL,2061,Delta Air Lines,-18.0
DL,1761,Delta Air Lines,11.0
B6,416,JetBlue Airways,-5.0
OO,4689,,15.0
DL,1600,Delta Air Lines,6.0
B6,341,JetBlue Airways,123.0
AA,1142,American Airlines,18.0
WN,4207,Southwest Airlines,59.0
OO,5422,,-11.0
B6,1166,JetBlue Airways,-6.0
F9,916,Frontier Airlines,7.0
DL,1166,Delta Air Lines,-7.0
WN,3852,Southwest Airlines,-23.0
EV,4483,,-1.0
DL,966,Delta Air Lines,-11.0
DL,2602,Delta Air Lines,-12.0
EV,4389,,-6.0
WN,1674,Southwest Airlines,-14.0
DL,2247,Delta Air Lines,-20.0
WN,2649,Southwest Airlines,-3.0
AA,1004,American Airlines,9.0
WN,2526,Southwest Airlines,-5.0
DL,61,Delta Air Lines,-31.0
DL,2154,Delta Air Lines,-9.0
WN,498,Southwest Airlines,1.0
B6,415,JetBlue Airways,-63.0
DL,1645,Delta Air Lines,47.0
F9,1295,Frontier Airlines,118.0
EV,4698,,-3.0
B6,1904,JetBlue Airways,-2.0
EV,4594,,-16.0
DL,1315,Delta Air Lines,-18.0
AA,1602,American Airlines,207.0
AS,304,Alaska Airlines,17.0
OO,4498,,14.0
WN,56,Southwest Airlines,2.0
DL,1489,Delta Air Lines,6.0
WN,2965,Southwest Airlines,5.0
AA,211,American Airlines,-31.0
WN,2779,Southwest Airlines,-10.0
UA,220,United Airlines,-8.0
EV,6164,,-12.0
UA,1695,United Airlines,25.0
UA,306,United Airlines,-7.0
DL,55,Delta Air Lines,-8.0
OO,5447,,-22.0
AA,345,American Airlines,-46.0
B6,1022,JetBlue Airways,11.0
WN,398,Southwest Airlines,-12.0
WN,4548,Southwest Airlines,2.0
MQ,3407,,-18.0
B6,1290,JetBlue Airways,30.0
WN,1358,Southwest Airlines,-22.0
DL,1116,Delta Air Lines,12.0
WN,4107,Southwest Airlines,-15.0
NK,742,Spirit Airlines,3.0
B6,101,JetBlue Airways,23.0
WN,862,Southwest Airlines,2.0
AA,2374,American Airlines,-13.0
VX,769,Virgin America,226.0
UA,1723,United Airlines,-19.0
NK,511,Spirit Airlines,-1.0
WN,1150,Southwest Airlines,
AA,445,American Airlines,2.0
UA,1260,United Airlines,-29.0
DL,797,Delta Air Lines,-14.0
AA,610,American Airlines,48.0
EV,4242,,23.0
DL,2108,Delta Air Lines,-15.0
OO,4807,,-20.0
AS,763,Alaska Airlines,2.0
VX,872,Virgin America,40.0
OO,5204,,-5.0
MQ,3043,,-11.0
MQ,3492,,6.0
DL,1065,Delta Air Lines,-11.0
DL,1297,Delta Air Lines,-10.0
EV,4914,,13.0
MQ,3450,,
DL,1986,Delta Air Lines,41.0
HA,340,Hawaiian Airlines,-5.0
WN,516,Southwest Airlines,15.0
DL,2806,Delta Air Lines,-5.0
WN,47,Southwest Airlines,5.0
B6,1374,JetBlue Airways,36.0
WN,2183,Southwest Airlines,7.0
EV,2671,,-18.0
OO,4975,,-15.0
MQ,3369,,-12.0
US,1868,,-2.0
UA,455,United Airlines,95.0
AA,1813,American Airlines,-3.0
EV,4679,,-3.0
WN,1556,Southwest Airlines,-17.0
AA,16,American Airlines,43.0
MQ,3519,,-19.0
AA,383,American Airlines,11.0
UA,1565,United Airlines,8.0
B6,569,JetBlue Airways,-4.0
WN,1809,Southwest Airlines,-23.0
EV,2607,,18.0
DL,2294,Delta Air Lines,-13.0
WN,4201,Southwest Airlines,-5.0
WN,270,Southwest Airlines,6.0
UA,484,United Airlines,-9.0
UA,768,United Airlines,2.0
WN,589,Southwest Airlines,-15.0
B6,481,JetBlue Airways,0.0
DL,1247,Delta Air Lines,-18.0
OO,6297,,16.0
OO,6371,,-11.0
OO,7431,,-11.0
DL,1594,Delta Air Lines,-2.0
AA,8,American Airlines,-4.0
DL,679,Delta Air Lines,7.0
WN,35,Southwest Airlines,-1.0
UA,540,United Airlines,-17.0
OO,6316,,22.0
DL,2295,Delta Air Lines,-13.0
EV,5957,,22.0
WN,4543,Southwest Airlines,22.0
WN,5417,Southwest Airlines,33.0
US,1883,,-19.0
DL,1089,Delta Air Lines,-12.0
AA,1209,American Airlines,-9.0
EV,5104,,-9.0
WN,234,Southwest Airlines,-9.0
MQ,3084,,-21.0
B6,8,JetBlue Airways,8.0
UA,688,United Airlines,2.0
WN,373,Southwest Airlines,7.0
DL,2063,Delta Air Lines,-22.0
DL,2162,Delta Air Lines,-16.0
WN,874,Southwest Airlines,-2.0
UA,1281,United Airlines,-29.0
WN,1770,Southwest Airlines,-12.0
DL,1834,Delta Air Lines,-22.0
DL,185,Delta Air Lines,8.0
B6,1554,JetBlue Airways,1.0
AS,359,Alaska Airlines,1.0
US,1735,,-4.0
AA,2244,American Airlines,-1.0
UA,865,United Airlines,45.0
EV,5090,,1.0
HA,201,Hawaiian Airlines,0.0
DL,569,Delta Air Lines,-50.0
WN,116,Southwest Airlines,10.0
UA,451,United Airlines,-20.0
DL,2423,Delta Air Lines,2.0
DL,1696,Delta Air Lines,1.0
WN,4465,Southwest Airlines,22.0
WN,880,Southwest Airlines,13.0
MQ,3391,,3.0
DL,110,Delta Air Lines,1.0
EV,5494,,-16.0
OO,6533,,8.0
OO,4612,,61.0
UA,376,United Airlines,4.0
EV,5193,,-20.0
AS,656,Alaska Airlines,13.0
AA,1119,American Airlines,-6.0
DL,1851,Delta Air Lines,-36.0
WN,966,Southwest Airlines,-19.0
WN,1579,Southwest Airlines,29.0
AA,43,American Airlines,-7.0
AA,555,American Airlines,78.0
AA,438,American Airlines,-37.0
WN,1703,Southwest Airlines,4.0
WN,369,Southwest Airlines,-11.0
UA,1060,United Airlines,-5.0
B6,231,JetBlue Airways,-4.0
US,2184,,-24.0
AS,540,Alaska Airlines,8.0
DL,1613,Delta Air Lines,-4.0
EV,5090,,-5.0
WN,159,Southwest Airlines,67.0
WN,3401,Southwest Airlines,51.0
DL,1847,Delta Air Lines,-3.0
AA,1386,American Airlines,-35.0
EV,5864,,-5.0
UA,577,United Airlines,-4.0
US,689,,-7.0
AA,125,American Airlines,-4.0
EV,2544,,-13.0
UA,1448,United Airlines,-8.0
F9,1347,Frontier Airlines,44.0
WN,3920,Southwest Airlines,-14.0
OO,6476,,17.0
EV,6117,,-31.0
DL,2098,Delta Air Lines,31.0
WN,4347,Southwest Airlines,-18.0
AA,641,American Airlines,-7.0
UA,1530,United Airlines,-23.0
OO,5642,,
WN,930,Southwest Airlines,-7.0
OO,4740,,-2.0
US,2059,,2.0
AA,1279,American Airlines,-14.0
B6,2283,JetBlue Airways,-9.0
B6,668,JetBlue Airways,-9.0
AA,2017,American Airlines,292.0
AS,67,Alaska Airlines,12.0
AA,771,American Airlines,-13.0
WN,2768,Southwest Airlines,-17.0
DL,2567,Delta Air Lines,-2.0
AA,355,American Airlines,-32.0
AA,2368,American Airlines,-10.0
UA,200,United Airlines,-11.0
AA,2298,American Airlines,-10.0
MQ,3097,,-16.0
B6,457,JetBlue Airways,-6.0
AA,1015,American Airlines,4.0
DL,1779,Delta Air Lines,-7.0
B6,1503,JetBlue Airways,8.0
OO,4971,,-9.0
WN,3185,Southwest Airlines,56.0
MQ,3362,,-14.0
UA,207,United Airlines,43.0
OO,4674,,-13.0
OO,2887,,-1.0
OO,6440,,6.0
WN,4429,Southwest Airlines,54.0
UA,214,United Airlines,-14.0
OO,4549,,-14.0
DL,582,Delta Air Lines,-11.0
AA,1299,American Airlines,-7.0
DL,1627,Delta Air Lines,-14.0
DL,889,Delta Air Lines,31.0
OO,4978,,-20.0
WN,927,Southwest Airlines,-9.0
OO,6266,,-1.0
WN,8,Southwest Airlines,
AA,2190,American Airlines,0.0
AA,252,American Airlines,-7.0
EV,5916,,-14.0
DL,1347,Delta Air Lines,15.0
WN,962,Southwest Airlines,1.0
WN,1800,Southwest Airlines,5.0
NK,356,Spirit Airlines,-5.0
OO,5219,,79.0
WN,4831,Southwest Airlines,16.0
DL,2608,Delta Air Lines,5.0
UA,202,United Airlines,19.0
DL,450,Delta Air Lines,-30.0
DL,2543,Delta Air Lines,39.0
WN,3301,Southwest Airlines,-7.0
DL,2338,Delta Air Lines,-10.0
WN,4993,Southwest Airlines,-1.0
OO,3489,,1.0
EV,4116,,-17.0
MQ,3197,,-16.0
B6,151,JetBlue Airways,-12.0
MQ,3147,,-2.0
DL,1342,Delta Air Lines,13.0
WN,1780,Southwest Airlines,-2.0
DL,1863,Delta Air Lines,-2.0
DL,1221,Delta Air Lines,-6.0
MQ,3317,,
EV,5100,,-11.0
WN,302,Southwest Airlines,-12.0
EV,5934,,1.0
WN,1615,Southwest Airlines,
DL,713,Delta Air Lines,28.0
EV,4867,,-14.0
UA,765,United Airlines,-26.0
UA,831,United Airlines,-10.0
AA,1483,American Airlines,
WN,4736,Southwest Airlines,-11.0
DL,394,Delta Air Lines,4.0
WN,4992,Southwest Airlines,17.0
WN,3027,Southwest Airlines,-6.0
WN,653,Southwest Airlines,16.0
WN,1518,Southwest Airlines,-14.0
DL,2014,Delta Air Lines,-19.0
AA,2156,American Airlines,17.0
HA,4,Hawaiian Airlines,-19.0
MQ,3673,,55.0
B6,219,JetBlue Airways,41.0
NK,340,Spirit Airlines,-13.0
DL,2339,Delta Air Lines,15.0
EV,4110,,13.0
AA,399,American Airlines,-8.0
B6,1970,JetBlue Airways,-5.0
DL,637,Delta Air Lines,-11.0
AS,454,Alaska Airlines,-6.0
WN,893,Southwest Airlines,-5.0
NK,675,Spirit Airlines,-3.0
WN,5699,Southwest Airlines,48.0
WN,2426,Southwest Airlines,-7.0
AA,1525,American Airlines,12.0
MQ,3352,,-7.0
DL,1889,Delta Air Lines,-24.0
AS,61,Alaska Airlines,-5.0
MQ,3361,,-4.0
WN,189,Southwest Airlines,-9.0
B6,654,JetBlue Airways,31.0
AA,1088,American Airlines,-10.0
AS,522,Alaska Airlines,-4.0
AA,1057,American Airlines,-14.0
OO,5615,,35.0
DL,1368,Delta Air Lines,11.0
DL,785,Delta Air Lines,-7.0
EV,4445,,31.0
WN,699,Southwest Airlines,-11.0
OO,4580,,-25.0
B6,1435,JetBlue Airways,7.0
US,715,,21.0
AA,1023,American Airlines,13.0
EV,5240,,22.0
WN,340,Southwest Airlines,-8.0
MQ,3505,,-17.0
DL,1902,Delta Air Lines,-10.0
OO,5650,,-11.0
DL,845,Delta Air Lines,-2.0
WN,208,Southwest Airlines,16.0
AS,723,Alaska Airlines,0.0
EV,5797,,14.0
F9,287,Frontier Airlines,0.0
AA,1414,American Airlines,40.0
AA,2228,American Airlines,-6.0
AA,1278,American Airlines,16.0
NK,464,Spirit Airlines,3.0
MQ,3613,,-10.0
B6,327,JetBlue Airways,-12.0
US,1950,,-24.0
DL,783,Delta Air Lines,-25.0
AA,423,American Airlines,13.0
AA,1470,American Airlines,7.0
WN,1816,Southwest Airlines,47.0
AA,2017,American Airlines,-11.0
OO,4698,,0.0
EV,5171,,-1.0
WN,573,Southwest Airlines,3.0
F9,132,Frontier Airlines,-3.0
WN,4295,Southwest Airlines,-8.0
DL,1557,Delta Air Lines,88.0
WN,4387,Southwest Airlines,-13.0
WN,2924,Southwest Airlines,-17.0
AA,620,American Airlines,0.0
UA,1124,United Airlines,33.0
AA,271,American Airlines,-16.0
WN,2542,Southwest Airlines,6.0
DL,1407,Delta Air Lines,-15.0
HA,302,Hawaiian Airlines,4.0
AA,159,American Airlines,-21.0
OO,6231,,-5.0
AS,674,Alaska Airlines,16.0
DL,2141,Delta Air Lines,7.0
UA,442,United Airlines,45.0
OO,2688,,23.0
DL,1448,Delta Air Lines,29.0
AA,1105,American Airlines,-12.0
DL,2553,Delta Air Lines,12.0
UA,608,United Airlines,0.0
DL,1142,Delta Air Lines,-4.0
OO,5592,,5.0
MQ,3102,,-14.0
DL,2259,Delta Air Lines,-12.0
DL,1913,Delta Air Lines,-10.0
WN,4025,Southwest Airlines,-11.0
DL,2328,Delta Air Lines,-9.0
WN,4520,Southwest Airlines,0.0
OO,4759,,3.0
OO,3481,,-5.0
UA,1650,United Airlines,211.0
WN,895,Southwest Airlines,2.0
F9,284,Frontier Airlines,-9.0
EV,4091,,5.0
UA,1759,United Airlines,-24.0
OO,7429,,-3.0
WN,3902,Southwest Airlines,-16.0
OO,6528,,1.0
AA,756,American Airlines,-6.0
F9,1308,Frontier Airlines,33.0
WN,727,Southwest Airlines,19.0
B6,2380,JetBlue Airways,-17.0
US,526,,-11.0
WN,3757,Southwest Airlines,8.0
DL,2653,Delta Air Lines,-43.0
WN,2248,Southwest Airlines,-16.0
OO,5364,,142.0
MQ,3387,,-5.0
WN,553,Southwest Airlines,-7.0
WN,196,Southwest Airlines,-17.0
DL,881,Delta Air Lines,0.0
DL,1139,Delta Air Lines,-12.0
UA,1588,United Airlines,-21.0
WN,2425,Southwest Airlines,-3.0
WN,2736,Southwest Airlines,-15.0
OO,4722,,-12.0
UA,1929,United Airlines,-23.0
OO,6526,,-6.0
DL,973,Delta Air Lines,-9.0
EV,5036,,-5.0
DL,1767,Delta Air Lines,16.0
OO,5608,,-2.0
WN,546,Southwest Airlines,21.0
NK,185,Spirit Airlines,-29.0
WN,207,Southwest Airlines,4.0
B6,1316,JetBlue Airways,-11.0
WN,265,Southwest Airlines,6.0
DL,1735,Delta Air Lines,-36.0
EV,2569,,8.0
US,1799,,-6.0
WN,2699,Southwest Airlines,-9.0
WN,2777,Southwest Airlines,12.0
OO,5566,,-1.0
AA,2279,American Airlines,-26.0
DL,2045,Delta Air Lines,-5.0
AA,1068,American Airlines,73.0
OO,6416,,10.0
DL,980,Delta Air Lines,20.0
DL,1162,Delta Air Lines,13.0
EV,4448,,-13.0
AS,127,Alaska Airlines,-3.0
US,2125,,-28.0
OO,5561,,-2.0
WN,1462,Southwest Airlines,0.0
B6,481,JetBlue Airways,3.0
WN,3544,Southwest Airlines,-13.0
F9,219,Frontier Airlines,0.0
F9,1270,Frontier Airlines,24.0
US,1910,,-21.0
WN,675,Southwest Airlines,-7.0
OO,4733,,40.0
WN,3349,Southwest Airlines,-29.0
WN,497,Southwest Airlines,-6.0
AA,63,American Airlines,5.0
B6,96,JetBlue Airways,10.0
OO,4502,,-17.0
WN,478,Southwest Airlines,-8.0
VX,162,Virgin America,7.0
WN,5800,Southwest Airlines,-16.0
VX,26,Virgin America,48.0
AA,1327,American Airlines,-8.0
EV,3272,,-8.0
WN,1114,Southwest Airlines,-15.0
EV,5128,,-12.0
MQ,3617,,-2.0
AA,71,American Airlines,217.0
EV,4255,,-1.0
WN,143,Southwest Airlines,-10.0
AS,46,Alaska Airlines,2.0
WN,717,Southwest Airlines,-12.0
WN,2587,Southwest Airlines,-3.0
AA,1490,American Airlines,-23.0
EV,4283,,-21.0
AA,1762,American Airlines,-22.0
NK,103,Spirit Airlines,-20.0
DL,1827,Delta Air Lines,18.0
AA,373,American Airlines,-5.0
AA,1155,American Airlines,-11.0
OO,4680,,-6.0
WN,976,Southwest Airlines,19.0
OO,5435,,-24.0
B6,932,JetBlue Airways,-22.0
DL,2225,Delta Air Lines,144.0
B6,1668,JetBlue Airways,-13.0
DL,2142,Delta Air Lines,-44.0
WN,847,Southwest Airlines,13.0
EV,4208,,-16.0
DL,1437,Delta Air Lines,-11.0
WN,3949,Southwest Airlines,3.0
WN,1514,Southwest Airlines,0.0
UA,220,United Airlines,19.0
HA,155,Hawaiian Airlines,8.0
OO,2964,,1.0
NK,428,Spirit Airlines,-11.0
AA,1435,American Airlines,-14.0
MQ,3511,,-20.0
B6,760,JetBlue Airways,-6.0
DL,2234,Delta Air Lines,68.0
AA,1507,American Airlines,3.0
UA,1879,United Airlines,19.0
DL,1485,Delta Air Lines,-6.0
WN,4261,Southwest Airlines,-13.0
AA,1192,American Airlines,1.0
MQ,3544,,-14.0
B6,2301,JetBlue Airways,-12.0
OO,6228,,-29.0
DL,1972,Delta Air Lines,-12.0
AA,1742,American Airlines,-17.0
MQ,3140,,-4.0
OO,7371,,-2.0
NK,737,Spirit Airlines,-10.0
WN,284,Southwest Airlines,-6.0
WN,2532,Southwest Airlines,
WN,824,Southwest Airlines,-5.0
EV,4631,,-22.0
DL,1173,Delta Air Lines,-16.0
UA,467,United Airlines,-9.0
DL,1451,Delta Air Lines,-9.0
UA,1126,United Airlines,-18.0
NK,189,Spirit Airlines,-13.0
UA,1111,United Airlines,-4.0
AA,50,American Airlines,-5.0
OO,6268,,-23.0
AA,2302,American Airlines,-20.0
AA,1711,American Airlines,35.0
UA,1769,United Airlines,-11.0
EV,4521,,-20.0
AA,162,American Airlines,-40.0
UA,296,United Airlines,2.0
US,1941,,-18.0
UA,692,United Airlines,-1.0
AA,956,American Airlines,-14.0
UA,578,United Airlines,32.0
OO,5607,,3.0
EV,5496,,-12.0
WN,1383,Southwest Airlines,10.0
DL,2452,Delta Air Lines,-1.0
DL,1705,Delta Air Lines,5.0
UA,522,United Airlines,-12.0
DL,966,Delta Air Lines,-13.0
EV,4945,,-13.0
EV,4302,,-12.0
WN,3636,Southwest Airlines,66.0
UA,682,United Airlines,2.0
UA,549,United Airlines,125.0
B6,1634,JetBlue Airways,-9.0
AA,1829,American Airlines,-10.0
DL,1144,Delta Air Lines,-11.0
DL,2289,Delta Air Lines,20.0
DL,176,Delta Air Lines,-25.0
OO,4554,,-23.0
WN,4814,Southwest Airlines,-15.0
AA,1951,American Airlines,-15.0
EV,4864,,-6.0
DL,945,Delta Air Lines,54.0
WN,557,Southwest Airlines,11.0
F9,557,Frontier Airlines,7.0
OO,6502,,14.0
AA,1150,American Airlines,-9.0
EV,4089,,-1.0
EV,5192,,-21.0
WN,1671,Southwest Airlines,-15.0
UA,1184,United Airlines,16.0
HA,123,Hawaiian Airlines,-6.0
UA,1534,United Airlines,134.0
OO,4475,,15.0
MQ,3637,,-18.0
MQ,3256,,19.0
EV,4352,,-19.0
AA,1324,American Airlines,
MQ,3207,,-3.0
DL,1687,Delta Air Lines,-27.0
OO,6200,,9.0
AA,1044,American Airlines,-3.0
DL,2147,Delta Air Lines,7.0
MQ,2942,,-17.0
DL,61,Delta Air Lines,-22.0
UA,1597,United Airlines,171.0
MQ,3491,,-7.0
DL,1626,Delta Air Lines,-13.0
OO,5510,,29.0
WN,2868,Southwest Airlines,-21.0
WN,1844,Southwest Airlines,19.0
WN,682,Southwest Airlines,3.0
WN,2739,Southwest Airlines,199.0
DL,1714,Delta Air Lines,-20.0
HA,43,Hawaiian Airlines,-4.0
DL,1119,Delta Air Lines,-22.0
US,2069,,-23.0
DL,1746,Delta Air Lines,1.0
UA,2007,United Airlines,-12.0
AS,730,Alaska Airlines,7.0
US,2133,,-22.0
US,2177,,-19.0
AA,31,American Airlines,-13.0
WN,3497,Southwest Airlines,0.0
WN,534,Southwest Airlines,-23.0
OO,5295,,-10.0
UA,1793,United Airlines,-27.0
OO,7401,,-8.0
AS,76,Alaska Airlines,-13.0
OO,5509,,-17.0
B6,570,JetBlue Airways,-7.0
DL,2128,Delta Air Lines,-1.0
UA,1656,United Airlines,-10.0
DL,221,Delta Air Lines,-38.0
OO,5398,,-13.0
AA,2384,American Airlines,4.0
UA,1665,United Airlines,12.0
WN,492,Southwest Airlines,20.0
WN,1813,Southwest Airlines,-13.0
WN,1711,Southwest Airlines,-4.0
AA,317,American Airlines,-3.0
WN,4368,Southwest Airlines,-12.0
DL,1525,Delta Air Lines,-11.0
WN,4219,Southwest Airlines,-3.0
B6,862,JetBlue Airways,8.0
WN,912,Southwest Airlines,23.0
EV,5937,,-13.0
MQ,3494,,-24.0
UA,1268,United Airlines,-18.0
EV,5356,,31.0
UA,1428,United Airlines,-11.0
B6,282,JetBlue Airways,20.0
OO,5398,,0.0
EV,6049,,4.0
WN,1781,Southwest Airlines,-22.0
WN,152,Southwest Airlines,31.0
EV,2530,,-11.0
OO,2808,,1.0
F9,1106,Frontier Airlines,-9.0
US,1901,,-13.0
WN,1208,Southwest Airlines,-3.0
EV,2779,,144.0
DL,2475,Delta Air Lines,-23.0
WN,1785,Southwest Airlines,
AA,2092,American Airlines,-14.0
DL,2479,Delta Air Lines,-7.0
EV,4255,,-20.0
WN,505,Southwest Airlines,16.0
DL,2484,Delta Air Lines,-8.0
OO,5236,,2.0
DL,1152,Delta Air Lines,-23.0
OO,5204,,-5.0
DL,1370,Delta Air Lines,-16.0
WN,426,Southwest Airlines,19.0
AA,1512,American Airlines,-5.0
MQ,3655,,-7.0
AA,2312,American Airlines,-13.0
OO,4839,,-22.0
WN,4434,Southwest Airlines,22.0
HA,297,Hawaiian Airlines,18.0
WN,1428,Southwest Airlines,-10.0
WN,4248,Southwest Airlines,-9.0
DL,999,Delta Air Lines,-9.0
EV,5064,,-2.0
OO,4839,,10.0
MQ,3222,,-15.0
WN,1702,Southwest Airlines,-6.0
UA,1180,United Airlines,-17.0
MQ,3078,,-14.0
UA,1710,United Airlines,-15.0
UA,14,United Airlines,-15.0
WN,2582,Southwest Airlines,7.0
UA,340,United Airlines,-32.0
DL,2643,Delta Air Lines,-28.0
EV,4959,,-4.0
DL,1063,Delta Air Lines,-16.0
DL,2046,Delta Air Lines,-10.0
AA,193,American Airlines,-5.0
OO,5516,,-15.0
F9,720,Frontier Airlines,-13.0
DL,1901,Delta Air Lines,-24.0
DL,835,Delta Air Lines,-14.0
WN,382,Southwest Airlines,-6.0
WN,554,Southwest Airlines,-9.0
AA,1065,American Airlines,-8.0
DL,1835,Delta Air Lines,-25.0
WN,4285,Southwest Airlines,11.0
EV,5122,,-12.0
WN,1787,Southwest Airlines,66.0
NK,971,Spirit Airlines,-4.0
EV,2516,,-13.0
AA,2502,American Airlines,18.0
UA,1730,United Airlines,32.0
AA,102,American Airlines,-17.0
DL,1736,Delta Air Lines,-5.0
AA,1359,American Airlines,-10.0
OO,6263,,-9.0
US,2190,,7.0
WN,493,Southwest Airlines,-4.0
UA,1906,United Airlines,-29.0
EV,4639,,-8.0
WN,2135,Southwest Airlines,-3.0
EV,5472,,-12.0
WN,884,Southwest Airlines,-12.0
DL,2433,Delta Air Lines,-8.0
DL,21,Delta Air Lines,25.0
DL,1938,Delta Air Lines,118.0
DL,1247,Delta Air Lines,-19.0
UA,1164,United Airlines,-20.0
DL,2833,Delta Air Lines,-17.0
DL,1252,Delta Air Lines,-9.0
OO,3449,,-25.0
AA,1535,American Airlines,-18.0
EV,5892,,-25.0
AS,522,Alaska Airlines,-9.0
OO,4545,,14.0
DL,1291,Delta Air Lines,-15.0
WN,1796,Southwest Airlines,-22.0
UA,1699,United Airlines,19.0
EV,4222,,-32.0
UA,652,United Airlines,47.0
HA,11,Hawaiian Airlines,957.0
EV,5065,,148.0
DL,117,Delta Air Lines,-22.0
DL,1849,Delta Air Lines,4.0
UA,350,United Airlines,-25.0
HA,383,Hawaiian Airlines,2.0
NK,971,Spirit Airlines,-16.0
AA,1978,American Airlines,-3.0
AA,1298,American Airlines,-7.0
EV,4085,,-2.0
EV,4657,,-17.0
EV,4695,,67.0
DL,1852,Delta Air Lines,2.0
DL,1511,Delta Air Lines,-17.0
WN,1458,Southwest Airlines,24.0
UA,771,United Airlines,-17.0
WN,2315,Southwest Airlines,-5.0
AA,1483,American Airlines,-21.0
VX,717,Virgin America,-51.0
WN,2879,Southwest Airlines,-9.0
UA,1249,United Airlines,-15.0
UA,1931,United Airlines,-10.0
WN,1720,Southwest Airlines,-15.0
OO,6391,,-18.0
MQ,3085,,-7.0
F9,788,Frontier Airlines,23.0
DL,2021,Delta Air Lines,-18.0
DL,1563,Delta Air Lines,-15.0
DL,1687,Delta Air Lines,-1.0
OO,4985,,-12.0
EV,5496,,-3.0
AA,1483,American Airlines,-23.0
UA,1015,United Airlines,-10.0
DL,2208,Delta Air Lines,-11.0
UA,1462,United Airlines,-20.0
AA,134,American Airlines,52.0
WN,2470,Southwest Airlines,-6.0
DL,314,Delta Air Lines,-16.0
B6,1894,JetBlue Airways,-12.0
DL,1287,Delta Air Lines,-3.0
DL,507,Delta Air Lines,-10.0
EV,6117,,18.0
DL,1053,Delta Air Lines,19.0
DL,1174,Delta Air Lines,-54.0
OO,6369,,147.0
UA,1140,United Airlines,27.0
B6,2002,JetBlue Airways,-1.0
DL,1350,Delta Air Lines,4.0
AA,2126,American Airlines,-12.0
EV,5085,,-11.0
F9,1275,Frontier Airlines,-1.0
VX,204,Virgin America,-36.0
MQ,3471,,6.0
WN,2254,Southwest Airlines,-8.0
OO,4660,,5.0
DL,996,Delta Air Lines,-22.0
EV,4414,,106.0
OO,4500,,-9.0
AS,62,Alaska Airlines,-6.0
B6,932,JetBlue Airways,-10.0
OO,6409,,199.0
DL,1623,Delta Air Lines,38.0
MQ,3176,,-3.0
WN,608,Southwest Airlines,-11.0
DL,1248,Delta Air Lines,-12.0
WN,355,Southwest Airlines,-4.0
WN,4349,Southwest Airlines,-9.0
AA,627,American Airlines,10.0
EV,5170,,104.0
MQ,3112,,135.0
OO,5708,,-8.0
WN,2941,Southwest Airlines,7.0
EV,5318,,28.0
DL,2378,Delta Air Lines,1.0
WN,1651,Southwest Airlines,-27.0
WN,4546,Southwest Airlines,-3.0
OO,4587,,6.0
MQ,3177,,-16.0
OO,4567,,-29.0
AA,469,American Airlines,-20.0
MQ,3281,,2.0
B6,57,JetBlue Airways,-6.0
B6,778,JetBlue Airways,-1.0
B6,57,JetBlue Airways,-3.0
EV,2654,,3.0
OO,5486,,-17.0
DL,1699,Delta Air Lines,0.0
VX,169,Virgin America,227.0
AA,2404,American Airlines,-11.0
OO,5187,,9.0
DL,1758,Delta Air Lines,-11.0
WN,877,Southwest Airlines,24.0
OO,6211,,-16.0
WN,261,Southwest Airlines,68.0
WN,2591,Southwest Airlines,-16.0
WN,806,Southwest Airlines,72.0
DL,693,Delta Air Lines,-5.0
WN,866,Southwest Airlines,-16.0
WN,3949,Southwest Airlines,-24.0
EV,4506,,-18.0
WN,2508,Southwest Airlines,-12.0
EV,5199,,-16.0
DL,1420,Delta Air Lines,-15.0
DL,2011,Delta Air Lines,0.0
OO,5755,,10.0
AA,1952,American Airlines,-9.0
HA,207,Hawaiian Airlines,-7.0
WN,717,Southwest Airlines,-6.0
EV,4651,,7.0
EV,4860,,-26.0
DL,2533,Delta Air Lines,84.0
WN,137,Southwest Airlines,-11.0
OO,5523,,-5.0
B6,1125,JetBlue Airways,-20.0
B6,198,JetBlue Airways,-16.0
B6,285,JetBlue Airways,-13.0
WN,1524,Southwest Airlines,-24.0
WN,212,Southwest Airlines,37.0
WN,4026,Southwest Airlines,-2.0
OO,4560,,4.0
UA,1622,United Airlines,66.0
WN,839,Southwest Airlines,9.0
DL,200,Delta Air Lines,-13.0
DL,2835,Delta Air Lines,-1.0
AA,2339,American Airlines,-19.0
WN,828,Southwest Airlines,7.0
B6,2191,JetBlue Airways,5.0
WN,2786,Southwest Airlines,-9.0
WN,2762,Southwest Airlines,5.0
WN,4291,Southwest Airlines,-1.0
EV,4918,,-19.0
DL,2227,Delta Air Lines,-7.0
OO,5622,,-9.0
WN,1806,Southwest Airlines,-8.0
WN,554,Southwest Airlines,-13.0
UA,1165,United Airlines,13.0
EV,4226,,121.0
EV,4167,,139.0
B6,47,JetBlue Airways,-14.0
EV,4878,,-11.0
AS,660,Alaska Airlines,4.0
EV,4208,,-14.0
DL,2577,Delta Air Lines,-13.0
WN,904,Southwest Airlines,10.0
OO,6408,,17.0
AA,1449,American Airlines,21.0
MQ,3149,,16.0
DL,480,Delta Air Lines,-60.0
HA,267,Hawaiian Airlines,0.0
OO,5440,,-21.0
MQ,3395,,
WN,862,Southwest Airlines,-31.0
EV,5593,,-26.0
DL,1573,Delta Air Lines,-3.0
OO,6529,,-21.0
US,746,,-13.0
OO,5517,,-12.0
OO,2587,,-5.0
B6,2807,JetBlue Airways,3.0
WN,3154,Southwest Airlines,96.0
EV,4640,,-19.0
F9,702,Frontier Airlines,22.0
WN,4688,Southwest Airlines,6.0
DL,2405,Delta Air Lines,-11.0
MQ,3321,,-11.0
AA,1253,American Airlines,0.0
AA,1310,American Airlines,-22.0
B6,1,JetBlue Airways,3.0
AS,648,Alaska Airlines,-5.0
MQ,3253,,-11.0
EV,4651,,-9.0
UA,1031,United Airlines,1.0
WN,766,Southwest Airlines,4.0
F9,231,Frontier Airlines,14.0
US,654,,-8.0
DL,1449,Delta Air Lines,-21.0
DL,1749,Delta Air Lines,-14.0
DL,2600,Delta Air Lines,-16.0
WN,2353,Southwest Airlines,4.0
DL,1432,Delta Air Lines,-14.0
WN,1364,Southwest Airlines,6.0
WN,3839,Southwest Airlines,-4.0
WN,1961,Southwest Airlines,4.0
AA,2050,American Airlines,-3.0
EV,4389,,-28.0
NK,350,Spirit Airlines,
EV,5677,,-1.0
AA,1156,American Airlines,-11.0
AA,1011,American Airlines,-26.0
EV,5148,,-4.0
B6,1384,JetBlue Airways,95.0
UA,1246,United Airlines,-21.0
AA,1347,American Airlines,19.0
AA,2389,American Airlines,-16.0
DL,2672,Delta Air Lines,6.0
AA,755,American Airlines,4.0
MQ,3020,,
F9,335,Frontier Airlines,-10.0
F9,429,Frontier Airlines,-29.0
AA,2322,American Airlines,-16.0
WN,259,Southwest Airlines,-14.0
WN,2090,Southwest Airlines,23.0
UA,249,United Airlines,-10.0
AA,1317,American Airlines,-26.0
EV,5337,,-4.0
DL,575,Delta Air Lines,-6.0
WN,2635,Southwest Airlines,301.0
AA,383,American Airlines,
OO,6361,,-18.0
MQ,3576,,80.0
EV,5838,,9.0
UA,1814,United Airlines,15.0
EV,5165,,-12.0
MQ,3575,,11.0
MQ,3310,,-18.0
OO,5408,,-20.0
WN,137,Southwest Airlines,-5.0
WN,326,Southwest Airlines,3.0
AA,375,American Airlines,-11.0
B6,516,JetBlue Airways,-10.0
DL,2442,Delta Air Lines,39.0
MQ,3434,,1.0
UA,1871,United Airlines,16.0
VX,183,Virgin America,-27.0
WN,295,Southwest Airlines,26.0
EV,3827,,-23.0
US,1945,,6.0
AA,1014,American Airlines,-15.0
UA,239,United Airlines,-19.0
AS,409,Alaska Airlines,-9.0
WN,1271,Southwest Airlines,12.0
WN,731,Southwest Airlines,-19.0
WN,3404,Southwest Airlines,-3.0
WN,2766,Southwest Airlines,-19.0
OO,2873,,-5.0
DL,2244,Delta Air Lines,-4.0
EV,4262,,57.0
AA,1849,American Airlines,-9.0
EV,4580,,
AA,1246,American Airlines,-4.0
OO,2955,,-8.0
B6,1145,JetBlue Airways,-14.0
AA,1012,American Airlines,-9.0
AA,627,American Airlines,-10.0
US,2157,,
OO,4786,,6.0
EV,5795,,10.0
AS,809,Alaska Airlines,1.0
UA,596,United Airlines,-14.0
OO,2965,,109.0
WN,1144,Southwest Airlines,63.0
AA,1495,American Airlines,-5.0
DL,2502,Delta Air Lines,-1.0
AA,2442,American Airlines,-22.0
DL,1359,Delta Air Lines,-16.0
DL,1916,Delta Air Lines,-8.0
UA,367,United Airlines,
OO,6330,,-5.0
UA,609,United Airlines,-16.0
B6,2001,JetBlue Airways,-8.0
DL,412,Delta Air Lines,5.0
UA,1999,United Airlines,-26.0
UA,1958,United Airlines,24.0
MQ,3067,,-15.0
WN,3774,Southwest Airlines,-13.0
WN,3047,Southwest Airlines,46.0
AA,936,American Airlines,-7.0
WN,3473,Southwest Airlines,70.0
DL,2595,Delta Air Lines,-23.0
WN,3080,Southwest Airlines,-3.0
DL,1915,Delta Air Lines,8.0
AA,956,American Airlines,0.0
OO,7369,,-13.0
VX,945,Virgin America,-14.0
OO,5629,,3.0
OO,4612,,4.0
VX,713,Virgin America,-8.0
WN,2815,Southwest Airlines,215.0
AA,2517,American Airlines,7.0
UA,1158,United Airlines,8.0
AA,2333,American Airlines,-16.0
US,498,,27.0
WN,251,Southwest Airlines,-16.0
US,1781,,18.0
EV,4155,,-2.0
OO,4516,,-8.0
WN,430,Southwest Airlines,8.0
WN,1364,Southwest Airlines,6.0
MQ,2805,,115.0
WN,375,Southwest Airlines,24.0
WN,4587,Southwest Airlines,10.0
DL,508,Delta Air Lines,80.0
UA,739,United Airlines,-3.0
DL,1798,Delta Air Lines,7.0
UA,422,United Airlines,-9.0
EV,5088,,1.0
AA,2373,American Airlines,
WN,1807,Southwest Airlines,-11.0
UA,1918,United Airlines,-2.0
DL,1546,Delta Air Lines,-7.0
EV,3255,,-22.0
OO,5308,,-3.0
UA,1671,United Airlines,0.0
UA,1214,United Airlines,1.0
WN,718,Southwest Airlines,1.0
OO,4697,,-5.0
UA,454,United Airlines,-14.0
WN,2787,Southwest Airlines,73.0
DL,866,Delta Air Lines,-19.0
DL,2451,Delta Air Lines,-4.0
VX,204,Virgin America,-1.0
US,2113,,23.0
US,1773,,-10.0
MQ,2934,,-3.0
WN,492,Southwest Airlines,97.0
B6,280,JetBlue Airways,-14.0
WN,2775,Southwest Airlines,5.0
AS,69,Alaska Airlines,25.0
EV,5577,,-36.0
AA,2423,American Airlines,1.0
WN,3020,Southwest Airlines,-11.0
WN,1474,Southwest Airlines,-5.0
UA,268,United Airlines,-19.0
B6,1117,JetBlue Airways,-19.0
WN,280,Southwest Airlines,-18.0
MQ,3356,,-3.0
MQ,3097,,7.0
WN,2868,Southwest Airlines,7.0
HA,343,Hawaiian Airlines,-8.0
US,412,,-5.0
WN,1469,Southwest Airlines,-14.0
MQ,2943,,95.0
DL,1617,Delta Air Lines,-15.0
AA,1561,American Airlines,-9.0
EV,2720,,1.0
EV,3270,,-1.0
EV,5436,,25.0
DL,2243,Delta Air Lines,11.0
EV,2766,,-2.0
OO,5553,,3.0
OO,4598,,-3.0
WN,2612,Southwest Airlines,8.0
B6,972,JetBlue Airways,-16.0
EV,4453,,5.0
EV,5200,,47.0
WN,4838,Southwest Airlines,1.0
B6,570,JetBlue Airways,7.0
HA,357,Hawaiian Airlines,-1.0
F9,782,Frontier Airlines,-5.0
UA,1084,United Airlines,-6.0
WN,2039,Southwest Airlines,49.0
US,433,,1.0
UA,1947,United Airlines,-33.0
AA,317,American Airlines,-30.0
AS,84,Alaska Airlines,-16.0
AS,48,Alaska Airlines,-15.0
DL,1305,Delta Air Lines,-23.0
MQ,3439,,-16.0
DL,956,Delta Air Lines,12.0
DL,2400,Delta Air Lines,-9.0
WN,464,Southwest Airlines,-7.0
MQ,3152,,10.0
AA,703,American Airlines,-10.0
WN,429,Southwest Airlines,-8.0
DL,2405,Delta Air Lines,-34.0
VX,919,Virgin America,39.0
AS,131,Alaska Airlines,8.0
WN,2421,Southwest Airlines,-11.0
NK,357,Spirit Airlines,1.0
US,1735,,-19.0
DL,2153,Delta Air Lines,-5.0
US,626,,-8.0
US,2065,,-22.0
DL,1734,Delta Air Lines,-11.0
DL,189,Delta Air Lines,43.0
AS,238,Alaska Airlines,-9.0
US,1727,,-10.0
OO,5420,,0.0
WN,2367,Southwest Airlines,132.0
OO,6351,,-20.0
WN,393,Southwest Airlines,137.0
MQ,3471,,-23.0
EV,5784,,10.0
AS,843,Alaska Airlines,116.0
DL,1236,Delta Air Lines,-8.0
B6,2170,JetBlue Airways,-21.0
MQ,3402,,-19.0
WN,2585,Southwest Airlines,-13.0
WN,2851,Southwest Airlines,-19.0
EV,4935,,6.0
EV,5555,,-8.0
AA,2493,American Airlines,-8.0
MQ,2893,,
AA,167,American Airlines,-33.0
AA,1961,American Airlines,-5.0
EV,5398,,-4.0
B6,2101,JetBlue Airways,3.0
DL,2417,Delta Air Lines,-13.0
DL,1840,Delta Air Lines,3.0
EV,4325,,-2.0
DL,2469,Delta Air Lines,37.0
WN,948,Southwest Airlines,17.0
WN,110,Southwest Airlines,-13.0
OO,2962,,22.0
EV,5271,,-17.0
DL,2291,Delta Air Lines,-13.0
WN,5965,Southwest Airlines,-14.0
MQ,3116,,-14.0
EV,5128,,-14.0
WN,1528,Southwest Airlines,-11.0
AA,487,American Airlines,6.0
EV,4423,,-1.0
AA,1684,American Airlines,-11.0
DL,1858,Delta Air Lines,12.0
OO,5186,,3.0
EV,5035,,-7.0
AA,2444,American Airlines,92.0
DL,1978,Delta Air Lines,-10.0
WN,2361,Southwest Airlines,1.0
B6,380,JetBlue Airways,-12.0
EV,4385,,-21.0
HA,194,Hawaiian Airlines,4.0
NK,450,Spirit Airlines,16.0
WN,113,Southwest Airlines,54.0
AS,304,Alaska Airlines,-10.0
OO,6301,,-14.0
OO,6192,,-14.0
VX,1489,Virgin America,8.0
AA,1063,American Airlines,-6.0
AA,851,American Airlines,-19.0
UA,562,United Airlines,9.0
AA,2302,American Airlines,9.0
EV,6115,,61.0
WN,3845,Southwest Airlines,-4.0
DL,1199,Delta Air Lines,-9.0
US,763,,-6.0
EV,2851,,-15.0
B6,2668,JetBlue Airways,-7.0
EV,4376,,-16.0
F9,242,Frontier Airlines,-9.0
EV,4191,,
MQ,3170,,-21.0
OO,4597,,8.0
UA,253,United Airlines,-20.0
WN,3415,Southwest Airlines,-27.0
WN,1834,Southwest Airlines,-10.0
UA,1262,United Airlines,14.0
VX,906,Virgin America,-10.0
DL,109,Delta Air Lines,-11.0
AA,179,American Airlines,-11.0
WN,2513,Southwest Airlines,-6.0
UA,1778,United Airlines,-10.0
WN,3320,Southwest Airlines,2.0
EV,4243,,-11.0
DL,2379,Delta Air Lines,-12.0
WN,2793,Southwest Airlines,-37.0
UA,296,United Airlines,17.0
AS,14,Alaska Airlines,0.0
WN,3329,Southwest Airlines,0.0
AA,1218,American Airlines,-2.0
WN,474,Southwest Airlines,111.0
WN,2961,Southwest Airlines,-15.0
NK,357,Spirit Airlines,-9.0
WN,901,Southwest Airlines,-5.0
US,458,,-5.0
AA,1551,American Airlines,-17.0
OO,4649,,-4.0
WN,283,Southwest Airlines,-18.0
OO,5171,,-25.0
EV,4909,,
EV,4294,,-23.0
AS,483,Alaska Airlines,-25.0
AA,1300,American Airlines,-26.0
MQ,3296,,9.0
WN,1536,Southwest Airlines,-10.0
DL,733,Delta Air Lines,-15.0
EV,5087,,41.0
US,435,,-14.0
OO,7402,,6.0
UA,1629,United Airlines,-5.0
DL,303,Delta Air Lines,-11.0
NK,103,Spirit Airlines,19.0
EV,5996,,-9.0
UA,1402,United Airlines,2.0
B6,1410,JetBlue Airways,-27.0
OO,5507,,-21.0
EV,5934,,-16.0
NK,736,Spirit Airlines,37.0
AA,2299,American Airlines,-13.0
OO,2913,,-1.0
MQ,3502,,5.0
DL,2556,Delta Air Lines,9.0
US,500,,-8.0
OO,6302,,-24.0
AA,1777,American Airlines,33.0
DL,1233,Delta Air Lines,-3.0
B6,1634,JetBlue Airways,-12.0
WN,3598,Southwest Airlines,-7.0
B6,1967,JetBlue Airways,29.0
OO,2848,,24.0
EV,4764,,-5.0
AS,603,Alaska Airlines,2.0
WN,3578,Southwest Airlines,173.0
DL,976,Delta Air Lines,-13.0
DL,952,Delta Air Lines,12.0
DL,2597,Delta Air Lines,4.0
DL,1262,Delta Air Lines,3.0
WN,941,Southwest Airlines,-9.0
OO,2869,,27.0
AA,406,American Airlines,9.0
F9,760,Frontier Airlines,-2.0
WN,2056,Southwest Airlines,-15.0
WN,793,Southwest Airlines,-10.0
UA,426,United Airlines,-13.0
AA,1191,American Airlines,81.0
UA,575,United Airlines,-14.0
AA,1482,American Airlines,-9.0
WN,1136,Southwest Airlines,8.0
WN,2151,Southwest Airlines,-14.0
MQ,3208,,-1.0
WN,2471,Southwest Airlines,2.0
WN,367,Southwest Airlines,10.0
AA,53,American Airlines,-4.0
WN,4830,Southwest Airlines,-3.0
B6,2020,JetBlue Airways,-6.0
WN,3237,Southwest Airlines,3.0
WN,593,Southwest Airlines,13.0
WN,3848,Southwest Airlines,13.0
DL,2672,Delta Air Lines,103.0
AS,37,Alaska Airlines,8.0
AA,1280,American Airlines,-27.0
EV,2656,,-7.0
AA,2513,American Airlines,-15.0
WN,2799,Southwest Airlines,13.0
EV,3258,,10.0
MQ,2915,,
AA,187,American Airlines,47.0
OO,5595,,13.0
UA,1908,United Airlines,198.0
MQ,2948,,36.0
WN,1481,Southwest Airlines,-9.0
AA,1590,American Airlines,22.0
DL,1676,Delta Air Lines,30.0
DL,2467,Delta Air Lines,64.0
OO,6337,,-8.0
DL,379,Delta Air Lines,11.0
AA,1939,American Airlines,-13.0
WN,788,Southwest Airlines,-6.0
WN,3224,Southwest Airlines,0.0
OO,5558,,0.0
DL,1386,Delta Air Lines,-18.0
OO,4846,,
EV,5052,,13.0
AA,1880,American Airlines,-2.0
MQ,3119,,-15.0
UA,1747,United Airlines,-18.0
US,443,,23.0
DL,772,Delta Air Lines,-10.0
AA,1445,American Airlines,-7.0
DL,1671,Delta Air Lines,-34.0
OO,4460,,-18.0
WN,4333,Southwest Airlines,-5.0
WN,2140,Southwest Airlines,-7.0
DL,1328,Delta Air Lines,10.0
AS,336,Alaska Airlines,7.0
B6,783,JetBlue Airways,133.0
MQ,3039,,112.0
WN,1878,Southwest Airlines,8.0
DL,2837,Delta Air Lines,-17.0
UA,552,United Airlines,-14.0
OO,5201,,-19.0
UA,1719,United Airlines,-20.0
MQ,3628,,-4.0
DL,30,Delta Air Lines,-14.0
WN,945,Southwest Airlines,-5.0
WN,368,Southwest Airlines,-5.0
MQ,2946,,-6.0
HA,396,Hawaiian Airlines,8.0
AA,25,American Airlines,11.0
AS,47,Alaska Airlines,3.0
DL,2609,Delta Air Lines,13.0
DL,2105,Delta Air Lines,48.0
OO,7381,,6.0
WN,1292,Southwest Airlines,-17.0
WN,4781,Southwest Airlines,-6.0
WN,3044,Southwest Airlines,-13.0
US,647,,32.0
AA,2354,American Airlines,19.0
OO,2752,,0.0
DL,2337,Delta Air Lines,-24.0
WN,1618,Southwest Airlines,-24.0
OO,6204,,-30.0
OO,5640,,-24.0
EV,4199,,-21.0
F9,334,Frontier Airlines,17.0
AA,688,American Airlines,-15.0
DL,934,Delta Air Lines,-11.0
WN,329,Southwest Airlines,2.0
DL,2033,Delta Air Lines,-8.0
WN,2140,Southwest Airlines,-11.0
VX,1943,Virgin America,7.0
WN,4084,Southwest Airlines,41.0
WN,1199,Southwest Airlines,-8.0
EV,5581,,11.0
DL,754,Delta Air Lines,-29.0
OO,4511,,9.0
DL,2687,Delta Air Lines,-6.0
AA,434,American Airlines,0.0
US,510,,-8.0
OO,5181,,-2.0
OO,5499,,-2.0
EV,4576,,1.0
DL,2209,Delta Air Lines,16.0
EV,5124,,115.0
MQ,3288,,-10.0
EV,6011,,198.0
DL,1529,Delta Air Lines,3.0
EV,4198,,12.0
B6,470,JetBlue Airways,-9.0
EV,4450,,-4.0
DL,1361,Delta Air Lines,67.0
AA,1020,American Airlines,71.0
AA,443,American Airlines,-11.0
EV,4959,,-16.0
NK,315,Spirit Airlines,-18.0
OO,5249,,-37.0
UA,1424,United Airlines,16.0
WN,1798,Southwest Airlines,-21.0
AA,169,American Airlines,11.0
EV,6037,,-7.0
EV,2557,,21.0
MQ,3056,,5.0
OO,3460,,45.0
UA,1710,United Airlines,-1.0
WN,411,Southwest Airlines,16.0
DL,1501,Delta Air Lines,-17.0
US,2143,,-8.0
UA,1649,United Airlines,6.0
OO,2882,,-12.0
F9,1246,Frontier Airlines,40.0
WN,1447,Southwest Airlines,-9.0
UA,1180,United Airlines,-22.0
DL,1174,Delta Air Lines,-15.0
DL,2030,Delta Air Lines,2.0
EV,5597,,-16.0
EV,4205,,
OO,6520,,-1.0
WN,593,Southwest Airlines,-17.0
AA,1484,American Airlines,-9.0
UA,1657,United Airlines,11.0
OO,5329,,83.0
OO,4679,,3.0
UA,423,United Airlines,-12.0
AA,1896,American Airlines,2.0
WN,1583,Southwest Airlines,-13.0
DL,1110,Delta Air Lines,3.0
DL,1265,Delta Air Lines,-4.0
EV,4627,,93.0
F9,1062,Frontier Airlines,18.0
WN,1589,Southwest Airlines,49.0
WN,542,Southwest Airlines,-8.0
EV,4314,,34.0
B6,24,JetBlue Airways,51.0
OO,4704,,
EV,5356,,-16.0
US,579,,9.0
OO,4615,,14.0
WN,3439,Southwest Airlines,41.0
US,667,,-10.0
WN,1425,Southwest Airlines,12.0
EV,5981,,-20.0
WN,530,Southwest Airlines,
WN,4374,Southwest Airlines,
WN,871,Southwest Airlines,-16.0
WN,3137,Southwest Airlines,14.0
AA,146,American Airlines,-34.0
WN,2880,Southwest Airlines,-19.0
WN,2761,Southwest Airlines,25.0
DL,1366,Delta Air Lines,-24.0
UA,1271,United Airlines,-25.0
MQ,3113,,15.0
US,1757,,-17.0
UA,1288,United Airlines,0.0
AA,1124,American Airlines,-29.0
UA,737,United Airlines,1.0
AS,108,Alaska Airlines,-12.0
AA,1712,American Airlines,-14.0
WN,478,Southwest Airlines,9.0
WN,3301,Southwest Airlines,4.0
F9,1128,Frontier Airlines,15.0
OO,2781,,-11.0
AA,2337,American Airlines,1.0
OO,6356,,-10.0
US,1970,,1.0
DL,2525,Delta Air Lines,-10.0
WN,341,Southwest Airlines,194.0
B6,1933,JetBlue Airways,66.0
B6,1035,JetBlue Airways,-14.0
EV,5206,,134.0
NK,1104,Spirit Airlines,49.0
VX,161,Virgin America,0.0
B6,1252,JetBlue Airways,-22.0
AA,1366,American Airlines,-15.0
AS,646,Alaska Airlines,-2.0
WN,1626,Southwest Airlines,173.0
MQ,3071,,0.0
EV,4630,,-5.0
EV,5266,,-4.0
AA,1221,American Airlines,62.0
HA,397,Hawaiian Airlines,-12.0
OO,5478,,-8.0
WN,1412,Southwest Airlines,-21.0
US,2063,,44.0
UA,738,United Airlines,11.0
UA,1980,United Airlines,-17.0
OO,4517,,-22.0
OO,5345,,-13.0
DL,760,Delta Air Lines,-13.0
OO,4659,,-12.0
UA,1644,United Airlines,2.0
AA,98,American Airlines,78.0
MQ,3160,,-20.0
DL,589,Delta Air Lines,-16.0
B6,717,JetBlue Airways,-13.0
MQ,3242,,-3.0
HA,16,Hawaiian Airlines,23.0
AA,1600,American Airlines,1.0
EV,2757,,-12.0
DL,1835,Delta Air Lines,-9.0
WN,500,Southwest Airlines,17.0
WN,705,Southwest Airlines,-11.0
AS,855,Alaska Airlines,-17.0
AA,1059,American Airlines,20.0
WN,4219,Southwest Airlines,-12.0
AA,392,American Airlines,-22.0
WN,436,Southwest Airlines,-22.0
OO,4603,,-21.0
OO,2873,,23.0
WN,3643,Southwest Airlines,-5.0
MQ,3397,,0.0
OO,7382,,-47.0
MQ,3185,,-9.0
EV,5171,,-9.0
UA,604,United Airlines,-13.0
WN,593,Southwest Airlines,16.0
DL,1619,Delta Air Lines,-25.0
F9,739,Frontier Airlines,-10.0
AA,2263,American Airlines,0.0
AA,1512,American Airlines,-15.0
B6,775,JetBlue Airways,22.0
WN,1980,Southwest Airlines,-13.0
AA,1908,American Airlines,-8.0
EV,4435,,-8.0
B6,272,JetBlue Airways,-3.0
WN,1285,Southwest Airlines,-14.0
US,896,,-20.0
OO,6263,,-11.0
WN,778,Southwest Airlines,-4.0
AA,2339,American Airlines,62.0
AA,1168,American Airlines,53.0
AA,2386,American Airlines,-16.0
OO,6369,,-4.0
B6,1447,JetBlue Airways,-29.0
NK,106,Spirit Airlines,-20.0
EV,5214,,52.0
EV,6166,,-8.0
DL,652,Delta Air Lines,-18.0
WN,2849,Southwest Airlines,-6.0
DL,1543,Delta Air Lines,-19.0
DL,2311,Delta Air Lines,1.0
UA,692,United Airlines,-21.0
HA,50,Hawaiian Airlines,-5.0
UA,73,United Airlines,-12.0
UA,430,United Airlines,-17.0
B6,2054,JetBlue Airways,-2.0
EV,3950,,-5.0
WN,32,Southwest Airlines,3.0
DL,1246,Delta Air Lines,1.0
UA,597,United Airlines,-7.0
WN,3131,Southwest Airlines,15.0
OO,5501,,157.0
WN,297,Southwest Airlines,-6.0
VX,925,Virgin America,-11.0
UA,674,United Airlines,-29.0
DL,1801,Delta Air Lines,-14.0
EV,2772,,-24.0
WN,993,Southwest Airlines,3.0
WN,836,Southwest Airlines,-2.0
AA,2165,American Airlines,4.0
WN,910,Southwest Airlines,-12.0
OO,7364,,-10.0
AA,1173,American Airlines,-7.0
EV,4721,,36.0
B6,24,JetBlue Airways,-41.0
AA,528,American Airlines,5.0
UA,1416,United Airlines,-3.0
US,2005,,1.0
DL,991,Delta Air Lines,-18.0
AA,1565,American Airlines,-6.0
DL,1462,Delta Air Lines,-21.0
WN,1080,Southwest Airlines,34.0
WN,806,Southwest Airlines,-2.0
UA,336,United Airlines,-22.0
B6,160,JetBlue Airways,-10.0
DL,1160,Delta Air Lines,-20.0
DL,812,Delta Air Lines,-15.0
VX,12,Virgin America,-3.0
MQ,3419,,-21.0
WN,667,Southwest Airlines,7.0
DL,846,Delta Air Lines,-1.0
WN,793,Southwest Airlines,-17.0
AA,795,American Airlines,-24.0
EV,4727,,-1.0
WN,3158,Southwest Airlines,1.0
UA,1150,United Airlines,-13.0
AA,2280,American Airlines,10.0
WN,123,Southwest Airlines,-2.0
WN,3104,Southwest Airlines,-13.0
WN,803,Southwest Airlines,221.0
WN,4366,Southwest Airlines,-3.0
OO,4488,,11.0
DL,2242,Delta Air Lines,-20.0
WN,2715,Southwest Airlines,20.0
WN,2298,Southwest Airlines,-6.0
AA,1882,American Airlines,-8.0
WN,2105,Southwest Airlines,-14.0
AA,344,American Airlines,2.0
WN,3299,Southwest Airlines,0.0
OO,4465,,14.0
WN,3739,Southwest Airlines,-14.0
WN,782,Southwest Airlines,-15.0
US,2143,,
WN,595,Southwest Airlines,-11.0
AA,1412,American Airlines,70.0
MQ,3543,,21.0
AA,2139,American Airlines,2.0
DL,1803,Delta Air Lines,-7.0
UA,1914,United Airlines,-9.0
AA,2293,American Airlines,-23.0
EV,6117,,6.0
WN,40,Southwest Airlines,186.0
WN,4749,Southwest Airlines,-23.0
MQ,3255,,-3.0
AS,667,Alaska Airlines,31.0
DL,1524,Delta Air Lines,-22.0
DL,2229,Delta Air Lines,28.0
AA,1260,American Airlines,-38.0
AS,466,Alaska Airlines,17.0
US,696,,-24.0
WN,255,Southwest Airlines,-16.0
WN,391,Southwest Airlines,17.0
HA,2,Hawaiian Airlines,64.0
AA,432,American Airlines,-31.0
HA,333,Hawaiian Airlines,-2.0
EV,5109,,-20.0
NK,675,Spirit Airlines,-11.0
DL,1216,Delta Air Lines,-16.0
WN,495,Southwest Airlines,
VX,315,Virgin America,-13.0
HA,26,Hawaiian Airlines,-5.0
DL,458,Delta Air Lines,-22.0
B6,1203,JetBlue Airways,-7.0
EV,5595,,4.0
DL,2210,Delta Air Lines,-2.0
AA,1215,American Airlines,21.0
B6,114,JetBlue Airways,-11.0
OO,2753,,4.0
MQ,3251,,-20.0
WN,2513,Southwest Airlines,0.0
OO,4593,,4.0
AA,1068,American Airlines,-14.0
MQ,3564,,47.0
F9,1007,Frontier Airlines,9.0
US,483,,-27.0
OO,6439,,-9.0
WN,4132,Southwest Airlines,19.0
OO,4562,,-5.0
DL,1570,Delta Air Lines,21.0
B6,599,JetBlue Airways,14.0
UA,1285,United Airlines,-15.0
WN,1099,Southwest Airlines,-1.0
DL,1190,Delta Air Lines,-11.0
EV,5368,,-6.0
OO,5412,,0.0
UA,1582,United Airlines,-9.0
B6,1383,JetBlue Airways,-4.0
B6,1580,JetBlue Airways,
DL,650,Delta Air Lines,0.0
DL,2260,Delta Air Lines,0.0
EV,5167,,3.0
DL,1585,Delta Air Lines,24.0
WN,4025,Southwest Airlines,6.0
EV,2574,,-12.0
AA,2271,American Airlines,
UA,1230,United Airlines,-13.0
WN,397,Southwest Airlines,19.0
EV,5149,,74.0
OO,5326,,7.0
DL,1509,Delta Air Lines,-11.0
MQ,3417,,-4.0
DL,2444,Delta Air Lines,31.0
UA,744,United Airlines,38.0
AA,263,American Airlines,-17.0
UA,791,United Airlines,-4.0
WN,3032,Southwest Airlines,5.0
MQ,2931,,40.0
UA,480,United Airlines,-14.0
EV,6070,,-23.0
AA,1576,American Airlines,-8.0
DL,466,Delta Air Lines,-23.0
DL,2235,Delta Air Lines,-44.0
AA,2174,American Airlines,29.0
DL,1637,Delta Air Lines,-11.0
EV,5590,,-5.0
DL,1072,Delta Air Lines,9.0
OO,6198,,76.0
AA,2494,American Airlines,5.0
DL,326,Delta Air Lines,2.0
WN,2180,Southwest Airlines,24.0
AA,327,American Airlines,-20.0
UA,1729,United Airlines,18.0
MQ,3559,,2.0
B6,624,JetBlue Airways,2.0
AA,395,American Airlines,-27.0
AA,1233,American Airlines,-13.0
EV,5363,,9.0
UA,1682,United Airlines,17.0
EV,4915,,11.0
VX,358,Virgin America,-25.0
UA,1450,United Airlines,33.0
EV,4540,,15.0
UA,760,United Airlines,19.0
UA,2019,United Airlines,-15.0
OO,4501,,-6.0
WN,153,Southwest Airlines,-6.0
WN,2889,Southwest Airlines,1.0
NK,713,Spirit Airlines,223.0
MQ,3327,,-15.0
EV,6131,,-5.0
US,437,,-5.0
AA,1367,American Airlines,3.0
DL,673,Delta Air Lines,-13.0
MQ,3044,,
EV,2670,,31.0
OO,2956,,-7.0
EV,6178,,-16.0
OO,2940,,22.0
WN,1748,Southwest Airlines,1.0
EV,5538,,-7.0
UA,349,United Airlines,-4.0
DL,845,Delta Air Lines,-12.0
F9,422,Frontier Airlines,11.0
UA,383,United Airlines,-38.0
DL,437,Delta Air Lines,4.0
AA,331,American Airlines,-20.0
OO,6291,,
EV,4350,,5.0
WN,356,Southwest Airlines,282.0
OO,4751,,-13.0
UA,1593,United Airlines,32.0
WN,574,Southwest Airlines,0.0
UA,1598,United Airlines,-4.0
AA,129,American Airlines,-11.0
OO,4734,,-13.0
MQ,3042,,-15.0
AA,1070,American Airlines,-10.0
AA,2371,American Airlines,-7.0
UA,1647,United Airlines,4.0
UA,533,United Airlines,-22.0
WN,4337,Southwest Airlines,-9.0
WN,3747,Southwest Airlines,-7.0
DL,1465,Delta Air Lines,-16.0
HA,50,Hawaiian Airlines,-31.0
EV,4350,,-9.0
US,1896,,114.0
HA,16,Hawaiian Airlines,-11.0
F9,1265,Frontier Airlines,0.0
EV,4531,,-21.0
MQ,3088,,-12.0
DL,1990,Delta Air Lines,-18.0
OO,6447,,21.0
WN,717,Southwest Airlines,-9.0
OO,5226,,-7.0
WN,2394,Southwest Airlines,12.0
EV,4727,,14.0
AS,428,Alaska Airlines,-9.0
MQ,3550,,-19.0
B6,23,JetBlue Airways,-14.0
AA,1354,American Airlines,-13.0
US,1829,,-11.0
WN,5,Southwest Airlines,-6.0
MQ,3160,,-9.0
DL,2034,Delta Air Lines,-23.0
DL,1841,Delta Air Lines,-38.0
UA,1196,United Airlines,249.0
US,498,,-1.0
AA,227,American Airlines,17.0
AA,1183,American Airlines,-15.0
DL,1687,Delta Air Lines,-17.0
B6,154,JetBlue Airways,1.0
AS,404,Alaska Airlines,-10.0
DL,1119,Delta Air Lines,-17.0
AA,2259,American Airlines,-12.0
DL,755,Delta Air Lines,4.0
B6,1182,JetBlue Airways,-10.0
WN,193,Southwest Airlines,51.0
NK,971,Spirit Airlines,-4.0
OO,5518,,-1.0
EV,4305,,-7.0
AS,69,Alaska Airlines,13.0
DL,2593,Delta Air Lines,-9.0
DL,228,Delta Air Lines,-21.0
AA,2311,American Airlines,-14.0
DL,1292,Delta Air Lines,-10.0
WN,2340,Southwest Airlines,-5.0
UA,1584,United Airlines,69.0
DL,1735,Delta Air Lines,-6.0
WN,482,Southwest Airlines,12.0
DL,1144,Delta Air Lines,-20.0
F9,248,Frontier Airlines,2.0
AA,2472,American Airlines,-1.0
UA,257,United Airlines,-4.0
WN,2300,Southwest Airlines,3.0
DL,2314,Delta Air Lines,-9.0
UA,447,United Airlines,
EV,4352,,-36.0
WN,252,Southwest Airlines,95.0
AS,760,Alaska Airlines,30.0
DL,1122,Delta Air Lines,-16.0
VX,416,Virgin America,-11.0
WN,1133,Southwest Airlines,32.0
DL,1307,Delta Air Lines,5.0
US,1926,,15.0
WN,527,Southwest Airlines,-33.0
WN,1302,Southwest Airlines,-2.0
AA,233,American Airlines,-13.0
WN,1253,Southwest Airlines,-11.0
UA,1231,United Airlines,-28.0
WN,1093,Southwest Airlines,-17.0
AA,19,American Airlines,19.0
WN,347,Southwest Airlines,-2.0
OO,5454,,-5.0
DL,726,Delta Air Lines,-20.0
B6,532,JetBlue Airways,-8.0
AA,93,American Airlines,27.0
B6,347,JetBlue Airways,-6.0
OO,5497,,-4.0
AS,639,Alaska Airlines,10.0
DL,1484,Delta Air Lines,-12.0
WN,2952,Southwest Airlines,3.0
WN,2783,Southwest Airlines,12.0
MQ,3166,,2.0
OO,4619,,145.0
OO,4524,,-17.0
UA,1583,United Airlines,17.0
US,542,,0.0
DL,2216,Delta Air Lines,8.0
EV,4093,,-8.0
OO,5775,,-8.0
NK,319,Spirit Airlines,246.0
WN,1499,Southwest Airlines,7.0
WN,192,Southwest Airlines,20.0
DL,1765,Delta Air Lines,0.0
UA,406,United Airlines,-11.0
WN,4511,Southwest Airlines,0.0
WN,3330,Southwest Airlines,173.0
WN,2875,Southwest Airlines,-13.0
DL,2016,Delta Air Lines,39.0
UA,1846,United Airlines,-24.0
OO,6201,,-3.0
AA,437,American Airlines,-7.0
EV,4448,,-14.0
NK,110,Spirit Airlines,-14.0
AS,105,Alaska Airlines,42.0
MQ,3151,,32.0
AS,464,Alaska Airlines,8.0
OO,2950,,-20.0
WN,3474,Southwest Airlines,-9.0
WN,816,Southwest Airlines,2.0
WN,2236,Southwest Airlines,197.0
DL,1742,Delta Air Lines,7.0
US,498,,0.0
DL,1957,Delta Air Lines,-14.0
OO,5614,,8.0
US,1976,,7.0
US,2027,,-16.0
UA,1274,United Airlines,-4.0
OO,6312,,-5.0
US,689,,-10.0
OO,2972,,27.0
UA,1278,United Airlines,1.0
AA,2354,American Airlines,-20.0
WN,36,Southwest Airlines,2.0
WN,1694,Southwest Airlines,75.0
B6,1089,JetBlue Airways,-15.0
NK,456,Spirit Airlines,29.0
HA,113,Hawaiian Airlines,-6.0
EV,6023,,-2.0
DL,1381,Delta Air Lines,116.0
AA,386,American Airlines,-2.0
MQ,3354,,5.0
EV,2542,,0.0
WN,2136,Southwest Airlines,5.0
UA,277,United Airlines,-21.0
AS,837,Alaska Airlines,4.0
AS,300,Alaska Airlines,-9.0
WN,253,Southwest Airlines,-10.0
DL,812,Delta Air Lines,-11.0
DL,1351,Delta Air Lines,62.0
HA,6,Hawaiian Airlines,-5.0
AA,1408,American Airlines,-13.0
OO,6383,,-10.0
WN,524,Southwest Airlines,2.0
DL,833,Delta Air Lines,0.0
DL,2294,Delta Air Lines,-4.0
WN,1982,Southwest Airlines,-2.0
WN,3426,Southwest Airlines,0.0
UA,1296,United Airlines,-15.0
WN,793,Southwest Airlines,-12.0
DL,480,Delta Air Lines,-1.0
WN,1573,Southwest Airlines,-14.0
WN,2715,Southwest Airlines,-17.0
OO,7378,,
WN,344,Southwest Airlines,-17.0
EV,5593,,0.0
EV,4537,,5.0
WN,583,Southwest Airlines,22.0
DL,1285,Delta Air Lines,-18.0
WN,3212,Southwest Airlines,-12.0
DL,433,Delta Air Lines,-2.0
DL,1187,Delta Air Lines,-12.0
WN,498,Southwest Airlines,-5.0
DL,630,Delta Air Lines,-5.0
DL,2511,Delta Air Lines,-8.0
DL,1405,Delta Air Lines,4.0
DL,1117,Delta Air Lines,30.0
WN,1722,Southwest Airlines,-15.0
WN,777,Southwest Airlines,-16.0
EV,4354,,-11.0
AA,97,American Airlines,-13.0
DL,1315,Delta Air Lines,-10.0
WN,4729,Southwest Airlines,-25.0
DL,2300,Delta Air Lines,-24.0
EV,2570,,-11.0
UA,236,United Airlines,-19.0
UA,1704,United Airlines,3.0
AA,270,American Airlines,0.0
WN,2588,Southwest Airlines,0.0
DL,507,Delta Air Lines,34.0
OO,2927,,-27.0
DL,1534,Delta Air Lines,-9.0
US,2145,,-11.0
AA,529,American Airlines,-2.0
OO,2805,,2.0
B6,651,JetBlue Airways,-18.0
DL,1276,Delta Air Lines,-10.0
WN,1449,Southwest Airlines,-8.0
DL,2667,Delta Air Lines,-7.0
OO,6478,,-10.0
F9,556,Frontier Airlines,-22.0
EV,2657,,5.0
WN,2525,Southwest Airlines,25.0
DL,1119,Delta Air Lines,2.0
DL,2532,Delta Air Lines,-39.0
AA,408,American Airlines,-27.0
US,1784,,-5.0
UA,1931,United Airlines,-35.0
UA,1907,United Airlines,-25.0
NK,711,Spirit Airlines,-18.0
WN,1354,Southwest Airlines,36.0
F9,1251,Frontier Airlines,39.0
EV,5177,,-17.0
AA,2375,American Airlines,-8.0
OO,6309,,4.0
VX,161,Virgin America,6.0
WN,24,Southwest Airlines,50.0
AA,1193,American Airlines,-28.0
DL,1844,Delta Air Lines,-12.0
AA,2272,American Airlines,-16.0
OO,5443,,-7.0
DL,953,Delta Air Lines,-1.0
WN,4612,Southwest Airlines,20.0
F9,1287,Frontier Airlines,22.0
MQ,3335,,13.0
DL,2227,Delta Air Lines,-16.0
DL,2614,Delta Air Lines,-9.0
AS,51,Alaska Airlines,-19.0
DL,2476,Delta Air Lines,-23.0
B6,1616,JetBlue Airways,-13.0
DL,1110,Delta Air Lines,52.0
WN,537,Southwest Airlines,153.0
OO,6385,,-14.0
DL,2674,Delta Air Lines,21.0
WN,4712,Southwest Airlines,-12.0
DL,1623,Delta Air Lines,4.0
MQ,3546,,-7.0
UA,1158,United Airlines,-22.0
AA,1901,American Airlines,-4.0
F9,752,Frontier Airlines,1.0
B6,1161,JetBlue Airways,24.0
EV,5327,,-3.0
WN,1205,Southwest Airlines,-7.0
AA,1279,American Airlines,-11.0
WN,620,Southwest Airlines,-6.0
EV,5193,,-17.0
EV,4318,,-6.0
AA,598,American Airlines,7.0
MQ,3011,,-3.0
DL,1114,Delta Air Lines,7.0
DL,707,Delta Air Lines,18.0
AA,1216,American Airlines,34.0
WN,384,Southwest Airlines,-1.0
AS,623,Alaska Airlines,6.0
AA,1629,American Airlines,-2.0
WN,912,Southwest Airlines,-10.0
EV,5010,,11.0
AA,9,American Airlines,20.0
AA,8,American Airlines,-36.0
OO,2994,,-19.0
DL,2471,Delta Air Lines,7.0
DL,1990,Delta Air Lines,-5.0
OO,4607,,-9.0
OO,5283,,-2.0
UA,1477,United Airlines,-18.0
UA,702,United Airlines,-18.0
NK,469,Spirit Airlines,57.0
WN,416,Southwest Airlines,-24.0
DL,2021,Delta Air Lines,-27.0
AS,558,Alaska Airlines,40.0
EV,5098,,-6.0
HA,328,Hawaiian Airlines,12.0
B6,477,JetBlue Airways,31.0
WN,2243,Southwest Airlines,-9.0
UA,744,United Airlines,19.0
WN,48,Southwest Airlines,29.0
VX,411,Virgin America,-11.0
B6,160,JetBlue Airways,18.0
WN,1027,Southwest Airlines,-11.0
HA,344,Hawaiian Airlines,3.0
WN,1649,Southwest Airlines,-21.0
OO,5192,,-10.0
UA,1595,United Airlines,-13.0
UA,1278,United Airlines,-17.0
US,466,,22.0
DL,1281,Delta Air Lines,-20.0
WN,5858,Southwest Airlines,-11.0
AA,760,American Airlines,-17.0
OO,4719,,-4.0
MQ,3273,,-5.0
OO,4509,,-3.0
MQ,3072,,-20.0
WN,134,Southwest Airlines,-13.0
EV,5205,,29.0
DL,1373,Delta Air Lines,-7.0
DL,1559,Delta Air Lines,15.0
OO,5202,,35.0
OO,2618,,17.0
UA,753,United Airlines,11.0
WN,4744,Southwest Airlines,68.0
OO,5311,,-24.0
WN,351,Southwest Airlines,-5.0
UA,1854,United Airlines,3.0
EV,5094,,-20.0
WN,1225,Southwest Airlines,-9.0
WN,2972,Southwest Airlines,7.0
DL,1681,Delta Air Lines,-6.0
AA,1104,American Airlines,13.0
MQ,3304,,-22.0
UA,1579,United Airlines,-24.0
AA,258,American Airlines,-3.0
MQ,3291,,-19.0
DL,1663,Delta Air Lines,-13.0
AS,45,Alaska Airlines,-7.0
DL,2322,Delta Air Lines,0.0
OO,4981,,51.0
NK,654,Spirit Airlines,-13.0
AA,372,American Airlines,-7.0
DL,1474,Delta Air Lines,-8.0
AA,2304,American Airlines,27.0
AA,919,American Airlines,8.0
US,1998,,42.0
DL,1490,Delta Air Lines,-14.0
F9,300,Frontier Airlines,-9.0
WN,2020,Southwest Airlines,9.0
AA,151,American Airlines,17.0
F9,800,Frontier Airlines,-5.0
B6,276,JetBlue Airways,-16.0
UA,565,United Airlines,-1.0
DL,1523,Delta Air Lines,2.0
WN,1070,Southwest Airlines,5.0
WN,2499,Southwest Airlines,142.0
DL,2119,Delta Air Lines,-11.0
EV,4212,,-9.0
DL,1211,Delta Air Lines,1.0
WN,1961,Southwest Airlines,-19.0
MQ,3115,,
EV,4416,,39.0
UA,466,United Airlines,-8.0
EV,2616,,11.0
EV,5913,,-15.0
UA,633,United Airlines,70.0
DL,2126,Delta Air Lines,-7.0
WN,614,Southwest Airlines,-6.0
DL,2790,Delta Air Lines,1.0
AA,251,American Airlines,-6.0
DL,2301,Delta Air Lines,-4.0
AA,1338,American Airlines,-18.0
EV,5128,,8.0
UA,577,United Airlines,39.0
EV,4724,,5.0
OO,5184,,1.0
MQ,3253,,16.0
DL,2026,Delta Air Lines,-24.0
F9,808,Frontier Airlines,30.0
MQ,3036,,136.0
UA,421,United Airlines,-18.0
B6,1635,JetBlue Airways,219.0
AA,1402,American Airlines,22.0
OO,5498,,-2.0
UA,1643,United Airlines,-21.0
EV,2773,,32.0
HA,361,Hawaiian Airlines,-21.0
UA,791,United Airlines,-21.0
NK,318,Spirit Airlines,-10.0
DL,852,Delta Air Lines,-12.0
WN,4547,Southwest Airlines,-17.0
WN,160,Southwest Airlines,
WN,529,Southwest Airlines,31.0
EV,3941,,-3.0
WN,1890,Southwest Airlines,21.0
AS,633,Alaska Airlines,-3.0
HA,158,Hawaiian Airlines,-11.0
WN,3551,Southwest Airlines,-34.0
DL,2689,Delta Air Lines,61.0
MQ,3016,,-1.0
AA,756,American Airlines,105.0
WN,3762,Southwest Airlines,-6.0
WN,589,Southwest Airlines,65.0
WN,177,Southwest Airlines,-17.0
AS,51,Alaska Airlines,-3.0
DL,2330,Delta Air Lines,-15.0
DL,2229,Delta Air Lines,-15.0
DL,1276,Delta Air Lines,-25.0
B6,98,JetBlue Airways,-12.0
UA,222,United Airlines,-19.0
US,1949,,6.0
AA,2067,American Airlines,8.0
VX,923,Virgin America,7.0
DL,798,Delta Air Lines,-12.0
WN,1966,Southwest Airlines,-7.0
DL,1318,Delta Air Lines,-10.0
US,617,,-25.0
DL,1891,Delta Air Lines,-5.0
WN,344,Southwest Airlines,6.0
WN,1758,Southwest Airlines,8.0
UA,1144,United Airlines,-33.0
EV,4177,,163.0
AA,1265,American Airlines,-2.0
DL,159,Delta Air Lines,-16.0
OO,4611,,-7.0
WN,2408,Southwest Airlines,-19.0
WN,985,Southwest Airlines,-3.0
DL,1208,Delta Air Lines,-7.0
EV,3954,,-6.0
DL,1871,Delta Air Lines,-10.0
WN,227,Southwest Airlines,-24.0
MQ,3233,,8.0
F9,1034,Frontier Airlines,-20.0
AA,2234,American Airlines,-16.0
DL,1265,Delta Air Lines,0.0
VX,914,Virgin America,-16.0
UA,583,United Airlines,-14.0
OO,6392,,
B6,1198,JetBlue Airways,84.0
OO,5456,,8.0
WN,1590,Southwest Airlines,15.0
AA,2307,American Airlines,-23.0
EV,4298,,-8.0
DL,663,Delta Air Lines,-7.0
MQ,3287,,-6.0
WN,1520,Southwest Airlines,15.0
AA,794,American Airlines,-5.0
US,735,,83.0
UA,1901,United Airlines,-1.0
MQ,3584,,27.0
DL,1209,Delta Air Lines,-1.0
OO,7371,,-8.0
OO,2811,,-5.0
US,1764,,-8.0
WN,2140,Southwest Airlines,-27.0
AA,2182,American Airlines,48.0
AS,800,Alaska Airlines,-26.0
DL,2383,Delta Air Lines,-5.0
US,2051,,-3.0
DL,1418,Delta Air Lines,1.0
WN,1064,Southwest Airlines,5.0
WN,4415,Southwest Airlines,41.0
AA,2,American Airlines,-27.0
OO,4597,,-14.0
AS,143,Alaska Airlines,-14.0
OO,6304,,34.0
EV,4589,,-8.0
US,1759,,-13.0
EV,2500,,-1.0
OO,4445,,-11.0
OO,6264,,-9.0
VX,784,Virgin America,53.0
B6,1446,JetBlue Airways,-5.0
AA,196,American Airlines,79.0
WN,2911,Southwest Airlines,-7.0
AS,506,Alaska Airlines,-5.0
OO,4690,,
AA,1577,American Airlines,-16.0
WN,476,Southwest Airlines,109.0
EV,5137,,-5.0
WN,2160,Southwest Airlines,-16.0
US,761,,10.0
EV,4983,,-12.0
AA,381,American Airlines,37.0
UA,1567,United Airlines,22.0
UA,1171,United Airlines,-17.0
AA,2360,American Airlines,-38.0
DL,2335,Delta Air Lines,-9.0
DL,2023,Delta Air Lines,-9.0
UA,1670,United Airlines,6.0
AA,301,American Airlines,12.0
WN,3479,Southwest Airlines,7.0
OO,4479,,-12.0
WN,373,Southwest Airlines,21.0
WN,3923,Southwest Airlines,-2.0
AA,1080,American Airlines,-16.0
EV,5077,,-6.0
HA,219,Hawaiian Airlines,-9.0
UA,387,United Airlines,-32.0
EV,4128,,-2.0
EV,6023,,-2.0
UA,1751,United Airlines,-16.0
DL,2173,Delta Air Lines,-13.0
EV,5816,,2.0
WN,476,Southwest Airlines,
US,751,,4.0
MQ,3078,,-4.0
EV,4640,,4.0
OO,4619,,-3.0
OO,6247,,-8.0
WN,1277,Southwest Airlines,-5.0
DL,80,Delta Air Lines,-15.0
DL,2372,Delta Air Lines,-12.0
EV,5028,,-1.0
F9,1163,Frontier Airlines,4.0
EV,2781,,-7.0
OO,4595,,-21.0
DL,2463,Delta Air Lines,-1.0
UA,1460,United Airlines,44.0
DL,1252,Delta Air Lines,-4.0
DL,2831,Delta Air Lines,-12.0
AA,1715,American Airlines,-8.0
AA,1528,American Airlines,-14.0
DL,1155,Delta Air Lines,-14.0
EV,5065,,-1.0
UA,1004,United Airlines,
DL,2235,Delta Air Lines,-14.0
UA,1910,United Airlines,-6.0
AA,1850,American Airlines,0.0
DL,998,Delta Air Lines,-19.0
AA,306,American Airlines,-20.0
DL,2191,Delta Air Lines,-9.0
B6,1915,JetBlue Airways,-4.0
DL,1568,Delta Air Lines,-3.0
OO,6416,,15.0
OO,4495,,80.0
DL,990,Delta Air Lines,23.0
OO,6507,,13.0
AA,1009,American Airlines,14.0
WN,606,Southwest Airlines,10.0
WN,128,Southwest Airlines,0.0
VX,363,Virgin America,55.0
WN,359,Southwest Airlines,32.0
EV,4310,,
AA,2306,American Airlines,8.0
US,2003,,5.0
B6,165,JetBlue Airways,62.0
DL,896,Delta Air Lines,-21.0
WN,4543,Southwest Airlines,66.0
US,647,,-4.0
UA,1933,United Airlines,-22.0
UA,1130,United Airlines,0.0
WN,4028,Southwest Airlines,-11.0
EV,2661,,-7.0
WN,3237,Southwest Airlines,10.0
EV,5352,,-12.0
EV,5965,,50.0
OO,6431,,-13.0
WN,889,Southwest Airlines,5.0
AA,387,American Airlines,-6.0
WN,2362,Southwest Airlines,-16.0
DL,1811,Delta Air Lines,-11.0
DL,1824,Delta Air Lines,-17.0
DL,795,Delta Air Lines,-4.0
WN,2513,Southwest Airlines,26.0
VX,878,Virgin America,-5.0
WN,199,Southwest Airlines,-15.0
EV,4217,,-6.0
WN,241,Southwest Airlines,5.0
WN,3234,Southwest Airlines,12.0
AA,956,American Airlines,18.0
UA,1041,United Airlines,-21.0
WN,224,Southwest Airlines,-13.0
WN,1209,Southwest Airlines,-3.0
WN,3329,Southwest Airlines,-22.0
WN,3303,Southwest Airlines,4.0
WN,2671,Southwest Airlines,-4.0
WN,565,Southwest Airlines,-4.0
EV,6164,,113.0
OO,5546,,0.0
UA,324,United Airlines,-5.0
WN,2413,Southwest Airlines,3.0
MQ,3357,,12.0
AS,43,Alaska Airlines,1.0
AA,1092,American Airlines,-25.0
AA,2480,American Airlines,20.0
WN,2142,Southwest Airlines,-10.0
MQ,3426,,26.0
EV,5462,,-14.0
WN,1536,Southwest Airlines,-6.0
AS,760,Alaska Airlines,53.0
NK,763,Spirit Airlines,2.0
WN,4979,Southwest Airlines,7.0
EV,4921,,-7.0
NK,680,Spirit Airlines,-1.0
EV,4399,,-18.0
AA,50,American Airlines,-19.0
AS,62,Alaska Airlines,11.0
EV,5436,,-5.0
AA,1212,American Airlines,-12.0
US,1700,,-9.0
WN,4918,Southwest Airlines,-19.0
DL,1515,Delta Air Lines,-15.0
DL,966,Delta Air Lines,-10.0
F9,221,Frontier Airlines,-9.0
WN,283,Southwest Airlines,84.0
US,449,,-3.0
WN,2875,Southwest Airlines,-5.0
MQ,3210,,-7.0
EV,6018,,-3.0
WN,1692,Southwest Airlines,6.0
AA,1412,American Airlines,37.0
US,2063,,-6.0
WN,572,Southwest Airlines,-11.0
OO,2895,,-31.0
DL,2598,Delta Air Lines,-10.0
NK,853,Spirit Airlines,119.0
US,2115,,-22.0
WN,4898,Southwest Airlines,-9.0
US,1892,,8.0
B6,1589,JetBlue Airways,34.0
WN,60,Southwest Airlines,47.0
WN,1157,Southwest Airlines,-2.0
F9,1219,Frontier Airlines,19.0
WN,334,Southwest Airlines,-15.0
AA,1173,American Airlines,-3.0
HA,24,Hawaiian Airlines,13.0
OO,7378,,-14.0
HA,29,Hawaiian Airlines,-7.0
WN,2828,Southwest Airlines,-19.0
DL,2591,Delta Air Lines,-18.0
UA,493,United Airlines,34.0
UA,646,United Airlines,-7.0
WN,2703,Southwest Airlines,36.0
WN,1650,Southwest Airlines,-2.0
EV,3940,,-1.0
DL,864,Delta Air Lines,-8.0
OO,2856,,-1.0
AA,610,American Airlines,-20.0
UA,772,United Airlines,-5.0
UA,543,United Airlines,
OO,4654,,-6.0
AA,2293,American Airlines,-17.0
OO,2969,,-22.0
EV,4970,,-12.0
WN,2699,Southwest Airlines,-2.0
AA,2476,American Airlines,-12.0
DL,2435,Delta Air Lines,-34.0
WN,3769,Southwest Airlines,-34.0
AA,1015,American Airlines,-17.0
UA,1438,United Airlines,36.0
UA,1210,United Airlines,-23.0
WN,2699,Southwest Airlines,11.0
OO,4831,,-3.0
WN,3169,Southwest Airlines,-25.0
EV,5129,,14.0
UA,331,United Airlines,-19.0
EV,5614,,13.0
DL,1489,Delta Air Lines,-12.0
UA,663,United Airlines,-20.0
EV,2538,,3.0
UA,1556,United Airlines,-5.0
UA,1004,United Airlines,-10.0
AA,1115,American Airlines,-24.0
B6,318,JetBlue Airways,-17.0
AA,2078,American Airlines,3.0
OO,5555,,-2.0
EV,5927,,-13.0
WN,775,Southwest Airlines,5.0
EV,4530,,3.0
DL,2841,Delta Air Lines,-14.0
WN,1932,Southwest Airlines,56.0
AA,202,American Airlines,
OO,6368,,-19.0
AA,1382,American Airlines,-14.0
OO,5459,,-11.0
WN,1231,Southwest Airlines,1.0
WN,3951,Southwest Airlines,14.0
WN,705,Southwest Airlines,47.0
WN,1072,Southwest Airlines,9.0
DL,971,Delta Air Lines,-6.0
EV,2675,,33.0
EV,5425,,-2.0
OO,5307,,-1.0
AA,1521,American Airlines,2.0
DL,95,Delta Air Lines,-13.0
WN,6571,Southwest Airlines,-15.0
WN,1054,Southwest Airlines,-4.0
EV,5054,,3.0
DL,1335,Delta Air Lines,-24.0
DL,865,Delta Air Lines,-18.0
DL,2471,Delta Air Lines,-14.0
WN,114,Southwest Airlines,1.0
MQ,3151,,-18.0
AA,375,American Airlines,-7.0
AA,1366,American Airlines,-9.0
UA,2005,United Airlines,-10.0
WN,4294,Southwest Airlines,-20.0
US,640,,
DL,1390,Delta Air Lines,-10.0
MQ,3191,,36.0
WN,412,Southwest Airlines,-10.0
DL,1850,Delta Air Lines,3.0
OO,4534,,-5.0
UA,1638,United Airlines,10.0
AS,862,Alaska Airlines,-10.0
DL,2511,Delta Air Lines,-16.0
DL,1950,Delta Air Lines,-9.0
WN,424,Southwest Airlines,5.0
UA,1157,United Airlines,-7.0
OO,5295,,39.0
UA,1748,United Airlines,-38.0
EV,2792,,-3.0
WN,3126,Southwest Airlines,-19.0
HA,361,Hawaiian Airlines,-1.0
WN,2154,Southwest Airlines,151.0
US,1932,,29.0
AS,15,Alaska Airlines,-17.0
UA,393,United Airlines,-4.0
WN,481,Southwest Airlines,-6.0
MQ,3351,,-5.0
WN,3588,Southwest Airlines,9.0
WN,2512,Southwest Airlines,75.0
US,1733,,
EV,5065,,75.0
US,435,,3.0
WN,613,Southwest Airlines,16.0
NK,619,Spirit Airlines,4.0
EV,4124,,141.0
MQ,3287,,116.0
HA,166,Hawaiian Airlines,6.0
US,2017,,-21.0
B6,1234,JetBlue Airways,-13.0
VX,187,Virgin America,-37.0
AS,401,Alaska Airlines,-6.0
WN,930,Southwest Airlines,13.0
UA,795,United Airlines,-2.0
AS,596,Alaska Airlines,7.0
AA,93,American Airlines,100.0
UA,508,United Airlines,101.0
DL,2256,Delta Air Lines,-8.0
MQ,3278,,-19.0
AA,126,American Airlines,-14.0
WN,1967,Southwest Airlines,24.0
MQ,3698,,14.0
B6,1137,JetBlue Airways,-9.0
WN,2565,Southwest Airlines,-7.0
DL,1259,Delta Air Lines,2.0
AA,372,American Airlines,-10.0
WN,4649,Southwest Airlines,5.0
DL,2160,Delta Air Lines,-11.0
EV,5432,,-11.0
MQ,3606,,11.0
DL,1371,Delta Air Lines,-19.0
EV,4691,,-15.0
EV,3922,,-6.0
WN,725,Southwest Airlines,120.0
DL,1679,Delta Air Lines,-10.0
WN,468,Southwest Airlines,-37.0
B6,1491,JetBlue Airways,-4.0
OO,5246,,-2.0
DL,1264,Delta Air Lines,-23.0
EV,4155,,-14.0
OO,5400,,6.0
DL,2225,Delta Air Lines,-8.0
MQ,3023,,-7.0
WN,4083,Southwest Airlines,-6.0
OO,5341,,32.0
AA,1129,American Airlines,12.0
WN,3077,Southwest Airlines,-18.0
US,835,,-14.0
DL,2440,Delta Air Lines,-9.0
AS,768,Alaska Airlines,-17.0
WN,1114,Southwest Airlines,-21.0
AA,2363,American Airlines,-14.0
NK,185,Spirit Airlines,122.0
UA,1592,United Airlines,-1.0
OO,6226,,
WN,4291,Southwest Airlines,0.0
OO,4850,,-32.0
US,725,,33.0
DL,1810,Delta Air Lines,-4.0
WN,1145,Southwest Airlines,43.0
DL,1722,Delta Air Lines,-9.0
OO,6408,,-14.0
MQ,3576,,-16.0
DL,2472,Delta Air Lines,-8.0
UA,753,United Airlines,-31.0
HA,195,Hawaiian Airlines,11.0
AA,1193,American Airlines,-20.0
MQ,3673,,-3.0
OO,4546,,-12.0
B6,602,JetBlue Airways,0.0
OO,5228,,12.0
WN,2456,Southwest Airlines,-4.0
B6,1246,JetBlue Airways,12.0
MQ,3340,,
WN,1405,Southwest Airlines,-16.0
UA,275,United Airlines,-11.0
UA,1244,United Airlines,97.0
US,1728,,-30.0
F9,1270,Frontier Airlines,91.0
HA,141,Hawaiian Airlines,8.0
F9,1162,Frontier Airlines,2.0
UA,720,United Airlines,-15.0
WN,645,Southwest Airlines,4.0
WN,4021,Southwest Airlines,2.0
MQ,3501,,24.0
UA,1242,United Airlines,10.0
DL,1538,Delta Air Lines,-2.0
WN,486,Southwest Airlines,12.0
EV,4279,,28.0
DL,1726,Delta Air Lines,-15.0
EV,5132,,-15.0
DL,2334,Delta Air Lines,-11.0
WN,420,Southwest Airlines,-10.0
WN,450,Southwest Airlines,-8.0
OO,4598,,-12.0
WN,48,Southwest Airlines,48.0
DL,2838,Delta Air Lines,19.0
B6,524,JetBlue Airways,-5.0
EV,2648,,53.0
AA,2328,American Airlines,-7.0
DL,743,Delta Air Lines,-14.0
AA,1253,American Airlines,5.0
DL,1910,Delta Air Lines,-8.0
DL,2165,Delta Air Lines,1.0
AA,634,American Airlines,3.0
UA,1059,United Airlines,-30.0
DL,756,Delta Air Lines,-27.0
EV,4482,,2.0
AA,2477,American Airlines,69.0
OO,2922,,0.0
WN,2636,Southwest Airlines,10.0
WN,1983,Southwest Airlines,-6.0
AA,1010,American Airlines,-24.0
AS,51,Alaska Airlines,-8.0
UA,1126,United Airlines,6.0
AA,352,American Airlines,-17.0
OO,5610,,0.0
UA,1927,United Airlines,35.0
WN,2489,Southwest Airlines,-22.0
DL,1072,Delta Air Lines,-8.0
DL,1623,Delta Air Lines,9.0
AA,1106,American Airlines,-13.0
DL,1240,Delta Air Lines,-21.0
AS,55,Alaska Airlines,-3.0
DL,1862,Delta Air Lines,4.0
NK,822,Spirit Airlines,-7.0
DL,2373,Delta Air Lines,-2.0
B6,431,JetBlue Airways,51.0
AA,1187,American Airlines,38.0
WN,454,Southwest Airlines,-8.0
EV,5807,,-17.0
AA,1004,American Airlines,-5.0
AA,2172,American Airlines,-2.0
OO,4978,,-17.0
F9,443,Frontier Airlines,1.0
WN,2570,Southwest Airlines,243.0
F9,1000,Frontier Airlines,172.0
NK,1065,Spirit Airlines,55.0
OO,4527,,-17.0
WN,1492,Southwest Airlines,6.0
WN,653,Southwest Airlines,3.0
OO,5282,,-19.0
EV,4873,,-8.0
DL,1857,Delta Air Lines,-1.0
DL,1558,Delta Air Lines,27.0
DL,845,Delta Air Lines,-5.0
WN,367,Southwest Airlines,85.0
AS,404,Alaska Airlines,-5.0
DL,1361,Delta Air Lines,-9.0
WN,4134,Southwest Airlines,12.0
DL,2084,Delta Air Lines,-14.0
B6,1516,JetBlue Airways,70.0
DL,1248,Delta Air Lines,25.0
AA,2478,American Airlines,44.0
AS,639,Alaska Airlines,-17.0
EV,4609,,19.0
OO,3498,,-7.0
EV,3843,,7.0
DL,1301,Delta Air Lines,-20.0
AA,370,American Airlines,-17.0
US,824,,18.0
UA,1588,United Airlines,-24.0
UA,814,United Airlines,-20.0
UA,480,United Airlines,
DL,2271,Delta Air Lines,56.0
OO,4487,,-10.0
B6,1151,JetBlue Airways,-9.0
WN,1930,Southwest Airlines,-9.0
WN,2146,Southwest Airlines,8.0
OO,4471,,-5.0
DL,1492,Delta Air Lines,-5.0
UA,593,United Airlines,-9.0
AA,1784,American Airlines,-6.0
OO,6304,,-8.0
AA,2143,American Airlines,
HA,382,Hawaiian Airlines,-9.0
US,1839,,-12.0
AA,1627,American Airlines,-9.0
AA,72,American Airlines,0.0
UA,350,United Airlines,-20.0
AA,1492,American Airlines,9.0
EV,5172,,-16.0
EV,6082,,-7.0
WN,1041,Southwest Airlines,-15.0
OO,2956,,-2.0
UA,534,United Airlines,6.0
VX,89,Virgin America,-13.0
OO,5585,,-4.0
AA,134,American Airlines,
MQ,3459,,-6.0
WN,291,Southwest Airlines,87.0
US,714,,-25.0
WN,2167,Southwest Airlines,-9.0
F9,766,Frontier Airlines,-11.0
DL,1173,Delta Air Lines,-15.0
EV,5024,,-5.0
NK,816,Spirit Airlines,13.0
B6,878,JetBlue Airways,-23.0
B6,1277,JetBlue Airways,-24.0
B6,1678,JetBlue Airways,-17.0
AS,157,Alaska Airlines,-7.0
NK,1104,Spirit Airlines,6.0
DL,1295,Delta Air Lines,-5.0
WN,7,Southwest Airlines,-11.0
WN,2982,Southwest Airlines,4.0
B6,1684,JetBlue Airways,
WN,1964,Southwest Airlines,-12.0
B6,951,JetBlue Airways,-12.0
WN,1161,Southwest Airlines,-3.0
AA,2267,American Airlines,-9.0
WN,2457,Southwest Airlines,-5.0
B6,1016,JetBlue Airways,-21.0
HA,134,Hawaiian Airlines,-4.0
B6,862,JetBlue Airways,-6.0
WN,833,Southwest Airlines,-2.0
AS,405,Alaska Airlines,-8.0
AA,1109,American Airlines,-4.0
WN,1360,Southwest Airlines,4.0
WN,452,Southwest Airlines,
OO,6441,,-6.0
MQ,3439,,7.0
DL,1875,Delta Air Lines,-16.0
OO,4679,,55.0
WN,1595,Southwest Airlines,-11.0
WN,1625,Southwest Airlines,-12.0
UA,238,United Airlines,6.0
WN,2582,Southwest Airlines,-2.0
WN,28,Southwest Airlines,4.0
OO,4601,,-1.0
WN,3059,Southwest Airlines,-7.0
AA,439,American Airlines,-9.0
AA,1797,American Airlines,-3.0
WN,1188,Southwest Airlines,-11.0
B6,198,JetBlue Airways,26.0
DL,420,Delta Air Lines,5.0
DL,708,Delta Air Lines,-8.0
AA,1756,American Airlines,-21.0
WN,939,Southwest Airlines,-10.0
AA,37,American Airlines,41.0
WN,3833,Southwest Airlines,9.0
WN,133,Southwest Airlines,24.0
WN,1763,Southwest Airlines,-6.0
EV,5974,,30.0
US,559,,-5.0
EV,5197,,11.0
DL,2502,Delta Air Lines,-20.0
B6,302,JetBlue Airways,-17.0
AA,1620,American Airlines,-5.0
EV,6068,,133.0
B6,1273,JetBlue Airways,-21.0
EV,5122,,1.0
EV,4554,,13.0
AA,1737,American Airlines,-5.0
UA,899,United Airlines,32.0
DL,1674,Delta Air Lines,3.0
WN,891,Southwest Airlines,-20.0
AA,258,American Airlines,5.0
OO,4468,,-10.0
DL,854,Delta Air Lines,-30.0
AA,2120,American Airlines,-20.0
UA,305,United Airlines,
OO,6484,,-19.0
DL,829,Delta Air Lines,19.0
EV,6125,,-14.0
US,1741,,-6.0
DL,949,Delta Air Lines,84.0
DL,1101,Delta Air Lines,-18.0
AA,2459,American Airlines,4.0
EV,5224,,-15.0
AA,188,American Airlines,17.0
EV,4265,,-14.0
OO,5456,,-6.0
EV,5529,,
HA,596,Hawaiian Airlines,-4.0
WN,1745,Southwest Airlines,-26.0
EV,2733,,6.0
UA,755,United Airlines,-12.0
US,797,,15.0
AA,74,American Airlines,-10.0
DL,1564,Delta Air Lines,-11.0
DL,1781,Delta Air Lines,-2.0
AA,2407,American Airlines,-36.0
NK,351,Spirit Airlines,11.0
EV,5365,,-17.0
B6,151,JetBlue Airways,-30.0
AA,2188,American Airlines,12.0
US,1946,,26.0
MQ,3472,,-5.0
OO,6264,,5.0
EV,4964,,-4.0
MQ,3504,,
EV,2734,,-16.0
DL,2415,Delta Air Lines,-17.0
WN,1757,Southwest Airlines,24.0
DL,1615,Delta Air Lines,-8.0
AA,462,American Airlines,12.0
NK,706,Spirit Airlines,20.0
DL,2134,Delta Air Lines,3.0
AA,1566,American Airlines,-18.0
WN,4489,Southwest Airlines,-10.0
WN,514,Southwest Airlines,16.0
UA,1573,United Airlines,140.0
DL,2244,Delta Air Lines,40.0
DL,1790,Delta Air Lines,-13.0
EV,4479,,-5.0
OO,6440,,6.0
DL,340,Delta Air Lines,-21.0
WN,190,Southwest Airlines,-16.0
UA,650,United Airlines,-18.0
F9,865,Frontier Airlines,-17.0
WN,883,Southwest Airlines,-4.0
EV,4496,,-1.0
MQ,3640,,-4.0
UA,939,United Airlines,-10.0
WN,1025,Southwest Airlines,-30.0
AA,119,American Airlines,-5.0
B6,2001,JetBlue Airways,
OO,2963,,-5.0
DL,693,Delta Air Lines,-2.0
AA,1261,American Airlines,-7.0
OO,5619,,58.0
UA,522,United Airlines,22.0
UA,1779,United Airlines,-6.0
DL,2295,Delta Air Lines,-9.0
EV,5141,,-13.0
MQ,3067,,8.0
DL,1913,Delta Air Lines,-2.0
NK,151,Spirit Airlines,-4.0
WN,101,Southwest Airlines,27.0
AA,85,American Airlines,0.0
HA,301,Hawaiian Airlines,2.0
WN,2684,Southwest Airlines,-3.0
AA,2418,American Airlines,-2.0
AS,408,Alaska Airlines,-10.0
AS,155,Alaska Airlines,2.0
NK,872,Spirit Airlines,20.0
NK,356,Spirit Airlines,-8.0
WN,2080,Southwest Airlines,6.0
MQ,3112,,2.0
AA,2261,American Airlines,73.0
UA,1234,United Airlines,86.0
WN,3137,Southwest Airlines,-13.0
WN,1389,Southwest Airlines,-24.0
AA,2213,American Airlines,-17.0
EV,4149,,-12.0
AA,2510,American Airlines,-19.0
DL,1908,Delta Air Lines,-10.0
EV,4405,,0.0
OO,2876,,32.0
WN,3056,Southwest Airlines,-18.0
WN,1472,Southwest Airlines,14.0
WN,4009,Southwest Airlines,-20.0
OO,4762,,5.0
WN,1814,Southwest Airlines,16.0
US,570,,-7.0
AA,2332,American Airlines,-25.0
OO,2714,,2.0
WN,202,Southwest Airlines,65.0
EV,4891,,-6.0
AS,139,Alaska Airlines,-31.0
AA,1814,American Airlines,5.0
MQ,3298,,10.0
UA,1450,United Airlines,10.0
DL,2458,Delta Air Lines,-10.0
DL,1170,Delta Air Lines,6.0
UA,1541,United Airlines,13.0
US,1864,,-6.0
WN,992,Southwest Airlines,-25.0
OO,5451,,-13.0
AA,139,American Airlines,-34.0
WN,1973,Southwest Airlines,-4.0
UA,1106,United Airlines,11.0
B6,328,JetBlue Airways,-5.0
OO,4475,,-4.0
EV,4682,,-20.0
UA,1741,United Airlines,-14.0
WN,138,Southwest Airlines,6.0
UA,512,United Airlines,-2.0
DL,1868,Delta Air Lines,-7.0
WN,2474,Southwest Airlines,-5.0
MQ,3483,,
B6,198,JetBlue Airways,-9.0
AA,1890,American Airlines,-20.0
WN,46,Southwest Airlines,15.0
AA,1664,American Airlines,127.0
OO,4800,,4.0
UA,1169,United Airlines,-4.0
UA,263,United Airlines,-25.0
US,402,,-28.0
UA,302,United Airlines,-9.0
AA,64,American Airlines,117.0
EV,5437,,17.0
UA,1547,United Airlines,-24.0
WN,3224,Southwest Airlines,4.0
MQ,3332,,-12.0
AA,1861,American Airlines,-4.0
UA,1979,United Airlines,-6.0
DL,2143,Delta Air Lines,-2.0
UA,1164,United Airlines,-14.0
DL,1228,Delta Air Lines,16.0
B6,482,JetBlue Airways,10.0
AA,2243,American Airlines,-8.0
DL,2087,Delta Air Lines,-12.0
OO,4506,,-9.0
US,1983,,-7.0
WN,106,Southwest Airlines,-3.0
WN,4352,Southwest Airlines,-11.0
UA,1214,United Airlines,2.0
EV,5477,,-14.0
DL,1188,Delta Air Lines,5.0
US,2170,,3.0
AA,1004,American Airlines,-4.0
WN,1359,Southwest Airlines,-2.0
EV,5250,,8.0
DL,2291,Delta Air Lines,28.0
EV,4916,,-4.0
B6,728,JetBlue Airways,4.0
HA,124,Hawaiian Airlines,-2.0
WN,1046,Southwest Airlines,-19.0
WN,979,Southwest Airlines,38.0
OO,4742,,-1.0
OO,4638,,-9.0
OO,6468,,-14.0
NK,126,Spirit Airlines,-3.0
WN,124,Southwest Airlines,1.0
US,531,,6.0
DL,1815,Delta Air Lines,-9.0
WN,2154,Southwest Airlines,53.0
WN,1073,Southwest Airlines,39.0
OO,2479,,-36.0
AA,1318,American Airlines,-14.0
UA,697,United Airlines,29.0
OO,5311,,-13.0
MQ,3429,,-22.0
WN,830,Southwest Airlines,9.0
B6,2680,JetBlue Airways,206.0
AA,1728,American Airlines,-27.0
UA,549,United Airlines,202.0
UA,646,United Airlines,1.0
US,620,,-10.0
WN,619,Southwest Airlines,1.0
DL,412,Delta Air Lines,-13.0
MQ,3237,,85.0
WN,2362,Southwest Airlines,-9.0
EV,2744,,-13.0
UA,638,United Airlines,18.0
EV,6122,,7.0
OO,4519,,15.0
EV,5039,,-8.0
AA,858,American Airlines,71.0
NK,470,Spirit Airlines,-9.0
WN,1821,Southwest Airlines,-17.0
AS,676,Alaska Airlines,13.0
UA,329,United Airlines,-31.0
UA,218,United Airlines,5.0
DL,1813,Delta Air Lines,-4.0
F9,556,Frontier Airlines,-17.0
AA,1649,American Airlines,5.0
AS,611,Alaska Airlines,-19.0
US,664,,14.0
WN,980,Southwest Airlines,-9.0
DL,1852,Delta Air Lines,-15.0
WN,2964,Southwest Airlines,-3.0
WN,1540,Southwest Airlines,-8.0
WN,752,Southwest Airlines,13.0
OO,2870,,8.0
EV,2627,,-2.0
WN,2141,Southwest Airlines,0.0
F9,1383,Frontier Airlines,69.0
EV,6122,,-3.0
US,2061,,-16.0
OO,4488,,-8.0
US,650,,-22.0
WN,4914,Southwest Airlines,-7.0
OO,2851,,-12.0
EV,4886,,-1.0
B6,655,JetBlue Airways,-29.0
WN,3743,Southwest Airlines,29.0
MQ,3568,,-7.0
DL,1250,Delta Air Lines,-8.0
MQ,3230,,-19.0
OO,4789,,4.0
DL,1832,Delta Air Lines,-4.0
HA,269,Hawaiian Airlines,-5.0
WN,3054,Southwest Airlines,-20.0
DL,1070,Delta Air Lines,7.0
OO,4659,,56.0
WN,4739,Southwest Airlines,
EV,4143,,-4.0
OO,5654,,-10.0
B6,482,JetBlue Airways,59.0
UA,1154,United Airlines,0.0
DL,690,Delta Air Lines,7.0
OO,5393,,34.0
OO,2618,,-1.0
AA,2264,American Airlines,-12.0
UA,1252,United Airlines,-13.0
UA,864,United Airlines,18.0
UA,1985,United Airlines,-31.0
WN,209,Southwest Airlines,-7.0
AA,1614,American Airlines,-7.0
WN,328,Southwest Airlines,-10.0
WN,3581,Southwest Airlines,12.0
OO,5163,,18.0
EV,5334,,14.0
UA,624,United Airlines,-25.0
EV,5128,,-10.0
WN,1983,Southwest Airlines,11.0
HA,544,Hawaiian Airlines,-4.0
UA,288,United Airlines,-3.0
UA,768,United Airlines,-9.0
WN,1102,Southwest Airlines,13.0
AA,2305,American Airlines,-19.0
DL,1881,Delta Air Lines,24.0
DL,623,Delta Air Lines,-14.0
DL,1272,Delta Air Lines,-5.0
DL,1821,Delta Air Lines,-17.0
OO,7386,,25.0
DL,1693,Delta Air Lines,-2.0
AS,751,Alaska Airlines,-25.0
WN,1259,Southwest Airlines,-13.0
B6,434,JetBlue Airways,-23.0
WN,3599,Southwest Airlines,-17.0
UA,512,United Airlines,161.0
AS,620,Alaska Airlines,3.0
WN,1261,Southwest Airlines,-4.0
WN,3061,Southwest Airlines,-2.0
AA,2452,American Airlines,22.0
AA,1564,American Airlines,-9.0
DL,746,Delta Air Lines,-30.0
WN,758,Southwest Airlines,-14.0
OO,4504,,22.0
WN,2479,Southwest Airlines,67.0
OO,4442,,-16.0
B6,2101,JetBlue Airways,
OO,6451,,1.0
AA,1069,American Airlines,-3.0
DL,2575,Delta Air Lines,-8.0
DL,2323,Delta Air Lines,-11.0
UA,1704,United Airlines,-14.0
OO,4467,,43.0
EV,3963,,-31.0
B6,505,JetBlue Airways,-24.0
OO,5167,,3.0
UA,1417,United Airlines,-22.0
MQ,3143,,2.0
EV,5665,,27.0
AA,2315,American Airlines,19.0
EV,5565,,-9.0
AA,893,American Airlines,-9.0
WN,4102,Southwest Airlines,-13.0
WN,1269,Southwest Airlines,-2.0
US,684,,21.0
OO,4842,,20.0
OO,4801,,26.0
EV,6068,,-9.0
WN,189,Southwest Airlines,94.0
AA,1249,American Airlines,116.0
AA,155,American Airlines,33.0
OO,4567,,0.0
DL,1357,Delta Air Lines,-12.0
EV,5236,,10.0
WN,4096,Southwest Airlines,0.0
DL,2562,Delta Air Lines,13.0
NK,619,Spirit Airlines,1.0
UA,1417,United Airlines,-16.0
AA,1000,American Airlines,0.0
HA,270,Hawaiian Airlines,14.0
EV,4973,,-9.0
AA,1223,American Airlines,15.0
EV,5908,,17.0
AA,1893,American Airlines,34.0
OO,4549,,-15.0
AA,1240,American Airlines,-2.0
AA,727,American Airlines,-17.0
WN,544,Southwest Airlines,5.0
UA,1253,United Airlines,-31.0
HA,156,Hawaiian Airlines,-11.0
NK,610,Spirit Airlines,5.0
EV,6055,,-5.0
OO,6403,,-6.0
MQ,3649,,-2.0
AA,2267,American Airlines,47.0
MQ,3356,,-19.0
DL,1354,Delta Air Lines,5.0
WN,3389,Southwest Airlines,-21.0
UA,360,United Airlines,3.0
OO,3459,,-16.0
EV,5322,,-17.0
WN,3206,Southwest Airlines,27.0
OO,5317,,17.0
DL,1113,Delta Air Lines,6.0
F9,1173,Frontier Airlines,5.0
MQ,3197,,31.0
MQ,3374,,8.0
WN,514,Southwest Airlines,-10.0
HA,46,Hawaiian Airlines,-7.0
OO,4620,,11.0
DL,1358,Delta Air Lines,-12.0
WN,3126,Southwest Airlines,-18.0
WN,505,Southwest Airlines,-16.0
WN,102,Southwest Airlines,-14.0
AA,1016,American Airlines,2.0
EV,4992,,67.0
US,2030,,0.0
OO,5435,,-32.0
OO,5245,,-1.0
WN,4541,Southwest Airlines,15.0
AA,128,American Airlines,69.0
WN,1280,Southwest Airlines,16.0
WN,1272,Southwest Airlines,-8.0
WN,434,Southwest Airlines,-3.0
MQ,3196,,-23.0
DL,1200,Delta Air Lines,-1.0
EV,5409,,-9.0
DL,716,Delta Air Lines,-9.0
EV,4540,,3.0
US,1708,,16.0
DL,2479,Delta Air Lines,-4.0
OO,5416,,0.0
EV,5955,,-11.0
DL,746,Delta Air Lines,-7.0
DL,876,Delta Air Lines,-23.0
B6,357,JetBlue Airways,15.0
DL,1888,Delta Air Lines,-5.0
AA,2403,American Airlines,-29.0
VX,416,Virgin America,-31.0
WN,2664,Southwest Airlines,
EV,4151,,-11.0
AS,743,Alaska Airlines,14.0
NK,940,Spirit Airlines,-6.0
WN,407,Southwest Airlines,17.0
DL,1258,Delta Air Lines,-11.0
WN,2033,Southwest Airlines,-7.0
DL,1241,Delta Air Lines,-26.0
WN,1137,Southwest Airlines,8.0
MQ,3046,,-20.0
WN,2781,Southwest Airlines,35.0
B6,1084,JetBlue Airways,-13.0
NK,708,Spirit Airlines,31.0
AA,2398,American Airlines,-12.0
OO,2758,,211.0
DL,651,Delta Air Lines,-19.0
UA,502,United Airlines,89.0
DL,1155,Delta Air Lines,-7.0
WN,2929,Southwest Airlines,14.0
UA,1203,United Airlines,-6.0
DL,736,Delta Air Lines,-16.0
EV,4890,,-8.0
DL,1479,Delta Air Lines,-8.0
WN,2946,Southwest Airlines,-8.0
OO,6494,,-31.0
VX,717,Virgin America,255.0
UA,1019,United Airlines,-14.0
WN,3498,Southwest Airlines,-10.0
DL,43,Delta Air Lines,2.0
MQ,3428,,-2.0
WN,2606,Southwest Airlines,4.0
AS,518,Alaska Airlines,-18.0
AA,470,American Airlines,46.0
AA,1223,American Airlines,4.0
DL,2430,Delta Air Lines,-9.0
NK,788,Spirit Airlines,53.0
AS,354,Alaska Airlines,-2.0
WN,3101,Southwest Airlines,-9.0
AA,494,American Airlines,8.0
WN,3309,Southwest Airlines,-35.0
B6,464,JetBlue Airways,-16.0
WN,3401,Southwest Airlines,35.0
EV,2564,,30.0
OO,5528,,-14.0
NK,801,Spirit Airlines,21.0
UA,1969,United Airlines,0.0
EV,5122,,-2.0
NK,469,Spirit Airlines,0.0
OO,4978,,-8.0
VX,490,Virgin America,10.0
WN,1694,Southwest Airlines,-12.0
F9,190,Frontier Airlines,-10.0
DL,2379,Delta Air Lines,-14.0
DL,1098,Delta Air Lines,2.0
MQ,3276,,-21.0
AA,1815,American Airlines,-1.0
OO,6437,,-1.0
WN,1648,Southwest Airlines,1.0
B6,1137,JetBlue Airways,48.0
UA,1099,United Airlines,-6.0
OO,6535,,41.0
DL,1164,Delta Air Lines,-10.0
EV,5152,,-11.0
DL,1539,Delta Air Lines,-26.0
EV,4614,,-13.0
B6,392,JetBlue Airways,129.0
WN,3248,Southwest Airlines,-4.0
DL,2377,Delta Air Lines,-11.0
DL,1856,Delta Air Lines,-10.0
OO,4455,,10.0
AA,43,American Airlines,-20.0
US,1732,,-5.0
WN,871,Southwest Airlines,-9.0
EV,5075,,-3.0
AA,1538,American Airlines,-8.0
MQ,3222,,-24.0
AS,65,Alaska Airlines,168.0
OO,5161,,
DL,736,Delta Air Lines,8.0
UA,1109,United Airlines,-13.0
AA,1213,American Airlines,-14.0
WN,237,Southwest Airlines,-9.0
AA,1493,American Airlines,-3.0
UA,335,United Airlines,7.0
DL,374,Delta Air Lines,-12.0
WN,1232,Southwest Airlines,-4.0
DL,1977,Delta Air Lines,12.0
EV,4684,,4.0
WN,3209,Southwest Airlines,-25.0
WN,208,Southwest Airlines,-3.0
AA,663,American Airlines,-14.0
MQ,3442,,-22.0
OO,5169,,17.0
VX,902,Virgin America,1.0
UA,656,United Airlines,-23.0
EV,2707,,53.0
AA,1393,American Airlines,-12.0
US,1715,,-6.0
EV,5174,,34.0
OO,3430,,-17.0
EV,4389,,38.0
EV,5797,,-11.0
WN,946,Southwest Airlines,68.0
EV,5133,,-1.0
UA,1442,United Airlines,-19.0
MQ,3473,,86.0
AA,332,American Airlines,6.0
B6,890,JetBlue Airways,-2.0
OO,5388,,56.0
B6,392,JetBlue Airways,65.0
EV,5151,,0.0
EV,5146,,-3.0
WN,796,Southwest Airlines,0.0
MQ,3351,,53.0
B6,219,JetBlue Airways,-24.0
DL,2036,Delta Air Lines,-9.0
OO,5625,,-22.0
UA,245,United Airlines,36.0
AA,1056,American Airlines,-20.0
EV,4865,,-23.0
WN,2588,Southwest Airlines,-8.0
UA,691,United Airlines,48.0
AA,1550,American Airlines,-7.0
MQ,3309,,-10.0
DL,1939,Delta Air Lines,-14.0
MQ,3298,,-12.0
DL,1440,Delta Air Lines,-15.0
B6,249,JetBlue Airways,-16.0
WN,864,Southwest Airlines,13.0
WN,1985,Southwest Airlines,19.0
DL,1435,Delta Air Lines,2.0
WN,2969,Southwest Airlines,-5.0
OO,5524,,0.0
WN,4998,Southwest Airlines,4.0
NK,403,Spirit Airlines,27.0
WN,19,Southwest Airlines,-9.0
EV,4536,,-35.0
UA,1610,United Airlines,40.0
EV,2774,,3.0
WN,126,Southwest Airlines,8.0
WN,5548,Southwest Airlines,-2.0
VX,357,Virgin America,-7.0
DL,2133,Delta Air Lines,-23.0
DL,2438,Delta Air Lines,-22.0
UA,566,United Airlines,5.0
UA,201,United Airlines,-19.0
DL,1093,Delta Air Lines,11.0
AA,2265,American Airlines,-19.0
AS,55,Alaska Airlines,90.0
OO,4771,,-13.0
B6,19,JetBlue Airways,-12.0
WN,5904,Southwest Airlines,2.0
WN,904,Southwest Airlines,-8.0
WN,444,Southwest Airlines,-20.0
DL,1587,Delta Air Lines,-23.0
OO,5323,,8.0
UA,2000,United Airlines,44.0
DL,2497,Delta Air Lines,-30.0
DL,2084,Delta Air Lines,-17.0
DL,1167,Delta Air Lines,-12.0
DL,1728,Delta Air Lines,-19.0
DL,530,Delta Air Lines,-9.0
AA,1406,American Airlines,28.0
DL,194,Delta Air Lines,4.0
DL,742,Delta Air Lines,-28.0
OO,5273,,16.0
OO,6370,,-4.0
US,2122,,39.0
DL,419,Delta Air Lines,-16.0
WN,2063,Southwest Airlines,-9.0
WN,194,Southwest Airlines,5.0
UA,389,United Airlines,-32.0
UA,274,United Airlines,46.0
DL,723,Delta Air Lines,-8.0
US,1972,,-11.0
WN,717,Southwest Airlines,1.0
DL,2471,Delta Air Lines,-4.0
F9,733,Frontier Airlines,-27.0
OO,2768,,
AA,1336,American Airlines,-2.0
AA,1730,American Airlines,
NK,600,Spirit Airlines,-7.0
AS,223,Alaska Airlines,77.0
WN,3143,Southwest Airlines,-6.0
DL,893,Delta Air Lines,-5.0
AA,1361,American Airlines,-30.0
F9,755,Frontier Airlines,2.0
EV,4308,,-2.0
AA,335,American Airlines,21.0
EV,4425,,5.0
DL,2545,Delta Air Lines,-23.0
OO,5400,,-10.0
DL,1791,Delta Air Lines,-8.0
WN,321,Southwest Airlines,-1.0
MQ,3327,,-11.0
NK,231,Spirit Airlines,-9.0
WN,384,Southwest Airlines,-20.0
WN,534,Southwest Airlines,-5.0
UA,1038,United Airlines,14.0
WN,2711,Southwest Airlines,1.0
AA,2334,American Airlines,-29.0
EV,5026,,-15.0
DL,2176,Delta Air Lines,5.0
AA,2333,American Airlines,23.0
F9,609,Frontier Airlines,-34.0
EV,5044,,-17.0
OO,3490,,20.0
DL,1104,Delta Air Lines,-19.0
F9,402,Frontier Airlines,27.0
WN,326,Southwest Airlines,-15.0
NK,718,Spirit Airlines,-15.0
OO,5322,,16.0
US,1717,,0.0
EV,5286,,1.0
WN,224,Southwest Airlines,-1.0
DL,1391,Delta Air Lines,-9.0
UA,1454,United Airlines,-15.0
AA,1521,American Airlines,-19.0
EV,4629,,61.0
DL,1542,Delta Air Lines,1.0
B6,381,JetBlue Airways,-16.0
EV,5348,,-16.0
OO,4806,,-5.0
WN,2935,Southwest Airlines,16.0
DL,2098,Delta Air Lines,253.0
WN,2230,Southwest Airlines,-5.0
MQ,3268,,-14.0
AA,2302,American Airlines,2.0
UA,682,United Airlines,-12.0
NK,235,Spirit Airlines,36.0
WN,789,Southwest Airlines,-34.0
AS,465,Alaska Airlines,42.0
WN,3041,Southwest Airlines,58.0
DL,403,Delta Air Lines,-15.0
OO,4531,,5.0
AA,1763,American Airlines,10.0
AA,1361,American Airlines,-1.0
B6,1142,JetBlue Airways,45.0
DL,890,Delta Air Lines,-7.0
EV,5120,,-9.0
AS,731,Alaska Airlines,6.0
DL,1219,Delta Air Lines,19.0
WN,1792,Southwest Airlines,-15.0
WN,398,Southwest Airlines,-4.0
US,639,,34.0
AA,716,American Airlines,1.0
OO,6486,,107.0
MQ,3117,,-4.0
AA,1637,American Airlines,-11.0
B6,730,JetBlue Airways,-22.0
DL,1235,Delta Air Lines,-18.0
EV,4380,,-18.0
EV,2678,,-17.0
UA,387,United Airlines,-27.0
UA,651,United Airlines,19.0
WN,620,Southwest Airlines,16.0
US,703,,24.0
DL,2519,Delta Air Lines,-3.0
WN,966,Southwest Airlines,-4.0
OO,5766,,-4.0
DL,2239,Delta Air Lines,139.0
OO,6392,,74.0
OO,4973,,-3.0
B6,1234,JetBlue Airways,62.0
HA,123,Hawaiian Airlines,-5.0
DL,2403,Delta Air Lines,-12.0
UA,1417,United Airlines,-18.0
DL,2212,Delta Air Lines,-6.0
EV,5162,,-11.0
WN,463,Southwest Airlines,-9.0
WN,164,Southwest Airlines,12.0
WN,3917,Southwest Airlines,-17.0
DL,1604,Delta Air Lines,-10.0
OO,3474,,-4.0
AS,690,Alaska Airlines,-1.0
EV,4345,,-10.0
AA,525,American Airlines,8.0
WN,2091,Southwest Airlines,-25.0
MQ,3650,,11.0
DL,1236,Delta Air Lines,-17.0
AS,865,Alaska Airlines,0.0
AA,1471,American Airlines,
DL,1361,Delta Air Lines,-8.0
AA,600,American Airlines,-1.0
WN,1636,Southwest Airlines,-8.0
WN,113,Southwest Airlines,1.0
DL,1337,Delta Air Lines,-29.0
WN,1614,Southwest Airlines,-23.0
WN,4998,Southwest Airlines,103.0
AA,797,American Airlines,-15.0
AA,48,American Airlines,33.0
OO,4770,,8.0
B6,211,JetBlue Airways,38.0
AA,1955,American Airlines,-27.0
AA,1511,American Airlines,3.0
AA,549,American Airlines,105.0
DL,1255,Delta Air Lines,-8.0
AS,343,Alaska Airlines,24.0
US,1936,,15.0
AA,1909,American Airlines,-22.0
WN,739,Southwest Airlines,2.0
DL,1734,Delta Air Lines,-13.0
HA,206,Hawaiian Airlines,-6.0
DL,98,Delta Air Lines,-23.0
HA,36,Hawaiian Airlines,16.0
OO,5237,,-1.0
OO,5529,,-3.0
OO,4850,,148.0
F9,1265,Frontier Airlines,68.0
EV,5363,,19.0
WN,384,Southwest Airlines,-29.0
DL,2123,Delta Air Lines,-14.0
DL,1792,Delta Air Lines,-63.0
WN,1152,Southwest Airlines,4.0
WN,130,Southwest Airlines,-2.0
OO,5185,,13.0
DL,1534,Delta Air Lines,-17.0
UA,1535,United Airlines,-17.0
UA,1647,United Airlines,19.0
UA,1253,United Airlines,1.0
F9,358,Frontier Airlines,34.0
WN,1365,Southwest Airlines,-41.0
WN,61,Southwest Airlines,4.0
WN,946,Southwest Airlines,-5.0
AS,381,Alaska Airlines,-13.0
WN,2918,Southwest Airlines,-15.0
NK,718,Spirit Airlines,44.0
WN,314,Southwest Airlines,-14.0
WN,4913,Southwest Airlines,-11.0
WN,4368,Southwest Airlines,-1.0
WN,1468,Southwest Airlines,-40.0
DL,1379,Delta Air Lines,-19.0
EV,6084,,4.0
WN,844,Southwest Airlines,4.0
HA,111,Hawaiian Airlines,-13.0
B6,472,JetBlue Airways,-13.0
B6,2702,JetBlue Airways,-15.0
AA,1200,American Airlines,-17.0
WN,2821,Southwest Airlines,-15.0
EV,4346,,10.0
WN,1905,Southwest Airlines,3.0
US,1888,,148.0
OO,4755,,-9.0
DL,1539,Delta Air Lines,-4.0
DL,1361,Delta Air Lines,-6.0
OO,4807,,-15.0
WN,1719,Southwest Airlines,0.0
UA,727,United Airlines,3.0
NK,713,Spirit Airlines,171.0
UA,1972,United Airlines,31.0
F9,1358,Frontier Airlines,-13.0
OO,4977,,-4.0
OO,4598,,-12.0
AS,409,Alaska Airlines,-2.0
AA,2372,American Airlines,10.0
WN,258,Southwest Airlines,9.0
B6,1326,JetBlue Airways,-20.0
AA,2400,American Airlines,-3.0
OO,6299,,-11.0
UA,1249,United Airlines,-18.0
EV,4949,,-12.0
AA,84,American Airlines,55.0
DL,1730,Delta Air Lines,-4.0
MQ,3391,,-13.0
WN,591,Southwest Airlines,-10.0
B6,651,JetBlue Airways,-9.0
WN,4631,Southwest Airlines,-15.0
OO,2952,,-9.0
EV,5203,,-3.0
WN,4126,Southwest Airlines,-7.0
OO,4760,,15.0
WN,395,Southwest Airlines,-23.0
WN,1511,Southwest Airlines,-16.0
B6,1444,JetBlue Airways,28.0
EV,4457,,-21.0
EV,3950,,-21.0
DL,2323,Delta Air Lines,-13.0
WN,762,Southwest Airlines,-7.0
DL,1653,Delta Air Lines,9.0
AS,134,Alaska Airlines,-8.0
AA,149,American Airlines,-9.0
AA,1364,American Airlines,-7.0
EV,4500,,10.0
WN,276,Southwest Airlines,30.0
AA,375,American Airlines,5.0
UA,1294,United Airlines,163.0
AA,1568,American Airlines,24.0
WN,1757,Southwest Airlines,8.0
EV,5165,,2.0
DL,2300,Delta Air Lines,-19.0
WN,4303,Southwest Airlines,-13.0
HA,111,Hawaiian Airlines,-4.0
US,1802,,12.0
AA,4,American Airlines,7.0
DL,1435,Delta Air Lines,-8.0
AA,1370,American Airlines,11.0
DL,1984,Delta Air Lines,-11.0
OO,2900,,-23.0
B6,1526,JetBlue Airways,39.0
WN,3387,Southwest Airlines,-5.0
B6,1271,JetBlue Airways,59.0
HA,26,Hawaiian Airlines,7.0
WN,861,Southwest Airlines,-7.0
AA,2488,American Airlines,-3.0
B6,518,JetBlue Airways,-3.0
VX,883,Virgin America,52.0
UA,511,United Airlines,-5.0
OO,2957,,-7.0
WN,620,Southwest Airlines,0.0
DL,744,Delta Air Lines,-12.0
WN,2493,Southwest Airlines,22.0
F9,1258,Frontier Airlines,-17.0
EV,5156,,6.0
WN,4168,Southwest Airlines,-1.0
OO,5404,,3.0
DL,1983,Delta Air Lines,2.0
DL,1390,Delta Air Lines,-5.0
AA,2182,American Airlines,-27.0
EV,5329,,3.0
AS,77,Alaska Airlines,77.0
MQ,3609,,3.0
EV,5861,,-26.0
WN,3324,Southwest Airlines,10.0
NK,365,Spirit Airlines,-4.0
HA,46,Hawaiian Airlines,8.0
OO,6342,,-20.0
EV,5437,,2.0
EV,3957,,-15.0
B6,689,JetBlue Airways,-11.0
DL,1493,Delta Air Lines,-17.0
WN,3208,Southwest Airlines,18.0
MQ,3020,,118.0
WN,1913,Southwest Airlines,-11.0
NK,812,Spirit Airlines,-2.0
AA,161,American Airlines,-10.0
MQ,3280,,12.0
WN,813,Southwest Airlines,-9.0
WN,657,Southwest Airlines,-7.0
DL,1823,Delta Air Lines,81.0
WN,152,Southwest Airlines,90.0
WN,1537,Southwest Airlines,7.0
EV,5462,,-11.0
AA,1445,American Airlines,-50.0
DL,426,Delta Air Lines,-4.0
EV,5435,,-6.0
DL,1134,Delta Air Lines,10.0
DL,1584,Delta Air Lines,165.0
MQ,3356,,9.0
WN,4028,Southwest Airlines,-1.0
WN,3894,Southwest Airlines,-3.0
OO,7379,,-6.0
AA,1394,American Airlines,-17.0
WN,1844,Southwest Airlines,-3.0
WN,296,Southwest Airlines,-17.0
MQ,3257,,-13.0
MQ,3499,,-8.0
WN,921,Southwest Airlines,30.0
NK,763,Spirit Airlines,-11.0
AA,248,American Airlines,-22.0
B6,307,JetBlue Airways,-24.0
OO,2641,,122.0
UA,1073,United Airlines,24.0
UA,336,United Airlines,-13.0
AA,1363,American Airlines,10.0
DL,2316,Delta Air Lines,-8.0
MQ,3344,,-8.0
WN,310,Southwest Airlines,-2.0
UA,255,United Airlines,-15.0
WN,4909,Southwest Airlines,6.0
DL,1566,Delta Air Lines,-12.0
AA,680,American Airlines,-19.0
AA,490,American Airlines,-3.0
WN,2073,Southwest Airlines,12.0
UA,733,United Airlines,28.0
OO,4822,,14.0
DL,2207,Delta Air Lines,25.0
B6,777,JetBlue Airways,-9.0
WN,3771,Southwest Airlines,26.0
DL,347,Delta Air Lines,95.0
OO,5418,,-15.0
NK,832,Spirit Airlines,1.0
WN,1787,Southwest Airlines,-17.0
DL,2237,Delta Air Lines,8.0
US,2065,,-29.0
DL,876,Delta Air Lines,52.0
WN,2268,Southwest Airlines,3.0
B6,1226,JetBlue Airways,17.0
WN,1507,Southwest Airlines,16.0
WN,1114,Southwest Airlines,-17.0
DL,1656,Delta Air Lines,-13.0
WN,155,Southwest Airlines,-9.0
MQ,3014,,-7.0
MQ,3642,,-8.0
OO,2873,,-16.0
EV,5892,,-10.0
EV,4422,,61.0
WN,2251,Southwest Airlines,-7.0
WN,778,Southwest Airlines,-9.0
DL,2194,Delta Air Lines,9.0
OO,4633,,43.0
UA,1531,United Airlines,-7.0
WN,2929,Southwest Airlines,-8.0
MQ,3648,,-20.0
WN,1445,Southwest Airlines,-3.0
HA,26,Hawaiian Airlines,9.0
DL,1199,Delta Air Lines,-10.0
WN,1217,Southwest Airlines,-20.0
WN,4727,Southwest Airlines,4.0
WN,2773,Southwest Airlines,-10.0
DL,1653,Delta Air Lines,-25.0
UA,1678,United Airlines,-2.0
WN,2512,Southwest Airlines,143.0
WN,1056,Southwest Airlines,76.0
OO,5501,,-7.0
US,1874,,2.0
OO,6226,,-9.0
OO,5234,,9.0
EV,4592,,-13.0
WN,2426,Southwest Airlines,17.0
EV,3834,,27.0
US,2098,,52.0
DL,2460,Delta Air Lines,-11.0
OO,4617,,-1.0
WN,432,Southwest Airlines,13.0
B6,534,JetBlue Airways,84.0
UA,469,United Airlines,-12.0
HA,322,Hawaiian Airlines,-11.0
WN,1451,Southwest Airlines,-9.0
US,1917,,-15.0
DL,1307,Delta Air Lines,-6.0
OO,6420,,-13.0
DL,1283,Delta Air Lines,-3.0
WN,1875,Southwest Airlines,0.0
EV,4922,,-3.0
HA,297,Hawaiian Airlines,-1.0
EV,5007,,-10.0
EV,3948,,2.0
OO,6401,,-6.0
AA,1519,American Airlines,2.0
WN,432,Southwest Airlines,-17.0
WN,2477,Southwest Airlines,-18.0
WN,544,Southwest Airlines,-5.0
OO,4833,,20.0
MQ,3553,,-18.0
WN,315,Southwest Airlines,11.0
OO,4546,,-22.0
B6,1753,JetBlue Airways,
AA,1463,American Airlines,-18.0
NK,339,Spirit Airlines,-15.0
DL,1998,Delta Air Lines,-13.0
MQ,3657,,23.0
WN,1544,Southwest Airlines,4.0
AS,545,Alaska Airlines,74.0
WN,3145,Southwest Airlines,-5.0
US,1815,,-20.0
EV,4169,,-8.0
B6,1567,JetBlue Airways,5.0
MQ,3490,,-13.0
DL,1864,Delta Air Lines,19.0
AS,851,Alaska Airlines,-33.0
EV,5225,,-8.0
B6,327,JetBlue Airways,15.0
WN,1598,Southwest Airlines,
OO,4856,,-6.0
EV,3963,,-6.0
MQ,3545,,-18.0
WN,1510,Southwest Airlines,7.0
UA,702,United Airlines,-20.0
UA,1207,United Airlines,31.0
UA,625,United Airlines,-17.0
DL,1562,Delta Air Lines,-3.0
US,1923,,-5.0
AS,311,Alaska Airlines,-17.0
DL,1166,Delta Air Lines,15.0
WN,2432,Southwest Airlines,-7.0
EV,4737,,6.0
DL,1595,Delta Air Lines,-3.0
DL,2326,Delta Air Lines,5.0
DL,1185,Delta Air Lines,-12.0
WN,3425,Southwest Airlines,-11.0
WN,1851,Southwest Airlines,80.0
AA,1271,American Airlines,-17.0
UA,887,United Airlines,-2.0
DL,771,Delta Air Lines,-18.0
WN,1871,Southwest Airlines,-12.0
DL,611,Delta Air Lines,22.0
UA,1151,United Airlines,34.0
DL,1961,Delta Air Lines,-25.0
AA,985,American Airlines,26.0
EV,5440,,-1.0
VX,358,Virgin America,-38.0
DL,2128,Delta Air Lines,-12.0
DL,2582,Delta Air Lines,-8.0
OO,3448,,-16.0
WN,2330,Southwest Airlines,-26.0
US,2116,,1.0
WN,657,Southwest Airlines,-18.0
HA,145,Hawaiian Airlines,-3.0
B6,2170,JetBlue Airways,-8.0
DL,1873,Delta Air Lines,0.0
NK,719,Spirit Airlines,29.0
DL,1632,Delta Air Lines,-12.0
UA,296,United Airlines,-11.0
WN,1366,Southwest Airlines,-4.0
WN,3084,Southwest Airlines,12.0
OO,6477,,-24.0
AA,256,American Airlines,-38.0
US,1711,,80.0
OO,5336,,4.0
DL,1797,Delta Air Lines,7.0
OO,4669,,-14.0
WN,1237,Southwest Airlines,-5.0
DL,201,Delta Air Lines,-12.0
UA,573,United Airlines,-23.0
WN,35,Southwest Airlines,-20.0
DL,1366,Delta Air Lines,-10.0
AS,65,Alaska Airlines,-18.0
EV,5597,,-22.0
EV,2636,,-5.0
WN,983,Southwest Airlines,
HA,234,Hawaiian Airlines,-8.0
DL,996,Delta Air Lines,-22.0
DL,2562,Delta Air Lines,-25.0
OO,5642,,-3.0
B6,1117,JetBlue Airways,-17.0
AS,55,Alaska Airlines,-5.0
B6,51,JetBlue Airways,-32.0
AS,728,Alaska Airlines,-26.0
EV,4399,,-14.0
EV,5064,,4.0
AS,673,Alaska Airlines,2.0
WN,1440,Southwest Airlines,-6.0
AA,789,American Airlines,-24.0
WN,655,Southwest Airlines,41.0
WN,3564,Southwest Airlines,2.0
OO,5613,,17.0
OO,6332,,-9.0
DL,710,Delta Air Lines,-24.0
MQ,3035,,-7.0
UA,1134,United Airlines,
UA,1459,United Airlines,0.0
DL,1085,Delta Air Lines,35.0
WN,798,Southwest Airlines,14.0
WN,1024,Southwest Airlines,26.0
OO,6497,,-4.0
EV,5155,,42.0
B6,1286,JetBlue Airways,-3.0
OO,5407,,18.0
B6,375,JetBlue Airways,-3.0
US,2041,,3.0
WN,3524,Southwest Airlines,12.0
OO,5532,,20.0
MQ,3437,,67.0
AA,253,American Airlines,-19.0
WN,4830,Southwest Airlines,-7.0
WN,4126,Southwest Airlines,-5.0
AS,805,Alaska Airlines,6.0
WN,1709,Southwest Airlines,-24.0
OO,5165,,-19.0
AS,734,Alaska Airlines,21.0
EV,3837,,-10.0
AA,21,American Airlines,35.0
EV,5259,,-10.0
AS,656,Alaska Airlines,-9.0
EV,4881,,-7.0
WN,61,Southwest Airlines,-7.0
NK,220,Spirit Airlines,-25.0
WN,2768,Southwest Airlines,2.0
WN,136,Southwest Airlines,36.0
UA,1055,United Airlines,
VX,399,Virgin America,-16.0
WN,837,Southwest Airlines,-8.0
AA,365,American Airlines,222.0
DL,2385,Delta Air Lines,-3.0
UA,1412,United Airlines,-7.0
UA,1570,United Airlines,24.0
WN,1746,Southwest Airlines,-10.0
WN,446,Southwest Airlines,-11.0
US,689,,-24.0
AA,1232,American Airlines,-21.0
WN,2629,Southwest Airlines,-3.0
EV,5190,,-3.0
EV,4289,,-6.0
OO,6401,,-10.0
AA,35,American Airlines,98.0
DL,582,Delta Air Lines,24.0
EV,3273,,-20.0
DL,2498,Delta Air Lines,-36.0
DL,1152,Delta Air Lines,-7.0
MQ,3374,,-17.0
HA,35,Hawaiian Airlines,-5.0
EV,4443,,-11.0
EV,4971,,-15.0
WN,1090,Southwest Airlines,-4.0
UA,611,United Airlines,2.0
AA,475,American Airlines,5.0
DL,740,Delta Air Lines,-10.0
B6,842,JetBlue Airways,110.0
F9,1233,Frontier Airlines,-23.0
WN,2465,Southwest Airlines,14.0
DL,1286,Delta Air Lines,-3.0
UA,1224,United Airlines,-7.0
WN,2692,Southwest Airlines,80.0
AA,1002,American Airlines,103.0
UA,451,United Airlines,7.0
WN,3394,Southwest Airlines,22.0
WN,3217,Southwest Airlines,9.0
WN,1800,Southwest Airlines,-3.0
MQ,3100,,-15.0
UA,899,United Airlines,-10.0
WN,1147,Southwest Airlines,68.0
AA,872,American Airlines,-4.0
DL,1278,Delta Air Lines,-9.0
HA,25,Hawaiian Airlines,-24.0
F9,919,Frontier Airlines,-17.0
DL,2593,Delta Air Lines,-28.0
US,2046,,2.0
AA,2030,American Airlines,-8.0
EV,5900,,-10.0
DL,1824,Delta Air Lines,
AA,2387,American Airlines,-1.0
OO,2934,,77.0
UA,247,United Airlines,-22.0
OO,4835,,83.0
WN,1896,Southwest Airlines,20.0
DL,1171,Delta Air Lines,-11.0
WN,2517,Southwest Airlines,-10.0
AA,1333,American Airlines,-23.0
B6,954,JetBlue Airways,3.0
WN,3814,Southwest Airlines,-6.0
B6,1036,JetBlue Airways,6.0
WN,2163,Southwest Airlines,-11.0
WN,1854,Southwest Airlines,-5.0
AA,1258,American Airlines,3.0
WN,2406,Southwest Airlines,36.0
WN,3406,Southwest Airlines,-5.0
MQ,3378,,-20.0
DL,1394,Delta Air Lines,-12.0
B6,395,JetBlue Airways,1.0
WN,2327,Southwest Airlines,-2.0
DL,811,Delta Air Lines,-6.0
OO,5241,,1.0
NK,409,Spirit Airlines,-11.0
UA,1568,United Airlines,-8.0
DL,1277,Delta Air Lines,-17.0
DL,1464,Delta Air Lines,0.0
EV,4259,,-15.0
EV,3274,,-10.0
WN,806,Southwest Airlines,4.0
WN,414,Southwest Airlines,-16.0
OO,5516,,14.0
US,2081,,-1.0
F9,676,Frontier Airlines,4.0
WN,4728,Southwest Airlines,-9.0
DL,1153,Delta Air Lines,0.0
EV,4399,,73.0
WN,590,Southwest Airlines,-23.0
MQ,3236,,6.0
MQ,3446,,-13.0
AA,542,American Airlines,-11.0
WN,3480,Southwest Airlines,-20.0
US,413,,-6.0
UA,439,United Airlines,-17.0
UA,307,United Airlines,-25.0
AA,2522,American Airlines,10.0
F9,525,Frontier Airlines,3.0
DL,2481,Delta Air Lines,-3.0
US,1841,,26.0
MQ,3436,,4.0
OO,2972,,16.0
OO,5321,,-9.0
WN,1677,Southwest Airlines,20.0
AA,2195,American Airlines,-5.0
OO,4662,,-9.0
DL,1790,Delta Air Lines,-10.0
AA,729,American Airlines,-41.0
US,794,,-32.0
DL,2117,Delta Air Lines,-9.0
AA,662,American Airlines,-23.0
OO,6281,,30.0
EV,2558,,107.0
WN,2622,Southwest Airlines,0.0
OO,2888,,-10.0
WN,866,Southwest Airlines,-8.0
WN,4097,Southwest Airlines,-11.0
EV,5332,,392.0
MQ,3319,,-4.0
DL,2047,Delta Air Lines,-26.0
AS,860,Alaska Airlines,6.0
UA,220,United Airlines,19.0
UA,798,United Airlines,22.0
EV,5590,,-2.0
EV,4584,,50.0
OO,4699,,
OO,4593,,20.0
UA,1649,United Airlines,-4.0
WN,4323,Southwest Airlines,-16.0
DL,2300,Delta Air Lines,19.0
US,1879,,-13.0
WN,2327,Southwest Airlines,-13.0
NK,327,Spirit Airlines,120.0
AA,1989,American Airlines,-14.0
WN,2623,Southwest Airlines,-7.0
AA,70,American Airlines,-24.0
OO,6447,,5.0
AS,62,Alaska Airlines,19.0
DL,2201,Delta Air Lines,-8.0
UA,1603,United Airlines,-23.0
DL,739,Delta Air Lines,-1.0
AA,1192,American Airlines,-14.0
DL,2615,Delta Air Lines,-22.0
UA,1166,United Airlines,-5.0
AA,1484,American Airlines,-23.0
F9,1099,Frontier Airlines,23.0
WN,575,Southwest Airlines,-8.0
AA,1950,American Airlines,0.0
MQ,3230,,28.0
WN,525,Southwest Airlines,-35.0
DL,1503,Delta Air Lines,-21.0
EV,4371,,30.0
OO,5157,,45.0
WN,313,Southwest Airlines,11.0
NK,409,Spirit Airlines,1.0
NK,945,Spirit Airlines,18.0
B6,1099,JetBlue Airways,-16.0
DL,2186,Delta Air Lines,-31.0
EV,6172,,16.0
VX,592,Virgin America,28.0
EV,4513,,25.0
UA,1422,United Airlines,-14.0
DL,672,Delta Air Lines,-13.0
B6,929,JetBlue Airways,-29.0
WN,8,Southwest Airlines,-2.0
WN,170,Southwest Airlines,17.0
WN,2054,Southwest Airlines,-10.0
OO,4851,,-8.0
DL,1195,Delta Air Lines,6.0
WN,2698,Southwest Airlines,-20.0
VX,69,Virgin America,5.0
WN,772,Southwest Airlines,-13.0
VX,905,Virgin America,3.0
VX,2,Virgin America,-24.0
UA,606,United Airlines,-37.0
OO,3460,,0.0
WN,1756,Southwest Airlines,18.0
US,531,,5.0
EV,5804,,-12.0
DL,1655,Delta Air Lines,-16.0
MQ,3133,,5.0
DL,2255,Delta Air Lines,5.0
DL,1439,Delta Air Lines,-16.0
OO,6410,,-23.0
WN,259,Southwest Airlines,-29.0
MQ,3243,,17.0
DL,1571,Delta Air Lines,-21.0
WN,726,Southwest Airlines,-1.0
DL,2426,Delta Air Lines,-11.0
DL,2110,Delta Air Lines,-7.0
AA,2109,American Airlines,-17.0
AS,840,Alaska Airlines,-6.0
MQ,3642,,-15.0
AA,2212,American Airlines,-7.0
UA,1543,United Airlines,-8.0
OO,4565,,58.0
NK,925,Spirit Airlines,-7.0
DL,2511,Delta Air Lines,-12.0
WN,4014,Southwest Airlines,43.0
MQ,3190,,19.0
OO,6482,,-15.0
DL,2178,Delta Air Lines,207.0
B6,121,JetBlue Airways,-22.0
WN,844,Southwest Airlines,-8.0
EV,2793,,-9.0
DL,885,Delta Air Lines,25.0
AA,2220,American Airlines,85.0
EV,5496,,-3.0
DL,1988,Delta Air Lines,-7.0
UA,1834,United Airlines,11.0
MQ,3257,,6.0
WN,1094,Southwest Airlines,-1.0
AA,778,American Airlines,-8.0
MQ,2929,,-19.0
WN,1457,Southwest Airlines,-19.0
WN,374,Southwest Airlines,-8.0
DL,795,Delta Air Lines,-6.0
HA,36,Hawaiian Airlines,-10.0
OO,4806,,46.0
UA,1551,United Airlines,46.0
OO,5298,,-11.0
UA,529,United Airlines,-27.0
DL,2475,Delta Air Lines,-1.0
DL,2334,Delta Air Lines,9.0
UA,1212,United Airlines,-13.0
DL,2635,Delta Air Lines,15.0
EV,4189,,18.0
UA,300,United Airlines,3.0
DL,1603,Delta Air Lines,-8.0
AS,843,Alaska Airlines,21.0
UA,1440,United Airlines,-39.0
WN,3935,Southwest Airlines,-15.0
MQ,2994,,1.0
EV,5126,,6.0
DL,1613,Delta Air Lines,-7.0
WN,4918,Southwest Airlines,-10.0
NK,711,Spirit Airlines,6.0
NK,464,Spirit Airlines,35.0
AS,17,Alaska Airlines,29.0
DL,1524,Delta Air Lines,-6.0
OO,4968,,31.0
AA,391,American Airlines,-21.0
OO,4654,,-1.0
DL,2803,Delta Air Lines,2.0
MQ,3663,,-11.0
DL,1475,Delta Air Lines,-8.0
DL,1188,Delta Air Lines,27.0
B6,584,JetBlue Airways,-3.0
EV,5072,,-17.0
OO,4972,,9.0
WN,1028,Southwest Airlines,-11.0
B6,1373,JetBlue Airways,-5.0
WN,2758,Southwest Airlines,17.0
DL,1440,Delta Air Lines,-10.0
DL,1068,Delta Air Lines,-16.0
VX,411,Virgin America,-8.0
AA,1456,American Airlines,-5.0
DL,1327,Delta Air Lines,-7.0
DL,770,Delta Air Lines,-13.0
EV,6105,,-15.0
MQ,3338,,-18.0
B6,135,JetBlue Airways,-11.0
WN,271,Southwest Airlines,-27.0
EV,5319,,-24.0
WN,857,Southwest Airlines,56.0
AA,1673,American Airlines,-28.0
WN,4448,Southwest Airlines,-16.0
AA,1411,American Airlines,-5.0
US,2042,,-9.0
OO,5613,,-14.0
MQ,3183,,13.0
DL,2118,Delta Air Lines,91.0
EV,4639,,-4.0
MQ,3388,,31.0
UA,501,United Airlines,-2.0
AA,714,American Airlines,-7.0
OO,6338,,-1.0
AA,2511,American Airlines,-12.0
WN,3027,Southwest Airlines,52.0
MQ,3461,,-4.0
VX,810,Virgin America,134.0
EV,4428,,2.0
DL,1666,Delta Air Lines,-9.0
AS,547,Alaska Airlines,-12.0
UA,773,United Airlines,-9.0
WN,1960,Southwest Airlines,43.0
AA,425,American Airlines,1.0
DL,2231,Delta Air Lines,-9.0
WN,4277,Southwest Airlines,3.0
WN,173,Southwest Airlines,7.0
VX,251,Virgin America,-16.0
AA,1006,American Airlines,4.0
DL,1912,Delta Air Lines,-10.0
AA,160,American Airlines,0.0
WN,4075,Southwest Airlines,-15.0
UA,1917,United Airlines,-18.0
NK,218,Spirit Airlines,-3.0
WN,290,Southwest Airlines,29.0
AA,207,American Airlines,1.0
HA,373,Hawaiian Airlines,1.0
DL,1336,Delta Air Lines,-2.0
EV,5335,,-6.0
US,412,,-14.0
B6,889,JetBlue Airways,3.0
OO,5299,,55.0
DL,2283,Delta Air Lines,-7.0
EV,4123,,-25.0
OO,5529,,5.0
DL,2347,Delta Air Lines,-6.0
UA,1698,United Airlines,54.0
EV,3849,,-6.0
NK,144,Spirit Airlines,-14.0
WN,2174,Southwest Airlines,-2.0
OO,7369,,-19.0
DL,2104,Delta Air Lines,-15.0
OO,6250,,0.0
EV,4481,,-8.0
WN,172,Southwest Airlines,-3.0
F9,364,Frontier Airlines,-16.0
B6,986,JetBlue Airways,1.0
UA,1549,United Airlines,-3.0
UA,812,United Airlines,-13.0
MQ,3287,,15.0
WN,452,Southwest Airlines,15.0
WN,3434,Southwest Airlines,16.0
DL,2314,Delta Air Lines,33.0
EV,3269,,18.0
WN,1245,Southwest Airlines,-13.0
EV,5801,,9.0
HA,213,Hawaiian Airlines,21.0
OO,4589,,-13.0
UA,497,United Airlines,-8.0
WN,693,Southwest Airlines,9.0
DL,1941,Delta Air Lines,-32.0
B6,1401,JetBlue Airways,-2.0
F9,1275,Frontier Airlines,60.0
EV,4684,,-3.0
UA,1179,United Airlines,-9.0
WN,1224,Southwest Airlines,-16.0
AA,61,American Airlines,-16.0
OO,4640,,-26.0
UA,319,United Airlines,-8.0
AA,1799,American Airlines,3.0
US,2149,,64.0
OO,5471,,47.0
OO,5593,,0.0
AA,311,American Airlines,12.0
DL,1070,Delta Air Lines,1.0
AA,2299,American Airlines,183.0
WN,644,Southwest Airlines,3.0
AS,794,Alaska Airlines,3.0
NK,197,Spirit Airlines,-22.0
AA,1667,American Airlines,
UA,1248,United Airlines,2.0
EV,3834,,22.0
B6,1572,JetBlue Airways,18.0
OO,4540,,11.0
DL,849,Delta Air Lines,-8.0
EV,2681,,-2.0
VX,947,Virgin America,20.0
DL,2687,Delta Air Lines,41.0
WN,2554,Southwest Airlines,9.0
WN,2530,Southwest Airlines,16.0
EV,4991,,-2.0
OO,4557,,-4.0
B6,523,JetBlue Airways,
B6,1254,JetBlue Airways,-14.0
AA,373,American Airlines,-19.0
OO,6520,,-3.0
OO,4623,,1.0
DL,1444,Delta Air Lines,-8.0
MQ,3235,,-2.0
UA,1509,United Airlines,-22.0
MQ,2949,,
DL,1294,Delta Air Lines,333.0
NK,785,Spirit Airlines,80.0
WN,425,Southwest Airlines,19.0
VX,715,Virgin America,-9.0
DL,1349,Delta Air Lines,-5.0
US,840,,-6.0
UA,1255,United Airlines,9.0
B6,1039,JetBlue Airways,-6.0
VX,337,Virgin America,20.0
UA,2001,United Airlines,-8.0
WN,1096,Southwest Airlines,11.0
UA,655,United Airlines,2.0
WN,658,Southwest Airlines,9.0
AS,734,Alaska Airlines,-24.0
AA,1856,American Airlines,-8.0
B6,288,JetBlue Airways,-23.0
UA,1185,United Airlines,56.0
OO,2768,,125.0
OO,4678,,0.0
DL,770,Delta Air Lines,4.0
WN,2496,Southwest Airlines,14.0
WN,1195,Southwest Airlines,-8.0
DL,702,Delta Air Lines,-12.0
WN,3913,Southwest Airlines,14.0
DL,2649,Delta Air Lines,-15.0
EV,5329,,-8.0
HA,195,Hawaiian Airlines,-3.0
WN,4074,Southwest Airlines,-16.0
WN,1613,Southwest Airlines,23.0
DL,1704,Delta Air Lines,-20.0
AA,712,American Airlines,-6.0
MQ,3664,,-15.0
DL,1947,Delta Air Lines,-12.0
OO,4989,,-16.0
AA,1523,American Airlines,15.0
EV,4948,,13.0
WN,667,Southwest Airlines,20.0
AS,361,Alaska Airlines,-3.0
MQ,3342,,-12.0
AA,1266,American Airlines,75.0
DL,2254,Delta Air Lines,-6.0
DL,375,Delta Air Lines,-9.0
WN,3226,Southwest Airlines,-7.0
MQ,3221,,9.0
UA,1748,United Airlines,33.0
DL,2439,Delta Air Lines,-11.0
WN,264,Southwest Airlines,1.0
WN,3739,Southwest Airlines,-27.0
HA,246,Hawaiian Airlines,-5.0
WN,3639,Southwest Airlines,-8.0
MQ,3457,,
AA,2286,American Airlines,9.0
B6,290,JetBlue Airways,-17.0
OO,6511,,7.0
HA,241,Hawaiian Airlines,-12.0
UA,586,United Airlines,-12.0
EV,2806,,-5.0
UA,1160,United Airlines,-24.0
OO,4711,,33.0
MQ,3334,,-15.0
AA,2508,American Airlines,-12.0
AS,134,Alaska Airlines,-19.0
DL,805,Delta Air Lines,-13.0
AA,1329,American Airlines,-12.0
WN,1814,Southwest Airlines,23.0
AA,1867,American Airlines,66.0
UA,1272,United Airlines,16.0
NK,619,Spirit Airlines,-1.0
AS,567,Alaska Airlines,35.0
EV,2799,,-13.0
MQ,3432,,
NK,852,Spirit Airlines,2.0
EV,4947,,19.0
DL,1517,Delta Air Lines,-35.0
DL,201,Delta Air Lines,-11.0
US,1709,,-7.0
OO,4774,,-18.0
UA,717,United Airlines,7.0
AS,116,Alaska Airlines,-16.0
NK,368,Spirit Airlines,19.0
UA,1196,United Airlines,88.0
US,686,,-13.0
DL,924,Delta Air Lines,13.0
DL,1302,Delta Air Lines,-30.0
HA,2,Hawaiian Airlines,-24.0
B6,188,JetBlue Airways,-5.0
OO,5515,,-4.0
DL,1226,Delta Air Lines,12.0
NK,341,Spirit Airlines,-23.0
OO,5257,,-4.0
WN,2852,Southwest Airlines,-32.0
US,768,,21.0
B6,602,JetBlue Airways,-21.0
WN,289,Southwest Airlines,-19.0
WN,958,Southwest Airlines,13.0
AA,1987,American Airlines,-35.0
WN,2919,Southwest Airlines,
DL,1761,Delta Air Lines,-25.0
UA,1721,United Airlines,24.0
WN,4541,Southwest Airlines,-24.0
US,863,,7.0
MQ,3525,,
UA,472,United Airlines,20.0
F9,1077,Frontier Airlines,9.0
DL,2116,Delta Air Lines,-15.0
MQ,2931,,-23.0
UA,429,United Airlines,-22.0
UA,1503,United Airlines,5.0
DL,2139,Delta Air Lines,1.0
AA,240,American Airlines,0.0
WN,236,Southwest Airlines,-5.0
DL,2380,Delta Air Lines,-16.0
WN,3299,Southwest Airlines,33.0
DL,1478,Delta Air Lines,-13.0
B6,723,JetBlue Airways,-2.0
EV,4669,,-7.0
WN,2880,Southwest Airlines,
AS,51,Alaska Airlines,2.0
WN,483,Southwest Airlines,-2.0
AA,371,American Airlines,-29.0
AA,454,American Airlines,23.0
AA,1361,American Airlines,-10.0
EV,5114,,21.0
AA,2262,American Airlines,-3.0
DL,1600,Delta Air Lines,-22.0
AA,2401,American Airlines,-22.0
OO,6284,,-10.0
AS,582,Alaska Airlines,3.0
AA,2220,American Airlines,22.0
AS,806,Alaska Airlines,-36.0
HA,141,Hawaiian Airlines,27.0
EV,2691,,-10.0
EV,2697,,-6.0
WN,1097,Southwest Airlines,-10.0
B6,481,JetBlue Airways,-9.0
WN,1798,Southwest Airlines,
DL,557,Delta Air Lines,-16.0
WN,6197,Southwest Airlines,-8.0
EV,6053,,-14.0
MQ,3508,,-7.0
WN,497,Southwest Airlines,15.0
MQ,3480,,-30.0
OO,5186,,-13.0
OO,7414,,-19.0
B6,578,JetBlue Airways,-3.0
WN,925,Southwest Airlines,94.0
OO,5549,,-8.0
DL,2575,Delta Air Lines,-14.0
HA,158,Hawaiian Airlines,-10.0
WN,1670,Southwest Airlines,7.0
DL,1961,Delta Air Lines,-8.0
EV,5398,,-2.0
EV,5091,,-7.0
UA,1602,United Airlines,-11.0
WN,2923,Southwest Airlines,-9.0
WN,274,Southwest Airlines,-28.0
WN,24,Southwest Airlines,0.0
WN,3563,Southwest Airlines,10.0
OO,5650,,-7.0
EV,5096,,0.0
UA,520,United Airlines,4.0
AS,522,Alaska Airlines,-2.0
UA,649,United Airlines,-16.0
WN,31,Southwest Airlines,-24.0
WN,1976,Southwest Airlines,44.0
OO,4709,,-18.0
WN,5555,Southwest Airlines,-15.0
OO,5400,,118.0
AA,1455,American Airlines,-22.0
UA,1676,United Airlines,6.0
UA,1133,United Airlines,9.0
WN,240,Southwest Airlines,184.0
UA,1722,United Airlines,0.0
OO,6431,,-7.0
WN,546,Southwest Airlines,-3.0
B6,745,JetBlue Airways,43.0
WN,2857,Southwest Airlines,-16.0
AA,1244,American Airlines,-20.0
WN,4471,Southwest Airlines,116.0
WN,1253,Southwest Airlines,-19.0
MQ,3214,,511.0
WN,412,Southwest Airlines,-10.0
UA,812,United Airlines,10.0
DL,1788,Delta Air Lines,14.0
WN,671,Southwest Airlines,64.0
AA,628,American Airlines,-3.0
DL,2479,Delta Air Lines,-16.0
US,1841,,-22.0
EV,4575,,-19.0
AA,168,American Airlines,-23.0
EV,4892,,-9.0
HA,303,Hawaiian Airlines,0.0
WN,3016,Southwest Airlines,-3.0
WN,1782,Southwest Airlines,12.0
WN,1986,Southwest Airlines,13.0
UA,1155,United Airlines,-24.0
AA,2208,American Airlines,-17.0
US,895,,0.0
EV,5006,,-8.0
UA,577,United Airlines,3.0
WN,249,Southwest Airlines,-11.0
DL,811,Delta Air Lines,2.0
WN,2949,Southwest Airlines,-2.0
WN,2476,Southwest Airlines,38.0
AS,65,Alaska Airlines,-2.0
WN,129,Southwest Airlines,-12.0
WN,4465,Southwest Airlines,147.0
AA,21,American Airlines,16.0
DL,1065,Delta Air Lines,-11.0
OO,6195,,9.0
UA,284,United Airlines,94.0
OO,6439,,-17.0
AA,1634,American Airlines,-15.0
UA,1214,United Airlines,67.0
DL,2361,Delta Air Lines,-11.0
US,2155,,50.0
WN,2056,Southwest Airlines,0.0
EV,5567,,58.0
OO,5292,,2.0
AA,160,American Airlines,-29.0
EV,4376,,18.0
DL,2540,Delta Air Lines,-3.0
WN,205,Southwest Airlines,46.0
OO,4807,,-5.0
WN,1376,Southwest Airlines,90.0
WN,2994,Southwest Airlines,10.0
DL,2537,Delta Air Lines,8.0
OO,4982,,-20.0
DL,2461,Delta Air Lines,-13.0
AS,774,Alaska Airlines,-13.0
DL,2567,Delta Air Lines,-14.0
AS,452,Alaska Airlines,13.0
B6,475,JetBlue Airways,-19.0
DL,2469,Delta Air Lines,-20.0
UA,598,United Airlines,-6.0
WN,4030,Southwest Airlines,-12.0
WN,459,Southwest Airlines,11.0
EV,5756,,-25.0
MQ,2967,,-19.0
WN,838,Southwest Airlines,8.0
UA,350,United Airlines,93.0
UA,247,United Airlines,0.0
WN,124,Southwest Airlines,-17.0
DL,2484,Delta Air Lines,30.0
DL,1138,Delta Air Lines,-1.0
US,1744,,-16.0
AA,43,American Airlines,-5.0
AA,1491,American Airlines,15.0
WN,211,Southwest Airlines,-12.0
NK,968,Spirit Airlines,0.0
EV,4950,,-21.0
AA,2331,American Airlines,-5.0
OO,4744,,-21.0
OO,4965,,40.0
WN,756,Southwest Airlines,14.0
WN,2540,Southwest Airlines,1.0
AA,1471,American Airlines,31.0
DL,367,Delta Air Lines,2.0
WN,3108,Southwest Airlines,-12.0
OO,6298,,-7.0
NK,424,Spirit Airlines,-6.0
WN,526,Southwest Airlines,-15.0
HA,2,Hawaiian Airlines,-21.0
DL,559,Delta Air Lines,-21.0
OO,6403,,-27.0
VX,222,Virgin America,12.0
WN,246,Southwest Airlines,-11.0
DL,437,Delta Air Lines,-17.0
HA,279,Hawaiian Airlines,1.0
DL,761,Delta Air Lines,24.0
AS,760,Alaska Airlines,29.0
OO,7414,,-7.0
OO,5336,,5.0
B6,2115,JetBlue Airways,-25.0
EV,4594,,-23.0
AA,1499,American Airlines,-7.0
OO,6497,,11.0
OO,4650,,-8.0
UA,243,United Airlines,65.0
WN,556,Southwest Airlines,19.0
EV,2806,,-8.0
AA,2214,American Airlines,-15.0
NK,641,Spirit Airlines,-13.0
UA,500,United Airlines,-8.0
EV,4880,,-8.0
WN,623,Southwest Airlines,23.0
WN,359,Southwest Airlines,19.0
AA,1722,American Airlines,-14.0
NK,770,Spirit Airlines,2.0
US,1835,,-12.0
UA,520,United Airlines,1.0
DL,1416,Delta Air Lines,22.0
UA,650,United Airlines,188.0
UA,1767,United Airlines,0.0
WN,265,Southwest Airlines,-24.0
DL,773,Delta Air Lines,-16.0
WN,1826,Southwest Airlines,-23.0
UA,268,United Airlines,-30.0
MQ,3602,,-12.0
MQ,3464,,15.0
OO,4851,,5.0
EV,4395,,-6.0
DL,2010,Delta Air Lines,-7.0
EV,5438,,-5.0
EV,3955,,46.0
DL,1338,Delta Air Lines,-22.0
OO,4551,,-14.0
WN,1731,Southwest Airlines,-19.0
EV,3832,,10.0
WN,543,Southwest Airlines,-10.0
DL,969,Delta Air Lines,-10.0
OO,5211,,5.0
B6,1015,JetBlue Airways,11.0
AA,1564,American Airlines,-3.0
WN,360,Southwest Airlines,17.0
B6,318,JetBlue Airways,-16.0
WN,1326,Southwest Airlines,-24.0
B6,147,JetBlue Airways,-5.0
US,1727,,25.0
UA,470,United Airlines,-9.0
AA,2456,American Airlines,43.0
WN,1724,Southwest Airlines,13.0
WN,642,Southwest Airlines,-32.0
DL,1168,Delta Air Lines,2.0
OO,6322,,-16.0
AA,1228,American Airlines,-5.0
DL,1430,Delta Air Lines,-3.0
WN,2785,Southwest Airlines,3.0
AA,1705,American Airlines,-23.0
WN,2957,Southwest Airlines,11.0
EV,4325,,3.0
UA,244,United Airlines,-14.0
WN,167,Southwest Airlines,-19.0
MQ,3426,,-14.0
UA,1567,United Airlines,116.0
WN,2956,Southwest Airlines,162.0
WN,1214,Southwest Airlines,20.0
UA,1160,United Airlines,-37.0
DL,2007,Delta Air Lines,-10.0
OO,2932,,64.0
WN,999,Southwest Airlines,-8.0
WN,232,Southwest Airlines,20.0
WN,2298,Southwest Airlines,-4.0
WN,895,Southwest Airlines,-12.0
DL,1771,Delta Air Lines,-4.0
DL,1224,Delta Air Lines,-19.0
B6,329,JetBlue Airways,43.0
B6,1290,JetBlue Airways,268.0
DL,1805,Delta Air Lines,-10.0
OO,4464,,13.0
B6,1915,JetBlue Airways,-2.0
WN,772,Southwest Airlines,6.0
NK,867,Spirit Airlines,1.0
WN,5511,Southwest Airlines,-5.0
US,1867,,-8.0
F9,1061,Frontier Airlines,4.0
UA,1141,United Airlines,19.0
OO,5643,,10.0
AA,1544,American Airlines,52.0
OO,4548,,-12.0
UA,1242,United Airlines,20.0
OO,4695,,-1.0
AA,1147,American Airlines,-8.0
MQ,2922,,
WN,3932,Southwest Airlines,2.0
US,463,,3.0
WN,3114,Southwest Airlines,25.0
DL,1423,Delta Air Lines,-13.0
EV,5603,,0.0
WN,43,Southwest Airlines,-3.0
EV,4199,,40.0
AS,414,Alaska Airlines,10.0
MQ,3251,,-8.0
WN,775,Southwest Airlines,-19.0
US,792,,23.0
OO,4508,,7.0
DL,1712,Delta Air Lines,2.0
AA,1598,American Airlines,41.0
WN,503,Southwest Airlines,-8.0
DL,1088,Delta Air Lines,-15.0
WN,5946,Southwest Airlines,6.0
AA,2353,American Airlines,-5.0
OO,2806,,-9.0
HA,208,Hawaiian Airlines,-8.0
WN,3681,Southwest Airlines,-14.0
DL,2227,Delta Air Lines,-23.0
DL,1421,Delta Air Lines,-5.0
WN,2256,Southwest Airlines,0.0
UA,1557,United Airlines,-28.0
EV,4934,,19.0
DL,2581,Delta Air Lines,96.0
MQ,3326,,-15.0
OO,7381,,-7.0
AA,1569,American Airlines,22.0
MQ,3322,,19.0
DL,2557,Delta Air Lines,-14.0
US,1833,,23.0
EV,4325,,-16.0
DL,1955,Delta Air Lines,-12.0
NK,816,Spirit Airlines,-5.0
WN,2139,Southwest Airlines,2.0
EV,4363,,-4.0
WN,28,Southwest Airlines,33.0
WN,2834,Southwest Airlines,-12.0
UA,1769,United Airlines,-5.0
NK,852,Spirit Airlines,4.0
WN,3827,Southwest Airlines,58.0
MQ,3636,,-33.0
DL,2199,Delta Air Lines,-17.0
EV,6176,,-20.0
OO,5479,,-2.0
WN,1426,Southwest Airlines,-4.0
EV,5308,,-8.0
DL,755,Delta Air Lines,29.0
UA,1722,United Airlines,16.0
WN,3145,Southwest Airlines,-10.0
EV,4926,,-5.0
WN,52,Southwest Airlines,-34.0
WN,1502,Southwest Airlines,58.0
AS,583,Alaska Airlines,-19.0
WN,1184,Southwest Airlines,44.0
UA,1585,United Airlines,-41.0
DL,1481,Delta Air Lines,-5.0
WN,2059,Southwest Airlines,6.0
EV,5123,,-10.0
OO,4594,,-17.0
DL,1115,Delta Air Lines,-14.0
AA,731,American Airlines,23.0
UA,1141,United Airlines,-24.0
UA,1238,United Airlines,-1.0
DL,2618,Delta Air Lines,-3.0
WN,867,Southwest Airlines,-2.0
WN,1662,Southwest Airlines,-14.0
NK,261,Spirit Airlines,4.0
WN,642,Southwest Airlines,-9.0
UA,1444,United Airlines,-13.0
EV,5606,,-22.0
UA,1251,United Airlines,36.0
MQ,3390,,5.0
MQ,3201,,30.0
EV,4892,,174.0
AS,674,Alaska Airlines,-10.0
AA,461,American Airlines,-9.0
WN,4685,Southwest Airlines,-4.0
DL,1067,Delta Air Lines,-10.0
MQ,3302,,-19.0
OO,6373,,-24.0
WN,329,Southwest Airlines,-3.0
DL,1817,Delta Air Lines,-23.0
EV,4244,,6.0
DL,2776,Delta Air Lines,26.0
WN,3747,Southwest Airlines,3.0
UA,980,United Airlines,116.0
OO,5185,,-4.0
MQ,3252,,308.0
EV,5071,,-9.0
AA,1033,American Airlines,-14.0
NK,108,Spirit Airlines,-5.0
WN,4,Southwest Airlines,-3.0
MQ,3495,,39.0
AA,2286,American Airlines,-5.0
US,424,,-4.0
WN,566,Southwest Airlines,132.0
AA,2382,American Airlines,-9.0
UA,486,United Airlines,-29.0
DL,2834,Delta Air Lines,19.0
EV,5192,,-16.0
WN,1137,Southwest Airlines,-10.0
OO,6431,,68.0
WN,1161,Southwest Airlines,-18.0
F9,403,Frontier Airlines,8.0
US,1847,,8.0
WN,463,Southwest Airlines,-19.0
UA,1472,United Airlines,-9.0
OO,5185,,
DL,2062,Delta Air Lines,27.0
OO,5245,,-15.0
WN,4544,Southwest Airlines,-11.0
WN,752,Southwest Airlines,-5.0
AA,778,American Airlines,-6.0
DL,2543,Delta Air Lines,-12.0
AA,1090,American Airlines,-12.0
AA,271,American Airlines,-5.0
WN,321,Southwest Airlines,14.0
MQ,3461,,21.0
WN,2743,Southwest Airlines,187.0
WN,1110,Southwest Airlines,-1.0
UA,1526,United Airlines,-17.0
DL,2130,Delta Air Lines,-4.0
WN,801,Southwest Airlines,-4.0
UA,1083,United Airlines,-1.0
NK,985,Spirit Airlines,-9.0
EV,4502,,-1.0
OO,7407,,5.0
AA,1309,American Airlines,-9.0
MQ,3471,,-19.0
DL,1624,Delta Air Lines,-3.0
WN,2868,Southwest Airlines,2.0
WN,497,Southwest Airlines,-1.0
US,873,,-23.0
UA,1603,United Airlines,-15.0
DL,1457,Delta Air Lines,25.0
EV,4168,,-11.0
WN,1994,Southwest Airlines,19.0
EV,4899,,21.0
DL,1233,Delta Air Lines,-21.0
OO,2882,,-15.0
US,436,,-6.0
UA,616,United Airlines,11.0
UA,792,United Airlines,37.0
MQ,3046,,-16.0
UA,203,United Airlines,12.0
OO,4523,,130.0
UA,486,United Airlines,-21.0
DL,2170,Delta Air Lines,-2.0
WN,2545,Southwest Airlines,4.0
MQ,3108,,37.0
WN,2983,Southwest Airlines,-14.0
UA,561,United Airlines,60.0
OO,5621,,-6.0
EV,5053,,
DL,905,Delta Air Lines,-5.0
WN,2791,Southwest Airlines,1.0
WN,4008,Southwest Airlines,-11.0
EV,5457,,-20.0
EV,5987,,0.0
DL,29,Delta Air Lines,0.0
EV,4654,,11.0
WN,1119,Southwest Airlines,-20.0
EV,4902,,38.0
AA,1984,American Airlines,-6.0
AA,2414,American Airlines,-29.0
WN,779,Southwest Airlines,171.0
EV,5735,,-11.0
WN,4735,Southwest Airlines,7.0
DL,87,Delta Air Lines,29.0
EV,4624,,-6.0
F9,1479,Frontier Airlines,18.0
US,1983,,37.0
EV,5698,,-4.0
DL,1804,Delta Air Lines,-26.0
AA,2133,American Airlines,7.0
DL,1858,Delta Air Lines,-9.0
MQ,3633,,12.0
MQ,3167,,-16.0
AS,744,Alaska Airlines,-6.0
HA,114,Hawaiian Airlines,-6.0
WN,61,Southwest Airlines,18.0
DL,1733,Delta Air Lines,-4.0
WN,1599,Southwest Airlines,111.0
WN,989,Southwest Airlines,-12.0
EV,5586,,-5.0
OO,2771,,22.0
EV,2616,,-7.0
EV,5975,,-11.0
DL,476,Delta Air Lines,85.0
AS,677,Alaska Airlines,-12.0
WN,356,Southwest Airlines,27.0
MQ,3200,,-7.0
WN,1227,Southwest Airlines,-11.0
MQ,3562,,-22.0
OO,4985,,-4.0
WN,1078,Southwest Airlines,-7.0
DL,2365,Delta Air Lines,0.0
DL,1412,Delta Air Lines,-7.0
WN,299,Southwest Airlines,16.0
US,754,,47.0
WN,348,Southwest Airlines,92.0
US,779,,-2.0
EV,5571,,32.0
WN,683,Southwest Airlines,-9.0
EV,5803,,-10.0
UA,1652,United Airlines,-8.0
B6,816,JetBlue Airways,-22.0
UA,234,United Airlines,9.0
WN,3665,Southwest Airlines,10.0
DL,18,Delta Air Lines,-7.0
US,1794,,-19.0
MQ,3265,,-13.0
WN,2787,Southwest Airlines,-10.0
DL,2128,Delta Air Lines,-11.0
AS,67,Alaska Airlines,-10.0
AA,285,American Airlines,4.0
AA,1151,American Airlines,-4.0
AA,894,American Airlines,0.0
DL,2289,Delta Air Lines,25.0
US,2139,,-17.0
OO,5373,,-17.0
DL,2098,Delta Air Lines,-11.0
OO,4565,,-4.0
OO,6478,,-10.0
WN,1391,Southwest Airlines,73.0
EV,4640,,-27.0
US,1958,,7.0
UA,1953,United Airlines,-1.0
WN,1815,Southwest Airlines,-18.0
UA,1539,United Airlines,10.0
EV,4624,,-5.0
UA,1721,United Airlines,-1.0
DL,1072,Delta Air Lines,-16.0
B6,1580,JetBlue Airways,94.0
DL,1835,Delta Air Lines,-12.0
OO,6287,,-2.0
UA,1931,United Airlines,-20.0
UA,338,United Airlines,-25.0
WN,774,Southwest Airlines,5.0
AA,1829,American Airlines,4.0
DL,1703,Delta Air Lines,163.0
VX,960,Virgin America,-14.0
HA,326,Hawaiian Airlines,2.0
EV,6183,,-14.0
WN,1879,Southwest Airlines,-1.0
NK,410,Spirit Airlines,73.0
AA,1582,American Airlines,-38.0
AA,76,American Airlines,-11.0
AA,919,American Airlines,4.0
OO,4967,,
WN,4832,Southwest Airlines,54.0
OO,4460,,-10.0
DL,787,Delta Air Lines,-10.0
UA,1241,United Airlines,-1.0
EV,4744,,34.0
OO,5331,,-9.0
US,781,,-7.0
DL,1970,Delta Air Lines,-11.0
EV,4666,,-18.0
DL,1872,Delta Air Lines,-15.0
WN,1894,Southwest Airlines,-13.0
OO,5656,,18.0
DL,960,Delta Air Lines,-12.0
OO,4505,,-1.0
HA,148,Hawaiian Airlines,-1.0
AA,1844,American Airlines,-7.0
DL,2226,Delta Air Lines,-9.0
EV,4127,,1.0
NK,711,Spirit Airlines,-46.0
UA,1544,United Airlines,-8.0
UA,1178,United Airlines,-3.0
WN,1889,Southwest Airlines,-29.0
AA,1310,American Airlines,19.0
WN,4064,Southwest Airlines,-19.0
US,1961,,
EV,5224,,93.0
UA,1079,United Airlines,2.0
OO,5212,,51.0
US,581,,-31.0
OO,7428,,-7.0
AA,43,American Airlines,-11.0
DL,1298,Delta Air Lines,-26.0
MQ,3232,,31.0
UA,422,United Airlines,-14.0
NK,446,Spirit Airlines,-25.0
EV,4995,,91.0
DL,1162,Delta Air Lines,-10.0
AA,862,American Airlines,-23.0
NK,220,Spirit Airlines,62.0
DL,1184,Delta Air Lines,1.0
EV,5918,,27.0
US,2029,,-15.0
WN,2059,Southwest Airlines,13.0
NK,868,Spirit Airlines,-3.0
EV,4108,,-12.0
MQ,3558,,15.0
UA,507,United Airlines,25.0
OO,6259,,-17.0
WN,4474,Southwest Airlines,2.0
WN,2852,Southwest Airlines,-19.0
UA,1601,United Airlines,-21.0
OO,6266,,22.0
UA,1764,United Airlines,-5.0
EV,4646,,-2.0
WN,3220,Southwest Airlines,1.0
WN,192,Southwest Airlines,-4.0
WN,167,Southwest Airlines,25.0
OO,5315,,-7.0
DL,2342,Delta Air Lines,-11.0
OO,6459,,10.0
UA,533,United Airlines,6.0
OO,4802,,-13.0
AA,97,American Airlines,-4.0
WN,1703,Southwest Airlines,-15.0
B6,1407,JetBlue Airways,-17.0
OO,2603,,6.0
DL,2420,Delta Air Lines,-4.0
AA,1077,American Airlines,26.0
MQ,3629,,14.0
OO,4700,,-10.0
UA,1012,United Airlines,-5.0
OO,2837,,79.0
WN,185,Southwest Airlines,15.0
VX,367,Virgin America,-35.0
OO,5356,,3.0
DL,1803,Delta Air Lines,-5.0
US,471,,-2.0
DL,1466,Delta Air Lines,-8.0
UA,898,United Airlines,-9.0
DL,2513,Delta Air Lines,-9.0
WN,140,Southwest Airlines,41.0
B6,2680,JetBlue Airways,-15.0
OO,2697,,5.0
AA,194,American Airlines,7.0
AA,1350,American Airlines,-17.0
UA,73,United Airlines,17.0
B6,1901,JetBlue Airways,8.0
AA,1063,American Airlines,-8.0
WN,4817,Southwest Airlines,
EV,5066,,6.0
DL,1369,Delta Air Lines,-6.0
AA,1098,American Airlines,11.0
WN,320,Southwest Airlines,-15.0
AS,812,Alaska Airlines,-11.0
WN,2694,Southwest Airlines,-9.0
OO,6207,,-5.0
DL,1980,Delta Air Lines,7.0
EV,5145,,-15.0
AA,604,American Airlines,-14.0
DL,1272,Delta Air Lines,1.0
US,585,,38.0
WN,114,Southwest Airlines,-2.0
WN,257,Southwest Airlines,-20.0
WN,2433,Southwest Airlines,76.0
UA,393,United Airlines,-2.0
MQ,3342,,-7.0
AS,615,Alaska Airlines,-12.0
EV,4283,,12.0
WN,2184,Southwest Airlines,45.0
AA,220,American Airlines,5.0
UA,1758,United Airlines,0.0
WN,2451,Southwest Airlines,-2.0
WN,3749,Southwest Airlines,26.0
OO,4461,,-1.0
DL,1572,Delta Air Lines,-21.0
WN,392,Southwest Airlines,-3.0
AA,491,American Airlines,18.0
AA,1085,American Airlines,-13.0
DL,1884,Delta Air Lines,7.0
NK,976,Spirit Airlines,2.0
EV,4576,,66.0
B6,683,JetBlue Airways,-16.0
OO,7373,,-14.0
DL,2066,Delta Air Lines,-27.0
AS,38,Alaska Airlines,-23.0
WN,2111,Southwest Airlines,-14.0
EV,4404,,
OO,6234,,14.0
WN,2307,Southwest Airlines,-2.0
NK,470,Spirit Airlines,-22.0
AA,2251,American Airlines,-20.0
WN,3415,Southwest Airlines,-11.0
AA,304,American Airlines,-7.0
WN,4044,Southwest Airlines,-19.0
AA,378,American Airlines,-9.0
UA,696,United Airlines,-24.0
DL,1710,Delta Air Lines,1.0
WN,4221,Southwest Airlines,-9.0
WN,3302,Southwest Airlines,1.0
DL,2294,Delta Air Lines,4.0
DL,2360,Delta Air Lines,
F9,146,Frontier Airlines,-5.0
VX,766,Virgin America,62.0
AA,1345,American Airlines,184.0
B6,23,JetBlue Airways,49.0
DL,1864,Delta Air Lines,-14.0
NK,615,Spirit Airlines,46.0
OO,6530,,-23.0
WN,3925,Southwest Airlines,4.0
DL,2321,Delta Air Lines,18.0
OO,5366,,-2.0
DL,766,Delta Air Lines,-36.0
HA,205,Hawaiian Airlines,-8.0
OO,4557,,10.0
OO,4451,,-7.0
EV,5372,,-14.0
B6,1734,JetBlue Airways,-29.0
US,1893,,-14.0
EV,3834,,-2.0
UA,703,United Airlines,-21.0
DL,1110,Delta Air Lines,-14.0
B6,115,JetBlue Airways,-19.0
B6,624,JetBlue Airways,14.0
EV,6122,,-24.0
AA,1805,American Airlines,152.0
DL,2020,Delta Air Lines,-23.0
B6,460,JetBlue Airways,-1.0
DL,1606,Delta Air Lines,-15.0
US,1760,,-19.0
WN,892,Southwest Airlines,-21.0
NK,713,Spirit Airlines,-15.0
AA,232,American Airlines,-4.0
AS,587,Alaska Airlines,-4.0
B6,866,JetBlue Airways,-10.0
OO,7401,,-8.0
WN,2033,Southwest Airlines,1.0
WN,1292,Southwest Airlines,-13.0
WN,290,Southwest Airlines,-26.0
EV,6069,,39.0
EV,6019,,-3.0
AS,490,Alaska Airlines,35.0
EV,5533,,-14.0
AA,159,American Airlines,53.0
WN,373,Southwest Airlines,5.0
EV,5336,,-13.0
WN,1961,Southwest Airlines,-5.0
WN,777,Southwest Airlines,88.0
DL,2785,Delta Air Lines,-35.0
DL,1729,Delta Air Lines,-1.0
DL,1970,Delta Air Lines,-7.0
AA,358,American Airlines,-14.0
DL,1663,Delta Air Lines,173.0
UA,257,United Airlines,-25.0
DL,1268,Delta Air Lines,-29.0
OO,5603,,37.0
AS,487,Alaska Airlines,48.0
WN,771,Southwest Airlines,-29.0
OO,6512,,-12.0
UA,387,United Airlines,-19.0
OO,3462,,55.0
WN,176,Southwest Airlines,3.0
WN,2878,Southwest Airlines,45.0
B6,827,JetBlue Airways,21.0
HA,278,Hawaiian Airlines,0.0
OO,4582,,-5.0
OO,5514,,116.0
F9,1214,Frontier Airlines,-8.0
EV,4267,,-9.0
AA,647,American Airlines,65.0
HA,29,Hawaiian Airlines,-23.0
AA,1578,American Airlines,63.0
AA,1145,American Airlines,-30.0
NK,200,Spirit Airlines,56.0
EV,4274,,10.0
WN,690,Southwest Airlines,-12.0
DL,2245,Delta Air Lines,-32.0
AA,1709,American Airlines,-16.0
UA,752,United Airlines,-18.0
DL,2677,Delta Air Lines,10.0
DL,2216,Delta Air Lines,-25.0
WN,281,Southwest Airlines,-10.0
WN,768,Southwest Airlines,-27.0
AS,311,Alaska Airlines,9.0
OO,4441,,-14.0
EV,5977,,4.0
AA,686,American Airlines,5.0
NK,281,Spirit Airlines,6.0
UA,339,United Airlines,3.0
UA,789,United Airlines,96.0
WN,1697,Southwest Airlines,-24.0
DL,1550,Delta Air Lines,-21.0
UA,502,United Airlines,-23.0
DL,1299,Delta Air Lines,-7.0
B6,1886,JetBlue Airways,-14.0
DL,1391,Delta Air Lines,-15.0
AA,353,American Airlines,-7.0
MQ,3472,,-14.0
B6,337,JetBlue Airways,-25.0
WN,451,Southwest Airlines,9.0
AA,2385,American Airlines,0.0
EV,5133,,16.0
NK,912,Spirit Airlines,-8.0
DL,799,Delta Air Lines,
AS,365,Alaska Airlines,20.0
MQ,3121,,24.0
UA,1560,United Airlines,5.0
WN,4859,Southwest Airlines,17.0
OO,6290,,23.0
DL,2583,Delta Air Lines,-13.0
DL,2310,Delta Air Lines,-15.0
DL,2325,Delta Air Lines,18.0
MQ,3499,,89.0
OO,2955,,57.0
AA,853,American Airlines,-9.0
AA,498,American Airlines,-2.0
OO,5525,,7.0
WN,655,Southwest Airlines,7.0
DL,733,Delta Air Lines,-7.0
UA,1153,United Airlines,-24.0
OO,4749,,79.0
OO,6425,,31.0
MQ,3214,,15.0
WN,52,Southwest Airlines,-6.0
UA,1496,United Airlines,-15.0
MQ,3527,,-2.0
AA,53,American Airlines,-26.0
OO,5630,,16.0
WN,985,Southwest Airlines,-15.0
AA,1142,American Airlines,-17.0
F9,702,Frontier Airlines,-16.0
UA,1224,United Airlines,223.0
EV,5911,,4.0
UA,235,United Airlines,13.0
WN,375,Southwest Airlines,-2.0
WN,255,Southwest Airlines,-12.0
AA,1516,American Airlines,-10.0
UA,1081,United Airlines,12.0
UA,734,United Airlines,-18.0
UA,1984,United Airlines,50.0
EV,4719,,16.0
WN,4032,Southwest Airlines,15.0
AA,1542,American Airlines,-1.0
AA,1348,American Airlines,-43.0
OO,6352,,31.0
UA,711,United Airlines,-14.0
MQ,3091,,-17.0
EV,6001,,-9.0
AA,195,American Airlines,-15.0
UA,491,United Airlines,-22.0
AA,2017,American Airlines,-16.0
WN,1329,Southwest Airlines,70.0
AS,706,Alaska Airlines,0.0
OO,4786,,0.0
AS,404,Alaska Airlines,27.0
WN,2743,Southwest Airlines,-22.0
DL,1119,Delta Air Lines,-16.0
NK,133,Spirit Airlines,-4.0
OO,3454,,-4.0
NK,705,Spirit Airlines,-10.0
EV,2750,,-31.0
EV,6071,,138.0
AA,916,American Airlines,-14.0
F9,757,Frontier Airlines,-17.0
OO,4735,,5.0
NK,310,Spirit Airlines,-8.0
OO,6396,,-23.0
DL,1645,Delta Air Lines,-16.0
AA,1317,American Airlines,-17.0
WN,523,Southwest Airlines,-1.0
MQ,3370,,3.0
WN,242,Southwest Airlines,-4.0
AA,2502,American Airlines,14.0
WN,2656,Southwest Airlines,-16.0
WN,689,Southwest Airlines,-2.0
DL,1289,Delta Air Lines,-25.0
OO,7415,,-9.0
US,603,,-12.0
WN,1773,Southwest Airlines,-5.0
AA,821,American Airlines,-32.0
DL,808,Delta Air Lines,-5.0
WN,1934,Southwest Airlines,11.0
MQ,3470,,-8.0
OO,4768,,-6.0
US,1755,,
US,1861,,38.0
WN,2425,Southwest Airlines,5.0
AA,2247,American Airlines,-18.0
DL,1923,Delta Air Lines,12.0
VX,334,Virgin America,6.0
F9,754,Frontier Airlines,9.0
DL,2670,Delta Air Lines,-10.0
MQ,3161,,-23.0
UA,1027,United Airlines,-7.0
AS,61,Alaska Airlines,5.0
HA,358,Hawaiian Airlines,-4.0
AA,627,American Airlines,30.0
AA,431,American Airlines,-1.0
AS,364,Alaska Airlines,-8.0
WN,4177,Southwest Airlines,-4.0
OO,5451,,-7.0
DL,2131,Delta Air Lines,-1.0
DL,2511,Delta Air Lines,-26.0
NK,198,Spirit Airlines,-8.0
OO,5232,,-14.0
AA,2383,American Airlines,2.0
WN,41,Southwest Airlines,4.0
OO,5315,,-6.0
EV,4126,,-1.0
UA,1211,United Airlines,11.0
OO,4664,,-14.0
WN,2512,Southwest Airlines,-10.0
WN,2519,Southwest Airlines,-10.0
US,670,,-3.0
EV,4589,,-11.0
WN,2103,Southwest Airlines,4.0
UA,1062,United Airlines,352.0
AA,1466,American Airlines,0.0
UA,1632,United Airlines,-13.0
EV,6030,,1.0
AA,2290,American Airlines,-26.0
US,407,,-12.0
AS,55,Alaska Airlines,
EV,4486,,-18.0
OO,4622,,1.0
MQ,3467,,-44.0
UA,253,United Airlines,15.0
EV,2773,,-5.0
WN,1988,Southwest Airlines,29.0
WN,3218,Southwest Airlines,34.0
NK,126,Spirit Airlines,-3.0
EV,6136,,28.0
AA,1150,American Airlines,-17.0
B6,1473,JetBlue Airways,27.0
WN,539,Southwest Airlines,102.0
OO,4791,,1.0
UA,511,United Airlines,-16.0
AA,1874,American Airlines,75.0
WN,254,Southwest Airlines,-1.0
EV,5379,,-20.0
US,2055,,-27.0
UA,1747,United Airlines,9.0
AA,1077,American Airlines,-34.0
MQ,3465,,70.0
AA,1891,American Airlines,-2.0
MQ,3160,,-3.0
DL,303,Delta Air Lines,-26.0
WN,753,Southwest Airlines,0.0
EV,4498,,
HA,35,Hawaiian Airlines,27.0
EV,5202,,0.0
AA,1412,American Airlines,15.0
WN,756,Southwest Airlines,59.0
OO,5177,,48.0
OO,6248,,15.0
B6,1006,JetBlue Airways,10.0
WN,254,Southwest Airlines,110.0
WN,451,Southwest Airlines,60.0
WN,344,Southwest Airlines,-8.0
AA,2203,American Airlines,7.0
MQ,3222,,43.0
WN,2222,Southwest Airlines,-21.0
UA,1635,United Airlines,-8.0
UA,1672,United Airlines,40.0
DL,1694,Delta Air Lines,-12.0
AA,603,American Airlines,47.0
OO,6198,,0.0
US,1799,,-16.0
DL,2556,Delta Air Lines,-5.0
WN,4557,Southwest Airlines,2.0
UA,1657,United Airlines,-7.0
AA,2023,American Airlines,-8.0
WN,2112,Southwest Airlines,-8.0
AA,2210,American Airlines,-11.0
US,1756,,-24.0
VX,202,Virgin America,-11.0
AA,549,American Airlines,-17.0
B6,1415,JetBlue Airways,-8.0
B6,62,JetBlue Airways,89.0
DL,1760,Delta Air Lines,-3.0
AA,2327,American Airlines,-9.0
WN,2156,Southwest Airlines,246.0
AA,356,American Airlines,50.0
EV,3833,,21.0
AA,1355,American Airlines,-13.0
EV,3956,,-1.0
MQ,3032,,-9.0
MQ,3187,,195.0
UA,1112,United Airlines,-6.0
AA,1973,American Airlines,18.0
WN,658,Southwest Airlines,-29.0
B6,401,JetBlue Airways,6.0
HA,25,Hawaiian Airlines,-30.0
NK,108,Spirit Airlines,2.0
DL,989,Delta Air Lines,29.0
MQ,3633,,24.0
DL,1219,Delta Air Lines,-7.0
AA,2424,American Airlines,31.0
US,1732,,2.0
US,745,,5.0
B6,46,JetBlue Airways,-7.0
DL,1758,Delta Air Lines,-24.0
UA,586,United Airlines,-10.0
DL,785,Delta Air Lines,-21.0
WN,706,Southwest Airlines,-9.0
WN,3206,Southwest Airlines,0.0
DL,1058,Delta Air Lines,-8.0
WN,4140,Southwest Airlines,-7.0
MQ,3536,,-8.0
B6,717,JetBlue Airways,73.0
DL,2513,Delta Air Lines,-17.0
UA,723,United Airlines,-14.0
MQ,3545,,-5.0
MQ,3319,,16.0
WN,2482,Southwest Airlines,-12.0
WN,699,Southwest Airlines,-12.0
VX,260,Virgin America,-22.0
EV,2570,,24.0
AA,2067,American Airlines,0.0
DL,980,Delta Air Lines,2.0
WN,1088,Southwest Airlines,-13.0
AA,2017,American Airlines,1.0
DL,1263,Delta Air Lines,361.0
HA,41,Hawaiian Airlines,-7.0
WN,508,Southwest Airlines,-3.0
AA,2312,American Airlines,2.0
UA,283,United Airlines,8.0
AA,481,American Airlines,7.0
B6,1022,JetBlue Airways,77.0
WN,898,Southwest Airlines,33.0
EV,4362,,-26.0
OO,5227,,88.0
AA,144,American Airlines,-10.0
DL,1610,Delta Air Lines,-36.0
WN,2156,Southwest Airlines,16.0
EV,5550,,30.0
DL,1486,Delta Air Lines,-26.0
AA,14,American Airlines,-14.0
HA,8,Hawaiian Airlines,12.0
WN,3843,Southwest Airlines,31.0
MQ,3500,,-8.0
WN,4959,Southwest Airlines,2.0
WN,3322,Southwest Airlines,
DL,1242,Delta Air Lines,-49.0
WN,1738,Southwest Airlines,-3.0
AA,678,American Airlines,29.0
VX,964,Virgin America,40.0
WN,2629,Southwest Airlines,-22.0
AA,1857,American Airlines,15.0
MQ,3620,,-20.0
WN,2065,Southwest Airlines,-2.0
WN,663,Southwest Airlines,-3.0
US,1996,,
AA,1251,American Airlines,-2.0
EV,5969,,-8.0
OO,2741,,
OO,5490,,-2.0
UA,466,United Airlines,2.0
AS,155,Alaska Airlines,4.0
WN,4010,Southwest Airlines,-32.0
UA,824,United Airlines,-4.0
WN,487,Southwest Airlines,60.0
B6,932,JetBlue Airways,43.0
OO,7420,,-13.0
OO,2871,,1.0
UA,1138,United Airlines,9.0
DL,2086,Delta Air Lines,-3.0
WN,108,Southwest Airlines,-11.0
MQ,3488,,-13.0
DL,2021,Delta Air Lines,-36.0
WN,1689,Southwest Airlines,39.0
EV,5033,,10.0
DL,2267,Delta Air Lines,-12.0
OO,5275,,-8.0
DL,2226,Delta Air Lines,9.0
AA,1793,American Airlines,-16.0
WN,221,Southwest Airlines,7.0
WN,1057,Southwest Airlines,66.0
WN,200,Southwest Airlines,26.0
EV,4601,,-4.0
AS,811,Alaska Airlines,-34.0
WN,1697,Southwest Airlines,-18.0
DL,514,Delta Air Lines,-7.0
NK,570,Spirit Airlines,-3.0
UA,587,United Airlines,-2.0
WN,1099,Southwest Airlines,92.0
MQ,3392,,-3.0
AA,241,American Airlines,-6.0
WN,1350,Southwest Airlines,89.0
UA,814,United Airlines,18.0
AA,187,American Airlines,-4.0
WN,3186,Southwest Airlines,-20.0
EV,5264,,-11.0
UA,1662,United Airlines,-12.0
OO,7388,,-16.0
EV,5170,,-11.0
OO,4704,,1.0
WN,4568,Southwest Airlines,-16.0
AA,1625,American Airlines,66.0
MQ,3311,,-18.0
OO,5310,,-32.0
WN,896,Southwest Airlines,4.0
WN,526,Southwest Airlines,-17.0
AS,571,Alaska Airlines,-4.0
WN,445,Southwest Airlines,4.0
EV,5565,,47.0
EV,3941,,-14.0
B6,1039,JetBlue Airways,-6.0
MQ,3247,,-10.0
UA,1245,United Airlines,-21.0
US,1749,,-11.0
EV,5326,,9.0
UA,646,United Airlines,-23.0
UA,1123,United Airlines,-23.0
OO,2764,,1.0
F9,1110,Frontier Airlines,84.0
DL,857,Delta Air Lines,-8.0
OO,5492,,-3.0
WN,498,Southwest Airlines,-1.0
DL,1732,Delta Air Lines,3.0
WN,577,Southwest Airlines,7.0
OO,3463,,-2.0
DL,1772,Delta Air Lines,-2.0
UA,1071,United Airlines,
OO,7377,,0.0
UA,366,United Airlines,-8.0
MQ,3336,,-21.0
EV,5221,,-25.0
UA,1931,United Airlines,2.0
WN,188,Southwest Airlines,-15.0
OO,5610,,-16.0
WN,1593,Southwest Airlines,-8.0
DL,2275,Delta Air Lines,9.0
VX,883,Virgin America,-3.0
EV,4401,,-9.0
DL,1983,Delta Air Lines,-8.0
AA,854,American Airlines,137.0
WN,3326,Southwest Airlines,6.0
WN,304,Southwest Airlines,-7.0
OO,5446,,8.0
AA,2609,American Airlines,-6.0
WN,2650,Southwest Airlines,
DL,1848,Delta Air Lines,-13.0
WN,2606,Southwest Airlines,-14.0
DL,1948,Delta Air Lines,-21.0
WN,991,Southwest Airlines,2.0
DL,2019,Delta Air Lines,-21.0
HA,36,Hawaiian Airlines,-5.0
HA,55,Hawaiian Airlines,207.0
OO,4574,,-18.0
US,1734,,6.0
AA,73,American Airlines,1.0
F9,1397,Frontier Airlines,-5.0
UA,1573,United Airlines,-23.0
WN,1031,Southwest Airlines,
EV,5261,,79.0
OO,6535,,-6.0
DL,1959,Delta Air Lines,-17.0
UA,627,United Airlines,-6.0
WN,627,Southwest Airlines,22.0
US,1821,,5.0
AA,1098,American Airlines,-40.0
AA,2337,American Airlines,-41.0
WN,4185,Southwest Airlines,-4.0
WN,1953,Southwest Airlines,49.0
WN,888,Southwest Airlines,-1.0
EV,4955,,-3.0
VX,337,Virgin America,-18.0
OO,6217,,-13.0
AA,2065,American Airlines,-1.0
VX,740,Virgin America,-10.0
AA,1717,American Airlines,-5.0
DL,1675,Delta Air Lines,10.0
AA,1326,American Airlines,-14.0
DL,1679,Delta Air Lines,-1.0
MQ,3616,,
UA,370,United Airlines,-14.0
EV,5132,,7.0
NK,183,Spirit Airlines,1.0
AA,1191,American Airlines,37.0
EV,2621,,-8.0
DL,1935,Delta Air Lines,-14.0
EV,5972,,6.0
AS,894,Alaska Airlines,-23.0
MQ,3661,,139.0
UA,1240,United Airlines,14.0
B6,451,JetBlue Airways,-14.0
OO,4728,,8.0
WN,3415,Southwest Airlines,-16.0
OO,4630,,-1.0
UA,1623,United Airlines,-26.0
WN,845,Southwest Airlines,-20.0
WN,3161,Southwest Airlines,23.0
UA,1294,United Airlines,31.0
DL,1890,Delta Air Lines,-4.0
AA,775,American Airlines,21.0
US,1726,,-19.0
AA,2204,American Airlines,-18.0
AA,1044,American Airlines,-10.0
DL,1127,Delta Air Lines,-11.0
EV,4379,,-2.0
B6,993,JetBlue Airways,40.0
WN,2168,Southwest Airlines,3.0
MQ,3156,,-15.0
EV,2717,,53.0
WN,3056,Southwest Airlines,
WN,2743,Southwest Airlines,-25.0
DL,1558,Delta Air Lines,17.0
US,458,,4.0
OO,5160,,-6.0
AA,1715,American Airlines,-9.0
DL,1626,Delta Air Lines,-21.0
OO,7394,,5.0
DL,434,Delta Air Lines,-29.0
OO,5416,,-5.0
WN,110,Southwest Airlines,-4.0
AA,2239,American Airlines,-32.0
DL,1236,Delta Air Lines,35.0
WN,1200,Southwest Airlines,-14.0
AA,124,American Airlines,-6.0
F9,1149,Frontier Airlines,-5.0
UA,1292,United Airlines,-20.0
UA,488,United Airlines,-11.0
WN,1364,Southwest Airlines,2.0
DL,1771,Delta Air Lines,-14.0
B6,1075,JetBlue Airways,-32.0
DL,2272,Delta Air Lines,-9.0
UA,1839,United Airlines,30.0
NK,816,Spirit Airlines,-18.0
MQ,3129,,42.0
EV,5991,,-12.0
AA,96,American Airlines,-11.0
AA,1787,American Airlines,12.0
EV,3270,,-10.0
UA,1764,United Airlines,-9.0
AA,412,American Airlines,53.0
EV,5403,,30.0
EV,4997,,-15.0
US,1936,,8.0
WN,2816,Southwest Airlines,-18.0
VX,963,Virgin America,0.0
AS,788,Alaska Airlines,-13.0
HA,157,Hawaiian Airlines,-5.0
WN,246,Southwest Airlines,-32.0
DL,2532,Delta Air Lines,-10.0
EV,5142,,-34.0
DL,1887,Delta Air Lines,-5.0
WN,306,Southwest Airlines,-4.0
WN,166,Southwest Airlines,-1.0
WN,1458,Southwest Airlines,22.0
US,635,,216.0
WN,2279,Southwest Airlines,-2.0
EV,5093,,15.0
DL,241,Delta Air Lines,-18.0
US,619,,-14.0
US,1758,,-5.0
WN,293,Southwest Airlines,-2.0
OO,2652,,-1.0
UA,463,United Airlines,
F9,1224,Frontier Airlines,-8.0
UA,1289,United Airlines,-36.0
AS,106,Alaska Airlines,-24.0
AA,1590,American Airlines,-8.0
VX,411,Virgin America,-23.0
AS,826,Alaska Airlines,12.0
US,457,,-19.0
EV,4889,,23.0
AA,626,American Airlines,21.0
AA,1402,American Airlines,6.0
OO,6466,,-10.0
WN,2835,Southwest Airlines,-13.0
OO,5465,,37.0
EV,5092,,-3.0
UA,1192,United Airlines,13.0
US,1988,,9.0
AS,60,Alaska Airlines,-16.0
UA,257,United Airlines,17.0
AA,1511,American Airlines,-17.0
WN,1699,Southwest Airlines,
AA,53,American Airlines,-14.0
F9,722,Frontier Airlines,49.0
AA,1985,American Airlines,-4.0
MQ,3222,,-13.0
F9,579,Frontier Airlines,0.0
AA,1025,American Airlines,-23.0
DL,1686,Delta Air Lines,-18.0
EV,4442,,34.0
WN,3485,Southwest Airlines,-16.0
B6,616,JetBlue Airways,-37.0
DL,1630,Delta Air Lines,24.0
AA,1441,American Airlines,-22.0
DL,1750,Delta Air Lines,14.0
AA,1212,American Airlines,149.0
WN,121,Southwest Airlines,-16.0
UA,1808,United Airlines,-22.0
DL,2177,Delta Air Lines,-19.0
UA,1754,United Airlines,11.0
UA,688,United Airlines,-8.0
OO,5627,,-2.0
MQ,3204,,81.0
DL,2685,Delta Air Lines,-1.0
WN,1731,Southwest Airlines,-22.0
AS,823,Alaska Airlines,22.0
WN,506,Southwest Airlines,-3.0
UA,1626,United Airlines,-21.0
DL,2272,Delta Air Lines,-6.0
DL,1728,Delta Air Lines,4.0
OO,5632,,-7.0
UA,398,United Airlines,-28.0
EV,5900,,35.0
B6,723,JetBlue Airways,11.0
MQ,3326,,-13.0
MQ,3442,,-9.0
US,632,,-13.0
WN,1615,Southwest Airlines,-8.0
WN,128,Southwest Airlines,-8.0
AS,730,Alaska Airlines,-13.0
EV,4551,,45.0
WN,5896,Southwest Airlines,-8.0
AA,896,American Airlines,2.0
OO,6220,,17.0
OO,5614,,42.0
EV,3260,,-21.0
WN,344,Southwest Airlines,4.0
DL,1712,Delta Air Lines,1.0
UA,1546,United Airlines,-3.0
DL,1319,Delta Air Lines,-18.0
DL,2469,Delta Air Lines,-11.0
UA,1493,United Airlines,-4.0
DL,785,Delta Air Lines,-9.0
AA,1209,American Airlines,-14.0
AA,2407,American Airlines,12.0
DL,2631,Delta Air Lines,-11.0
UA,1927,United Airlines,0.0
AA,1006,American Airlines,35.0
DL,848,Delta Air Lines,-28.0
AA,662,American Airlines,-21.0
MQ,3685,,84.0
WN,2794,Southwest Airlines,-39.0
EV,6125,,24.0
OO,5249,,24.0
AA,277,American Airlines,-12.0
EV,5028,,12.0
DL,1777,Delta Air Lines,-18.0
EV,5449,,-6.0
UA,1220,United Airlines,-26.0
MQ,3593,,-12.0
WN,1988,Southwest Airlines,-15.0
WN,744,Southwest Airlines,-4.0
EV,2547,,-1.0
EV,2653,,-9.0
WN,3393,Southwest Airlines,5.0
DL,1985,Delta Air Lines,-17.0
OO,5162,,-2.0
EV,4964,,-4.0
UA,1298,United Airlines,-8.0
US,629,,-5.0
EV,5904,,3.0
WN,4644,Southwest Airlines,-7.0
AS,730,Alaska Airlines,-19.0
US,879,,-10.0
DL,2498,Delta Air Lines,-9.0
WN,2993,Southwest Airlines,2.0
EV,4734,,-32.0
DL,1958,Delta Air Lines,13.0
MQ,3325,,0.0
DL,2633,Delta Air Lines,-2.0
DL,2153,Delta Air Lines,-12.0
AA,1929,American Airlines,71.0
OO,2862,,23.0
WN,297,Southwest Airlines,-7.0
B6,653,JetBlue Airways,-23.0
VX,795,Virgin America,2.0
DL,699,Delta Air Lines,-18.0
UA,1740,United Airlines,26.0
WN,335,Southwest Airlines,-21.0
OO,2761,,20.0
DL,1357,Delta Air Lines,0.0
AA,1060,American Airlines,-1.0
EV,5502,,-13.0
EV,2656,,-15.0
OO,6436,,9.0
UA,573,United Airlines,-9.0
DL,1970,Delta Air Lines,-11.0
UA,1955,United Airlines,-3.0
VX,210,Virgin America,6.0
B6,135,JetBlue Airways,8.0
AA,1152,American Airlines,1.0
WN,4475,Southwest Airlines,3.0
US,615,,-1.0
AA,653,American Airlines,27.0
WN,756,Southwest Airlines,22.0
EV,4494,,180.0
UA,1183,United Airlines,-14.0
WN,1131,Southwest Airlines,36.0
EV,4862,,6.0
US,1925,,10.0
WN,52,Southwest Airlines,-3.0
DL,1612,Delta Air Lines,-9.0
DL,1610,Delta Air Lines,-25.0
UA,1099,United Airlines,-13.0
B6,703,JetBlue Airways,104.0
OO,6528,,-10.0
VX,232,Virgin America,7.0
OO,2893,,-23.0
B6,506,JetBlue Airways,42.0
VX,407,Virgin America,-4.0
B6,736,JetBlue Airways,3.0
EV,4145,,-6.0
UA,265,United Airlines,-10.0
DL,2450,Delta Air Lines,0.0
F9,1309,Frontier Airlines,0.0
WN,730,Southwest Airlines,18.0
WN,486,Southwest Airlines,-14.0
DL,851,Delta Air Lines,-6.0
WN,2962,Southwest Airlines,-2.0
AA,1912,American Airlines,-9.0
WN,465,Southwest Airlines,-33.0
EV,5182,,-2.0
WN,3805,Southwest Airlines,-14.0
WN,635,Southwest Airlines,-8.0
DL,1660,Delta Air Lines,29.0
EV,4454,,16.0
WN,4024,Southwest Airlines,4.0
OO,4562,,-3.0
MQ,3424,,-9.0
OO,4794,,-8.0
DL,2151,Delta Air Lines,-19.0
AA,53,American Airlines,-40.0
MQ,3412,,25.0
EV,2765,,-10.0
UA,1203,United Airlines,14.0
EV,4413,,143.0
AS,516,Alaska Airlines,-19.0
OO,5505,,16.0
UA,656,United Airlines,48.0
DL,1450,Delta Air Lines,13.0
WN,4785,Southwest Airlines,5.0
OO,5340,,0.0
UA,519,United Airlines,9.0
F9,216,Frontier Airlines,-16.0
DL,2106,Delta Air Lines,-4.0
OO,4495,,1.0
UA,1072,United Airlines,-13.0
EV,4640,,-14.0
UA,1573,United Airlines,-10.0
WN,321,Southwest Airlines,-16.0
MQ,3028,,0.0
WN,2612,Southwest Airlines,-12.0
NK,939,Spirit Airlines,4.0
UA,1467,United Airlines,7.0
AA,2238,American Airlines,-17.0
WN,3151,Southwest Airlines,-7.0
B6,883,JetBlue Airways,-6.0
NK,1104,Spirit Airlines,-20.0
MQ,3644,,0.0
AS,355,Alaska Airlines,2.0
B6,734,JetBlue Airways,22.0
AA,1753,American Airlines,-16.0
DL,935,Delta Air Lines,-6.0
DL,1066,Delta Air Lines,235.0
OO,4972,,-30.0
UA,255,United Airlines,-11.0
AA,1522,American Airlines,-5.0
OO,5218,,-10.0
AA,128,American Airlines,30.0
AA,2224,American Airlines,8.0
DL,471,Delta Air Lines,-29.0
DL,1349,Delta Air Lines,-12.0
OO,6473,,82.0
OO,5380,,-23.0
AA,1005,American Airlines,-16.0
WN,2741,Southwest Airlines,21.0
B6,1205,JetBlue Airways,20.0
EV,4572,,76.0
EV,4141,,-11.0
OO,3469,,190.0
AA,382,American Airlines,-18.0
OO,2949,,-8.0
EV,6003,,-17.0
WN,154,Southwest Airlines,7.0
EV,4716,,41.0
DL,994,Delta Air Lines,-14.0
MQ,3145,,5.0
AS,739,Alaska Airlines,-6.0
WN,908,Southwest Airlines,15.0
EV,5020,,1.0
MQ,3520,,-20.0
B6,1780,JetBlue Airways,-12.0
UA,1120,United Airlines,-13.0
DL,2244,Delta Air Lines,-9.0
MQ,3423,,-6.0
UA,1963,United Airlines,14.0
OO,6199,,-15.0
AA,1265,American Airlines,-2.0
AA,758,American Airlines,1.0
MQ,3301,,26.0
UA,1733,United Airlines,-1.0
OO,5189,,37.0
DL,1489,Delta Air Lines,-9.0
NK,801,Spirit Airlines,5.0
UA,1815,United Airlines,-16.0
DL,1965,Delta Air Lines,-5.0
OO,6192,,24.0
WN,1257,Southwest Airlines,-9.0
WN,4386,Southwest Airlines,7.0
AS,828,Alaska Airlines,-48.0
WN,328,Southwest Airlines,20.0
EV,4220,,20.0
DL,1759,Delta Air Lines,-18.0
DL,1121,Delta Air Lines,12.0
MQ,3399,,-1.0
MQ,3553,,15.0
WN,183,Southwest Airlines,23.0
AS,768,Alaska Airlines,9.0
AS,631,Alaska Airlines,-9.0
EV,4206,,-2.0
NK,711,Spirit Airlines,-6.0
DL,1467,Delta Air Lines,-9.0
DL,2659,Delta Air Lines,-9.0
WN,216,Southwest Airlines,-13.0
DL,1507,Delta Air Lines,7.0
EV,5608,,-16.0
VX,363,Virgin America,-14.0
DL,1123,Delta Air Lines,134.0
US,817,,-11.0
AA,278,American Airlines,-21.0
MQ,3536,,-8.0
F9,223,Frontier Airlines,27.0
AA,2333,American Airlines,-4.0
DL,2488,Delta Air Lines,0.0
AA,2439,American Airlines,129.0
WN,2514,Southwest Airlines,-1.0
OO,4735,,2.0
WN,1474,Southwest Airlines,-13.0
WN,3467,Southwest Airlines,2.0
WN,48,Southwest Airlines,30.0
DL,1295,Delta Air Lines,-9.0
DL,1765,Delta Air Lines,-7.0
WN,1875,Southwest Airlines,56.0
WN,715,Southwest Airlines,-11.0
WN,4085,Southwest Airlines,-26.0
B6,418,JetBlue Airways,2.0
HA,47,Hawaiian Airlines,-16.0
DL,1904,Delta Air Lines,24.0
WN,372,Southwest Airlines,12.0
MQ,3094,,37.0
EV,6181,,-15.0
DL,1919,Delta Air Lines,-9.0
OO,7416,,7.0
MQ,3721,,-22.0
DL,1796,Delta Air Lines,23.0
OO,4699,,-13.0
AA,1590,American Airlines,59.0
WN,2180,Southwest Airlines,5.0
EV,4725,,-17.0
UA,427,United Airlines,1.0
UA,480,United Airlines,2.0
WN,2991,Southwest Airlines,-10.0
DL,2425,Delta Air Lines,-14.0
WN,3300,Southwest Airlines,1.0
DL,2111,Delta Air Lines,-4.0
MQ,3242,,-19.0
UA,254,United Airlines,8.0
DL,1243,Delta Air Lines,-20.0
AA,1152,American Airlines,-8.0
UA,1734,United Airlines,-8.0
WN,1338,Southwest Airlines,-12.0
EV,6188,,98.0
DL,882,Delta Air Lines,6.0
MQ,3401,,23.0
WN,431,Southwest Airlines,-34.0
DL,1621,Delta Air Lines,4.0
DL,2600,Delta Air Lines,5.0
UA,1671,United Airlines,-29.0
NK,810,Spirit Airlines,100.0
UA,1016,United Airlines,-8.0
VX,740,Virgin America,-11.0
AS,5,Alaska Airlines,-20.0
WN,1066,Southwest Airlines,-18.0
AS,65,Alaska Airlines,36.0
AA,1381,American Airlines,-12.0
MQ,3133,,-3.0
WN,1070,Southwest Airlines,5.0
EV,4941,,-4.0
DL,1619,Delta Air Lines,-17.0
DL,1376,Delta Air Lines,-13.0
WN,462,Southwest Airlines,-17.0
AA,182,American Airlines,53.0
UA,361,United Airlines,7.0
DL,175,Delta Air Lines,89.0
UA,204,United Airlines,-34.0
EV,4098,,-14.0
EV,4765,,-10.0
VX,97,Virgin America,-25.0
MQ,2960,,
DL,1354,Delta Air Lines,-19.0
UA,1112,United Airlines,-20.0
WN,1583,Southwest Airlines,-16.0
WN,723,Southwest Airlines,13.0
WN,2118,Southwest Airlines,-10.0
HA,172,Hawaiian Airlines,0.0
AS,364,Alaska Airlines,5.0
MQ,3047,,144.0
WN,3304,Southwest Airlines,-2.0
OO,4822,,1.0
OO,6471,,162.0
OO,4793,,-14.0
WN,1628,Southwest Airlines,-7.0
VX,219,Virgin America,-19.0
WN,5488,Southwest Airlines,19.0
WN,2887,Southwest Airlines,-8.0
HA,302,Hawaiian Airlines,-6.0
F9,1287,Frontier Airlines,-17.0
WN,2505,Southwest Airlines,-22.0
EV,5087,,-12.0
WN,8,Southwest Airlines,-1.0
DL,1196,Delta Air Lines,-27.0
OO,5211,,-15.0
EV,5006,,76.0
WN,4193,Southwest Airlines,-4.0
WN,220,Southwest Airlines,-7.0
WN,2291,Southwest Airlines,-9.0
MQ,3359,,6.0
WN,2761,Southwest Airlines,16.0
UA,277,United Airlines,-4.0
B6,362,JetBlue Airways,-13.0
UA,1571,United Airlines,-6.0
WN,3866,Southwest Airlines,31.0
EV,5372,,3.0
WN,124,Southwest Airlines,-12.0
OO,6211,,-1.0
EV,4671,,3.0
WN,4191,Southwest Airlines,-15.0
AA,1718,American Airlines,6.0
OO,5680,,25.0
DL,2607,Delta Air Lines,-34.0
OO,6197,,-4.0
EV,5803,,-13.0
EV,5128,,-4.0
UA,1723,United Airlines,-8.0
EV,4516,,-9.0
AS,60,Alaska Airlines,-4.0
DL,2124,Delta Air Lines,-6.0
UA,112,United Airlines,-7.0
EV,4115,,18.0
EV,5163,,-14.0
WN,726,Southwest Airlines,10.0
WN,2482,Southwest Airlines,-5.0
B6,1553,JetBlue Airways,-10.0
DL,1208,Delta Air Lines,-5.0
B6,115,JetBlue Airways,12.0
B6,354,JetBlue Airways,-11.0
VX,950,Virgin America,8.0
WN,1154,Southwest Airlines,-24.0
WN,1415,Southwest Airlines,7.0
UA,1549,United Airlines,-2.0
DL,1118,Delta Air Lines,-21.0
UA,421,United Airlines,5.0
EV,5978,,0.0
EV,4450,,-28.0
AA,195,American Airlines,16.0
HA,543,Hawaiian Airlines,-3.0
OO,2776,,-12.0
OO,4825,,12.0
WN,2078,Southwest Airlines,8.0
US,450,,-9.0
DL,2319,Delta Air Lines,18.0
US,1986,,27.0
OO,5192,,13.0
EV,5435,,-1.0
DL,674,Delta Air Lines,-10.0
DL,2128,Delta Air Lines,-14.0
OO,4624,,-5.0
B6,264,JetBlue Airways,3.0
WN,208,Southwest Airlines,2.0
EV,4452,,-11.0
UA,1474,United Airlines,-16.0
MQ,3071,,109.0
EV,4607,,-16.0
AA,261,American Airlines,-8.0
B6,675,JetBlue Airways,-11.0
AA,2477,American Airlines,-16.0
UA,1866,United Airlines,-23.0
DL,1912,Delta Air Lines,-19.0
DL,2305,Delta Air Lines,-27.0
OO,4579,,12.0
WN,960,Southwest Airlines,-35.0
WN,3875,Southwest Airlines,-6.0
WN,509,Southwest Airlines,2.0
DL,987,Delta Air Lines,-21.0
UA,1650,United Airlines,66.0
UA,1571,United Airlines,-25.0
EV,5535,,41.0
DL,2381,Delta Air Lines,5.0
EV,4698,,-6.0
MQ,3249,,137.0
EV,5011,,-14.0
WN,545,Southwest Airlines,-3.0
UA,1981,United Airlines,-11.0
DL,2360,Delta Air Lines,10.0
AS,152,Alaska Airlines,0.0
EV,5667,,0.0
MQ,3085,,3.0
DL,1264,Delta Air Lines,-12.0
F9,620,Frontier Airlines,-17.0
DL,2118,Delta Air Lines,-5.0
WN,2973,Southwest Airlines,-11.0
EV,4605,,-11.0
AA,1294,American Airlines,-7.0
EV,5911,,-3.0
OO,5574,,22.0
MQ,3387,,
WN,816,Southwest Airlines,-13.0
AA,1215,American Airlines,-22.0
WN,614,Southwest Airlines,-16.0
DL,1404,Delta Air Lines,-7.0
EV,2563,,169.0
DL,2665,Delta Air Lines,95.0
DL,1243,Delta Air Lines,-11.0
B6,633,JetBlue Airways,-26.0
MQ,3229,,24.0
DL,879,Delta Air Lines,-16.0
EV,4477,,13.0
EV,5192,,-5.0
OO,5387,,-15.0
WN,634,Southwest Airlines,8.0
DL,2475,Delta Air Lines,-18.0
DL,1386,Delta Air Lines,93.0
DL,2134,Delta Air Lines,-5.0
DL,1891,Delta Air Lines,-3.0
UA,1684,United Airlines,4.0
EV,4882,,-8.0
AA,1261,American Airlines,4.0
DL,2268,Delta Air Lines,-14.0
AA,2514,American Airlines,92.0
EV,4167,,1.0
WN,4395,Southwest Airlines,-5.0
AA,862,American Airlines,-20.0
AA,1844,American Airlines,17.0
WN,1572,Southwest Airlines,-9.0
WN,1554,Southwest Airlines,-5.0
WN,149,Southwest Airlines,-14.0
WN,3074,Southwest Airlines,-19.0
B6,76,JetBlue Airways,-25.0
UA,1975,United Airlines,98.0
DL,2564,Delta Air Lines,-8.0
HA,139,Hawaiian Airlines,7.0
DL,2556,Delta Air Lines,5.0
WN,850,Southwest Airlines,0.0
WN,3406,Southwest Airlines,-8.0
DL,721,Delta Air Lines,20.0
EV,4536,,15.0
B6,1808,JetBlue Airways,
US,1750,,-15.0
UA,222,United Airlines,-23.0
B6,1552,JetBlue Airways,9.0
EV,5779,,-17.0
OO,4794,,3.0
DL,2564,Delta Air Lines,85.0
OO,5454,,13.0
DL,2084,Delta Air Lines,-11.0
UA,1106,United Airlines,-8.0
WN,4579,Southwest Airlines,0.0
OO,4989,,-13.0
DL,2166,Delta Air Lines,-13.0
DL,2054,Delta Air Lines,57.0
WN,1952,Southwest Airlines,-17.0
OO,4993,,
WN,2166,Southwest Airlines,-5.0
DL,1641,Delta Air Lines,18.0
OO,2894,,8.0
US,839,,-7.0
DL,1813,Delta Air Lines,-20.0
OO,7382,,-12.0
WN,126,Southwest Airlines,-14.0
OO,5335,,-1.0
DL,1931,Delta Air Lines,
MQ,2909,,3.0
WN,153,Southwest Airlines,-1.0
AA,1984,American Airlines,-16.0
US,729,,
WN,3991,Southwest Airlines,5.0
AA,156,American Airlines,29.0
WN,784,Southwest Airlines,13.0
WN,203,Southwest Airlines,29.0
WN,1107,Southwest Airlines,-12.0
B6,669,JetBlue Airways,-40.0
UA,1050,United Airlines,30.0
AS,724,Alaska Airlines,0.0
EV,4180,,5.0
WN,1614,Southwest Airlines,-1.0
MQ,3437,,39.0
WN,2965,Southwest Airlines,-16.0
UA,15,United Airlines,-22.0
UA,812,United Airlines,-18.0
EV,4487,,64.0
NK,680,Spirit Airlines,228.0
UA,1681,United Airlines,12.0
MQ,3370,,-5.0
DL,1549,Delta Air Lines,87.0
AS,373,Alaska Airlines,-12.0
WN,2485,Southwest Airlines,-21.0
MQ,3319,,-27.0
AA,1530,American Airlines,-2.0
AA,1293,American Airlines,15.0
F9,1016,Frontier Airlines,10.0
AA,169,American Airlines,10.0
UA,1741,United Airlines,180.0
AA,142,American Airlines,-3.0
MQ,3303,,
EV,4708,,2.0
B6,50,JetBlue Airways,-26.0
AA,1287,American Airlines,
UA,1732,United Airlines,11.0
WN,655,Southwest Airlines,4.0
EV,2559,,-13.0
WN,1351,Southwest Airlines,-10.0
HA,219,Hawaiian Airlines,1.0
UA,1233,United Airlines,-22.0
DL,2084,Delta Air Lines,-9.0
WN,4186,Southwest Airlines,-3.0
DL,241,Delta Air Lines,-14.0
MQ,3663,,154.0
OO,5318,,-12.0
AA,328,American Airlines,7.0
AA,76,American Airlines,-9.0
OO,2772,,-10.0
UA,1457,United Airlines,-2.0
DL,2545,Delta Air Lines,98.0
AS,70,Alaska Airlines,-19.0
OO,4609,,4.0
NK,821,Spirit Airlines,10.0
UA,343,United Airlines,-25.0
F9,212,Frontier Airlines,-7.0
DL,2391,Delta Air Lines,-7.0
OO,4741,,44.0
MQ,3629,,-3.0
EV,4530,,4.0
OO,4535,,-10.0
EV,4726,,-19.0
WN,3064,Southwest Airlines,-3.0
DL,1126,Delta Air Lines,-21.0
OO,3008,,19.0
US,658,,-12.0
UA,1422,United Airlines,-24.0
F9,1053,Frontier Airlines,-20.0
WN,3206,Southwest Airlines,19.0
DL,1531,Delta Air Lines,-11.0
EV,3805,,-9.0
WN,3943,Southwest Airlines,9.0
WN,4905,Southwest Airlines,-33.0
DL,1980,Delta Air Lines,0.0
AA,1925,American Airlines,-6.0
B6,1059,JetBlue Airways,-7.0
DL,1149,Delta Air Lines,-38.0
DL,2279,Delta Air Lines,-6.0
OO,5610,,-10.0
EV,4374,,-11.0
EV,4125,,-9.0
UA,1178,United Airlines,-15.0
EV,4316,,15.0
EV,5425,,-25.0
F9,771,Frontier Airlines,4.0
WN,481,Southwest Airlines,17.0
WN,1615,Southwest Airlines,34.0
WN,1529,Southwest Airlines,-4.0
EV,2525,,35.0
EV,5107,,
UA,1583,United Airlines,-15.0
WN,1940,Southwest Airlines,-9.0
US,601,,-32.0
B6,404,JetBlue Airways,-13.0
AA,1118,American Airlines,-6.0
OO,2626,,1.0
US,2067,,24.0
DL,2839,Delta Air Lines,-19.0
OO,6371,,-13.0
NK,927,Spirit Airlines,-13.0
WN,2361,Southwest Airlines,-13.0
UA,249,United Airlines,26.0
UA,1415,United Airlines,234.0
OO,5657,,4.0
B6,1459,JetBlue Airways,-19.0
AA,1831,American Airlines,16.0
OO,4997,,-12.0
WN,981,Southwest Airlines,1.0
MQ,3466,,-7.0
WN,2759,Southwest Airlines,-7.0
DL,2822,Delta Air Lines,-16.0
EV,5186,,-1.0
OO,2959,,-6.0
OO,4760,,0.0
AA,1176,American Airlines,-16.0
F9,661,Frontier Airlines,-9.0
DL,2418,Delta Air Lines,-4.0
DL,2642,Delta Air Lines,17.0
B6,1077,JetBlue Airways,32.0
AA,1480,American Airlines,-9.0
AA,718,American Airlines,0.0
WN,2876,Southwest Airlines,-2.0
WN,4283,Southwest Airlines,-23.0
DL,2591,Delta Air Lines,10.0
UA,284,United Airlines,9.0
DL,1097,Delta Air Lines,10.0
HA,381,Hawaiian Airlines,-15.0
EV,6064,,-15.0
EV,4166,,2.0
WN,1320,Southwest Airlines,-3.0
AA,851,American Airlines,107.0
UA,559,United Airlines,-21.0
MQ,3417,,
UA,733,United Airlines,-8.0
WN,1595,Southwest Airlines,-14.0
OO,4836,,-12.0
DL,1543,Delta Air Lines,-8.0
WN,2221,Southwest Airlines,31.0
WN,2302,Southwest Airlines,6.0
OO,6208,,-7.0
DL,931,Delta Air Lines,76.0
EV,4896,,-11.0
EV,4623,,-8.0
MQ,3613,,31.0
MQ,2976,,39.0
WN,675,Southwest Airlines,3.0
DL,887,Delta Air Lines,-18.0
US,2149,,2.0
EV,4707,,2.0
AA,2485,American Airlines,-13.0
B6,543,JetBlue Airways,-1.0
DL,86,Delta Air Lines,-20.0
EV,2841,,-11.0
AA,999,American Airlines,-22.0
AA,2487,American Airlines,-4.0
AS,602,Alaska Airlines,35.0
WN,468,Southwest Airlines,
WN,4448,Southwest Airlines,-7.0
EV,6114,,-7.0
MQ,3166,,7.0
B6,1202,JetBlue Airways,-23.0
WN,2444,Southwest Airlines,-14.0
OO,4544,,-10.0
AA,2399,American Airlines,-7.0
OO,5349,,5.0
EV,4768,,-18.0
DL,1366,Delta Air Lines,-11.0
B6,611,JetBlue Airways,53.0
DL,1798,Delta Air Lines,-19.0
AA,88,American Airlines,-11.0
DL,2490,Delta Air Lines,-11.0
WN,1770,Southwest Airlines,-15.0
UA,1596,United Airlines,-6.0
OO,6497,,-13.0
WN,3717,Southwest Airlines,-1.0
WN,1972,Southwest Airlines,-9.0
WN,2560,Southwest Airlines,-2.0
WN,4540,Southwest Airlines,-1.0
WN,116,Southwest Airlines,0.0
DL,1867,Delta Air Lines,-10.0
WN,2675,Southwest Airlines,0.0
OO,6355,,-29.0
AS,367,Alaska Airlines,3.0
WN,4697,Southwest Airlines,-13.0
AA,2026,American Airlines,-14.0
DL,1970,Delta Air Lines,-9.0
WN,397,Southwest Airlines,-2.0
AA,523,American Airlines,-21.0
WN,4034,Southwest Airlines,-28.0
B6,1026,JetBlue Airways,179.0
UA,1489,United Airlines,6.0
DL,2694,Delta Air Lines,8.0
B6,1252,JetBlue Airways,-8.0
WN,454,Southwest Airlines,36.0
US,747,,-2.0
B6,598,JetBlue Airways,-12.0
OO,2845,,97.0
AA,156,American Airlines,-34.0
WN,1200,Southwest Airlines,-9.0
WN,2112,Southwest Airlines,117.0
AA,1301,American Airlines,-15.0
B6,658,JetBlue Airways,-17.0
AS,89,Alaska Airlines,-30.0
WN,276,Southwest Airlines,16.0
WN,1484,Southwest Airlines,137.0
EV,4867,,25.0
AS,247,Alaska Airlines,-5.0
OO,7370,,-34.0
VX,418,Virgin America,-15.0
WN,4368,Southwest Airlines,36.0
WN,405,Southwest Airlines,28.0
UA,1460,United Airlines,8.0
MQ,3367,,-2.0
OO,6472,,23.0
DL,1722,Delta Air Lines,27.0
WN,660,Southwest Airlines,-22.0
UA,1250,United Airlines,-18.0
DL,1092,Delta Air Lines,-4.0
DL,1370,Delta Air Lines,12.0
B6,163,JetBlue Airways,1.0
WN,4106,Southwest Airlines,14.0
F9,1329,Frontier Airlines,9.0
WN,5699,Southwest Airlines,-8.0
WN,4955,Southwest Airlines,-17.0
AS,806,Alaska Airlines,-9.0
AA,40,American Airlines,-15.0
UA,397,United Airlines,
B6,1186,JetBlue Airways,21.0
WN,1792,Southwest Airlines,157.0
DL,1582,Delta Air Lines,-17.0
UA,1665,United Airlines,9.0
DL,2543,Delta Air Lines,6.0
B6,201,JetBlue Airways,-9.0
AS,691,Alaska Airlines,12.0
UA,1727,United Airlines,-19.0
EV,5155,,69.0
DL,2029,Delta Air Lines,22.0
DL,2169,Delta Air Lines,-24.0
DL,1882,Delta Air Lines,22.0
B6,813,JetBlue Airways,48.0
DL,1361,Delta Air Lines,-8.0
OO,6480,,-8.0
DL,653,Delta Air Lines,-24.0
EV,4392,,-19.0
US,479,,-21.0
WN,532,Southwest Airlines,-30.0
UA,686,United Airlines,-23.0
AA,14,American Airlines,77.0
AS,62,Alaska Airlines,-2.0
B6,714,JetBlue Airways,
EV,5123,,1.0
DL,2261,Delta Air Lines,-13.0
WN,4459,Southwest Airlines,-27.0
B6,914,JetBlue Airways,-18.0
UA,1798,United Airlines,15.0
WN,4135,Southwest Airlines,0.0
DL,1058,Delta Air Lines,-10.0
DL,1601,Delta Air Lines,-15.0
DL,1944,Delta Air Lines,-3.0
DL,761,Delta Air Lines,-14.0
NK,303,Spirit Airlines,18.0
HA,30,Hawaiian Airlines,7.0
F9,1106,Frontier Airlines,157.0
WN,1293,Southwest Airlines,22.0
AA,2428,American Airlines,-14.0
B6,536,JetBlue Airways,73.0
AA,2224,American Airlines,56.0
MQ,3501,,-6.0
OO,3443,,-3.0
UA,1662,United Airlines,-19.0
OO,2931,,-32.0
WN,1738,Southwest Airlines,-7.0
AA,1258,American Airlines,14.0
WN,3045,Southwest Airlines,-11.0
AA,117,American Airlines,10.0
WN,1127,Southwest Airlines,-19.0
US,1751,,17.0
F9,1285,Frontier Airlines,41.0
WN,2444,Southwest Airlines,-3.0
AA,1649,American Airlines,-7.0
DL,2033,Delta Air Lines,-22.0
AA,1681,American Airlines,0.0
F9,1134,Frontier Airlines,-22.0
WN,4013,Southwest Airlines,4.0
WN,3677,Southwest Airlines,-16.0
WN,51,Southwest Airlines,43.0
EV,4743,,-29.0
US,1854,,-4.0
AA,1954,American Airlines,20.0
DL,2003,Delta Air Lines,-3.0
UA,1605,United Airlines,-9.0
WN,733,Southwest Airlines,21.0
WN,526,Southwest Airlines,-16.0
WN,359,Southwest Airlines,15.0
WN,1878,Southwest Airlines,-4.0
UA,357,United Airlines,-17.0
UA,1117,United Airlines,-33.0
AA,1500,American Airlines,-18.0
MQ,3510,,-2.0
AS,537,Alaska Airlines,-9.0
OO,4740,,8.0
EV,5038,,-34.0
EV,4334,,-15.0
NK,470,Spirit Airlines,40.0
NK,135,Spirit Airlines,-7.0
DL,1478,Delta Air Lines,13.0
EV,4296,,243.0
B6,1640,JetBlue Airways,68.0
AA,2212,American Airlines,-9.0
AS,100,Alaska Airlines,2.0
UA,1259,United Airlines,31.0
DL,2288,Delta Air Lines,-15.0
US,2069,,94.0
B6,100,JetBlue Airways,20.0
NK,657,Spirit Airlines,13.0
WN,1881,Southwest Airlines,57.0
WN,712,Southwest Airlines,1.0
WN,1159,Southwest Airlines,-12.0
DL,1994,Delta Air Lines,1.0
NK,761,Spirit Airlines,-8.0
AA,1864,American Airlines,1.0
AA,152,American Airlines,-1.0
AA,1929,American Airlines,-28.0
EV,4930,,11.0
MQ,3599,,-8.0
F9,718,Frontier Airlines,-17.0
B6,734,JetBlue Airways,-23.0
WN,1046,Southwest Airlines,-4.0
DL,1619,Delta Air Lines,-2.0
WN,2026,Southwest Airlines,-8.0
DL,134,Delta Air Lines,17.0
WN,357,Southwest Airlines,4.0
B6,461,JetBlue Airways,-4.0
WN,3668,Southwest Airlines,-17.0
VX,1905,Virgin America,-5.0
EV,6099,,33.0
UA,1570,United Airlines,4.0
DL,2499,Delta Air Lines,-40.0
EV,6008,,-13.0
US,695,,-6.0
NK,146,Spirit Airlines,-3.0
OO,4480,,86.0
DL,1194,Delta Air Lines,1.0
AA,1033,American Airlines,-3.0
UA,270,United Airlines,-21.0
UA,1018,United Airlines,10.0
EV,4579,,-5.0
MQ,3048,,3.0
OO,5550,,-8.0
WN,1184,Southwest Airlines,31.0
DL,315,Delta Air Lines,-12.0
AA,1315,American Airlines,-10.0
EV,4531,,8.0
WN,4917,Southwest Airlines,-4.0
AS,696,Alaska Airlines,-1.0
WN,1811,Southwest Airlines,-1.0
US,1954,,13.0
B6,401,JetBlue Airways,-34.0
AA,2057,American Airlines,-6.0
VX,954,Virgin America,-15.0
DL,664,Delta Air Lines,-26.0
OO,7363,,33.0
AA,1588,American Airlines,4.0
WN,3839,Southwest Airlines,18.0
EV,4387,,10.0
DL,1891,Delta Air Lines,-4.0
WN,530,Southwest Airlines,-16.0
OO,4619,,-11.0
HA,325,Hawaiian Airlines,27.0
OO,6259,,35.0
DL,1469,Delta Air Lines,5.0
WN,428,Southwest Airlines,63.0
NK,695,Spirit Airlines,-18.0
WN,4721,Southwest Airlines,-2.0
AA,2238,American Airlines,51.0
US,837,,60.0
WN,5488,Southwest Airlines,2.0
DL,1585,Delta Air Lines,-14.0
WN,264,Southwest Airlines,-8.0
DL,2478,Delta Air Lines,5.0
NK,357,Spirit Airlines,27.0
B6,729,JetBlue Airways,0.0
DL,2671,Delta Air Lines,16.0
WN,52,Southwest Airlines,5.0
B6,553,JetBlue Airways,30.0
MQ,3176,,1.0
AA,2339,American Airlines,-13.0
WN,3784,Southwest Airlines,-8.0
WN,3950,Southwest Airlines,1.0
AS,570,Alaska Airlines,-12.0
DL,2188,Delta Air Lines,-30.0
AS,224,Alaska Airlines,-13.0
DL,865,Delta Air Lines,-7.0
WN,706,Southwest Airlines,-8.0
AS,300,Alaska Airlines,-8.0
MQ,3266,,6.0
DL,2133,Delta Air Lines,134.0
NK,188,Spirit Airlines,91.0
WN,479,Southwest Airlines,14.0
OO,4662,,60.0
AA,1506,American Airlines,-30.0
B6,148,JetBlue Airways,-11.0
UA,1205,United Airlines,-8.0
MQ,3341,,-25.0
WN,2799,Southwest Airlines,-11.0
AS,562,Alaska Airlines,-4.0
NK,971,Spirit Airlines,1.0
WN,2819,Southwest Airlines,3.0
NK,151,Spirit Airlines,-14.0
OO,4522,,0.0
OO,5236,,45.0
UA,1759,United Airlines,6.0
MQ,3404,,-18.0
EV,4709,,12.0
VX,321,Virgin America,3.0
OO,5597,,150.0
B6,69,JetBlue Airways,-26.0
DL,875,Delta Air Lines,-8.0
WN,3793,Southwest Airlines,-27.0
AA,454,American Airlines,102.0
B6,1168,JetBlue Airways,-13.0
UA,1697,United Airlines,-13.0
HA,207,Hawaiian Airlines,-13.0
UA,899,United Airlines,-12.0
B6,1336,JetBlue Airways,-6.0
AS,136,Alaska Airlines,-20.0
UA,396,United Airlines,-14.0
DL,1752,Delta Air Lines,28.0
OO,5177,,-9.0
OO,5371,,5.0
MQ,3639,,13.0
EV,4769,,76.0
WN,3,Southwest Airlines,-11.0
DL,807,Delta Air Lines,-28.0
WN,363,Southwest Airlines,-8.0
MQ,3080,,29.0
WN,9,Southwest Airlines,105.0
WN,1263,Southwest Airlines,-19.0
OO,5471,,110.0
UA,948,United Airlines,2.0
OO,4789,,-11.0
AA,17,American Airlines,-12.0
OO,3433,,-13.0
MQ,3361,,110.0
OO,6510,,45.0
WN,1801,Southwest Airlines,3.0
DL,303,Delta Air Lines,-30.0
AS,638,Alaska Airlines,-8.0
US,643,,2.0
OO,7383,,-13.0
DL,2332,Delta Air Lines,-7.0
AA,435,American Airlines,6.0
AA,1310,American Airlines,-27.0
AS,103,Alaska Airlines,46.0
UA,1569,United Airlines,131.0
B6,1119,JetBlue Airways,24.0
OO,5593,,-10.0
WN,514,Southwest Airlines,-5.0
EV,5783,,-1.0
US,546,,20.0
DL,2546,Delta Air Lines,-15.0
UA,737,United Airlines,-11.0
HA,197,Hawaiian Airlines,-13.0
EV,5203,,-13.0
WN,679,Southwest Airlines,5.0
F9,241,Frontier Airlines,-22.0
DL,2064,Delta Air Lines,-6.0
DL,1204,Delta Air Lines,-17.0
DL,1697,Delta Air Lines,-20.0
WN,3750,Southwest Airlines,-11.0
OO,4836,,-23.0
DL,732,Delta Air Lines,-14.0
WN,295,Southwest Airlines,-10.0
OO,6268,,-10.0
WN,4008,Southwest Airlines,30.0
NK,713,Spirit Airlines,-19.0
OO,5632,,-12.0
WN,474,Southwest Airlines,-14.0
EV,5334,,-7.0
EV,6177,,-14.0
DL,676,Delta Air Lines,
HA,546,Hawaiian Airlines,6.0
NK,108,Spirit Airlines,10.0
AS,845,Alaska Airlines,-12.0
OO,3486,,-7.0
AA,2457,American Airlines,-17.0
OO,6481,,21.0
WN,1820,Southwest Airlines,-14.0
MQ,3441,,154.0
AA,1286,American Airlines,4.0
EV,4740,,-8.0
DL,866,Delta Air Lines,41.0
UA,1415,United Airlines,9.0
MQ,3550,,-21.0
OO,2871,,-8.0
EV,4657,,-26.0
EV,5923,,-12.0
EV,6107,,-17.0
AA,2296,American Airlines,-21.0
US,2121,,-8.0
UA,225,United Airlines,-5.0
DL,1899,Delta Air Lines,-6.0
WN,3491,Southwest Airlines,189.0
AA,1333,American Airlines,162.0
WN,3185,Southwest Airlines,7.0
MQ,3382,,-8.0
WN,5783,Southwest Airlines,39.0
DL,2042,Delta Air Lines,-9.0
EV,5889,,7.0
WN,2345,Southwest Airlines,-28.0
UA,1079,United Airlines,37.0
UA,1234,United Airlines,-17.0
MQ,3196,,11.0
WN,3762,Southwest Airlines,97.0
B6,287,JetBlue Airways,-18.0
B6,1460,JetBlue Airways,8.0
B6,1553,JetBlue Airways,-11.0
OO,4524,,-19.0
EV,4110,,-10.0
AA,1588,American Airlines,-15.0
OO,5267,,3.0
DL,1249,Delta Air Lines,-10.0
OO,4740,,-5.0
WN,299,Southwest Airlines,-25.0
DL,171,Delta Air Lines,-13.0
AA,337,American Airlines,105.0
OO,6459,,-9.0
EV,4340,,-10.0
WN,3043,Southwest Airlines,34.0
AA,188,American Airlines,25.0
AS,475,Alaska Airlines,-1.0
MQ,3542,,141.0
AA,2103,American Airlines,22.0
WN,1980,Southwest Airlines,1.0
DL,2157,Delta Air Lines,-2.0
B6,1808,JetBlue Airways,
AA,1268,American Airlines,-15.0
WN,4112,Southwest Airlines,109.0
EV,5498,,-10.0
EV,4275,,21.0
DL,1389,Delta Air Lines,-11.0
WN,487,Southwest Airlines,-6.0
WN,260,Southwest Airlines,
WN,1633,Southwest Airlines,-13.0
WN,723,Southwest Airlines,29.0
EV,2805,,71.0
WN,864,Southwest Airlines,1.0
WN,1182,Southwest Airlines,-2.0
DL,2109,Delta Air Lines,-2.0
B6,411,JetBlue Airways,6.0
OO,4678,,-15.0
AA,244,American Airlines,23.0
DL,1360,Delta Air Lines,51.0
EV,4267,,47.0
UA,508,United Airlines,0.0
MQ,3284,,-12.0
UA,1658,United Airlines,-17.0
EV,5165,,-17.0
MQ,3067,,-21.0
MQ,3321,,-25.0
OO,4847,,-27.0
UA,712,United Airlines,7.0
MQ,3417,,-16.0
AS,492,Alaska Airlines,-15.0
DL,1318,Delta Air Lines,-8.0
WN,4221,Southwest Airlines,4.0
WN,2355,Southwest Airlines,-7.0
OO,3006,,-10.0
WN,2878,Southwest Airlines,-16.0
OO,5338,,-18.0
WN,311,Southwest Airlines,-12.0
US,2144,,-28.0
DL,1621,Delta Air Lines,3.0
OO,2959,,2.0
UA,1266,United Airlines,-18.0
DL,1705,Delta Air Lines,-17.0
US,478,,-20.0
DL,333,Delta Air Lines,-1.0
OO,5505,,-4.0
DL,2432,Delta Air Lines,3.0
OO,4775,,1.0
HA,297,Hawaiian Airlines,0.0
OO,4632,,-5.0
WN,806,Southwest Airlines,-3.0
UA,414,United Airlines,-11.0
OO,4831,,6.0
WN,415,Southwest Airlines,51.0
UA,337,United Airlines,-3.0
UA,1759,United Airlines,46.0
DL,2128,Delta Air Lines,-13.0
EV,4656,,-8.0
AA,936,American Airlines,-41.0
UA,1004,United Airlines,-7.0
MQ,3468,,
AA,2011,American Airlines,1.0
US,1952,,-5.0
OO,5463,,4.0
OO,5653,,9.0
WN,174,Southwest Airlines,-11.0
AA,1146,American Airlines,-31.0
US,1948,,16.0
NK,877,Spirit Airlines,-10.0
EV,4343,,0.0
DL,575,Delta Air Lines,-24.0
WN,2826,Southwest Airlines,5.0
OO,4479,,1.0
MQ,3476,,-3.0
MQ,3548,,-15.0
F9,565,Frontier Airlines,17.0
WN,526,Southwest Airlines,-5.0
OO,5202,,-31.0
WN,1613,Southwest Airlines,-1.0
WN,4081,Southwest Airlines,-7.0
NK,228,Spirit Airlines,-2.0
UA,685,United Airlines,34.0
EV,4110,,19.0
OO,5490,,4.0
UA,497,United Airlines,105.0
AA,1382,American Airlines,-14.0
DL,2532,Delta Air Lines,-23.0
DL,815,Delta Air Lines,3.0
OO,6205,,27.0
EV,4455,,29.0
UA,433,United Airlines,2.0
AS,488,Alaska Airlines,4.0
UA,1052,United Airlines,57.0
EV,5315,,-2.0
WN,213,Southwest Airlines,-6.0
WN,342,Southwest Airlines,-13.0
UA,1072,United Airlines,-5.0
AS,848,Alaska Airlines,2.0
DL,2172,Delta Air Lines,-7.0
OO,7398,,-20.0
DL,1537,Delta Air Lines,94.0
AA,1212,American Airlines,-11.0
MQ,3295,,130.0
WN,869,Southwest Airlines,17.0
EV,3937,,0.0
DL,1921,Delta Air Lines,-14.0
AA,1354,American Airlines,-6.0
UA,1747,United Airlines,41.0
UA,571,United Airlines,20.0
AA,1377,American Airlines,-17.0
EV,5180,,92.0
B6,1196,JetBlue Airways,9.0
OO,5553,,-16.0
WN,1407,Southwest Airlines,44.0
DL,1993,Delta Air Lines,-12.0
AA,226,American Airlines,
AA,2232,American Airlines,3.0
EV,2812,,-8.0
DL,2112,Delta Air Lines,103.0
WN,328,Southwest Airlines,202.0
MQ,3211,,110.0
DL,2477,Delta Air Lines,-2.0
US,1921,,54.0
OO,5591,,174.0
OO,6257,,-9.0
WN,374,Southwest Airlines,0.0
AA,169,American Airlines,64.0
DL,2211,Delta Air Lines,3.0
DL,2620,Delta Air Lines,-12.0
AS,622,Alaska Airlines,2.0
AA,1854,American Airlines,0.0
OO,5516,,-7.0
AA,1851,American Airlines,24.0
WN,4604,Southwest Airlines,4.0
EV,5285,,-13.0
OO,6536,,12.0
UA,1226,United Airlines,3.0
AS,638,Alaska Airlines,-6.0
F9,429,Frontier Airlines,6.0
WN,1210,Southwest Airlines,-23.0
OO,5564,,-17.0
UA,72,United Airlines,-25.0
DL,2258,Delta Air Lines,-4.0
WN,528,Southwest Airlines,-4.0
WN,383,Southwest Airlines,-31.0
WN,1478,Southwest Airlines,-5.0
UA,1169,United Airlines,-7.0
HA,194,Hawaiian Airlines,5.0
DL,1076,Delta Air Lines,-23.0
WN,2326,Southwest Airlines,-20.0
EV,3258,,59.0
NK,902,Spirit Airlines,-10.0
EV,4993,,-1.0
UA,1026,United Airlines,8.0
UA,1647,United Airlines,-22.0
DL,1369,Delta Air Lines,-13.0
OO,4973,,8.0
EV,5914,,-14.0
OO,4630,,-4.0
OO,4802,,31.0
DL,1112,Delta Air Lines,-8.0
WN,1267,Southwest Airlines,-4.0
WN,1337,Southwest Airlines,2.0
UA,1215,United Airlines,-10.0
EV,5979,,116.0
DL,2514,Delta Air Lines,9.0
MQ,3066,,-5.0
UA,1965,United Airlines,-11.0
EV,5275,,-13.0
DL,1818,Delta Air Lines,-7.0
WN,239,Southwest Airlines,-8.0
UA,1143,United Airlines,2.0
AA,154,American Airlines,136.0
EV,6157,,-29.0
WN,1680,Southwest Airlines,7.0
WN,292,Southwest Airlines,2.0
WN,1953,Southwest Airlines,-4.0
AA,1387,American Airlines,-6.0
B6,2170,JetBlue Airways,-20.0
EV,4256,,1.0
UA,508,United Airlines,-1.0
WN,1308,Southwest Airlines,-10.0
OO,5485,,2.0
WN,139,Southwest Airlines,27.0
MQ,3674,,-21.0
NK,424,Spirit Airlines,6.0
EV,4438,,-20.0
WN,622,Southwest Airlines,4.0
DL,1598,Delta Air Lines,-23.0
DL,2540,Delta Air Lines,-9.0
WN,238,Southwest Airlines,-11.0
OO,5588,,-3.0
UA,1160,United Airlines,-10.0
EV,4862,,-1.0
DL,1800,Delta Air Lines,-13.0
WN,3863,Southwest Airlines,63.0
AA,1140,American Airlines,-34.0
UA,366,United Airlines,24.0
EV,5150,,-7.0
WN,512,Southwest Airlines,-8.0
EV,5785,,-28.0
WN,2684,Southwest Airlines,-16.0
AA,679,American Airlines,-15.0
DL,755,Delta Air Lines,-17.0
MQ,3064,,-2.0
UA,1719,United Airlines,15.0
WN,3931,Southwest Airlines,-9.0
WN,4285,Southwest Airlines,-9.0
EV,4735,,-2.0
WN,1909,Southwest Airlines,10.0
WN,27,Southwest Airlines,16.0
DL,1956,Delta Air Lines,-9.0
EV,5360,,8.0
F9,247,Frontier Airlines,0.0
B6,523,JetBlue Airways,1.0
EV,4894,,41.0
F9,1295,Frontier Airlines,10.0
EV,5980,,-10.0
WN,2421,Southwest Airlines,29.0
UA,1723,United Airlines,-21.0
DL,2469,Delta Air Lines,-18.0
WN,771,Southwest Airlines,30.0
OO,4655,,-26.0
DL,1690,Delta Air Lines,-18.0
AA,306,American Airlines,-11.0
WN,4544,Southwest Airlines,-24.0
UA,1119,United Airlines,-22.0
DL,1432,Delta Air Lines,-11.0
DL,1491,Delta Air Lines,7.0
DL,582,Delta Air Lines,-1.0
AA,1880,American Airlines,-18.0
NK,718,Spirit Airlines,-16.0
B6,843,JetBlue Airways,-8.0
US,602,,-4.0
UA,1761,United Airlines,-26.0
DL,1184,Delta Air Lines,-9.0
OO,2617,,-2.0
UA,1435,United Airlines,-16.0
WN,861,Southwest Airlines,6.0
B6,26,JetBlue Airways,1.0
EV,4713,,-3.0
AA,1009,American Airlines,-6.0
DL,1185,Delta Air Lines,8.0
DL,443,Delta Air Lines,-15.0
WN,1814,Southwest Airlines,-10.0
US,755,,
AA,695,American Airlines,-7.0
B6,846,JetBlue Airways,-4.0
B6,161,JetBlue Airways,10.0
WN,256,Southwest Airlines,-29.0
WN,678,Southwest Airlines,-15.0
AA,1296,American Airlines,21.0
EV,4603,,-6.0
OO,4977,,12.0
WN,1729,Southwest Airlines,-1.0
AA,530,American Airlines,-13.0
AA,873,American Airlines,-18.0
VX,798,Virgin America,13.0
AA,2370,American Airlines,-9.0
UA,689,United Airlines,136.0
AA,1970,American Airlines,-23.0
EV,5028,,33.0
AA,111,American Airlines,33.0
WN,487,Southwest Airlines,-13.0
UA,1685,United Airlines,-2.0
WN,4159,Southwest Airlines,-16.0
HA,334,Hawaiian Airlines,0.0
WN,360,Southwest Airlines,-9.0
WN,1638,Southwest Airlines,28.0
OO,4604,,-18.0
AA,1085,American Airlines,-4.0
WN,468,Southwest Airlines,3.0
DL,946,Delta Air Lines,57.0
EV,4649,,-16.0
UA,1485,United Airlines,22.0
B6,2007,JetBlue Airways,
DL,1193,Delta Air Lines,-1.0
WN,4742,Southwest Airlines,10.0
OO,2929,,-18.0
OO,6247,,-41.0
UA,1542,United Airlines,11.0
WN,4204,Southwest Airlines,-16.0
AA,2415,American Airlines,-8.0
WN,46,Southwest Airlines,53.0
DL,2279,Delta Air Lines,-22.0
WN,324,Southwest Airlines,-19.0
WN,1199,Southwest Airlines,-1.0
AA,69,American Airlines,8.0
WN,5953,Southwest Airlines,-16.0
UA,381,United Airlines,-15.0
AA,1065,American Airlines,-16.0
UA,1256,United Airlines,17.0
OO,2871,,20.0
EV,5470,,
DL,927,Delta Air Lines,122.0
AS,400,Alaska Airlines,0.0
WN,1131,Southwest Airlines,-3.0
DL,772,Delta Air Lines,81.0
OO,5324,,11.0
AA,1585,American Airlines,-22.0
DL,1127,Delta Air Lines,12.0
DL,1882,Delta Air Lines,-26.0
WN,2838,Southwest Airlines,1.0
B6,160,JetBlue Airways,6.0
EV,2811,,71.0
AA,1315,American Airlines,42.0
AA,708,American Airlines,-31.0
DL,1554,Delta Air Lines,41.0
B6,1042,JetBlue Airways,-10.0
WN,16,Southwest Airlines,0.0
AA,327,American Airlines,-14.0
AA,695,American Airlines,0.0
DL,1207,Delta Air Lines,4.0
EV,4139,,0.0
DL,2002,Delta Air Lines,1.0
OO,7413,,-5.0
US,462,,-10.0
AA,2146,American Airlines,83.0
DL,956,Delta Air Lines,-16.0
WN,122,Southwest Airlines,-14.0
MQ,2942,,-9.0
B6,1182,JetBlue Airways,6.0
OO,5484,,133.0
WN,3573,Southwest Airlines,-18.0
AA,1406,American Airlines,-11.0
WN,2093,Southwest Airlines,-13.0
MQ,3251,,6.0
OO,6391,,-12.0
B6,65,JetBlue Airways,-52.0
WN,2696,Southwest Airlines,0.0
B6,1402,JetBlue Airways,22.0
AA,1645,American Airlines,36.0
WN,2601,Southwest Airlines,-2.0
WN,1616,Southwest Airlines,-19.0
NK,940,Spirit Airlines,-15.0
B6,1451,JetBlue Airways,-1.0
WN,2580,Southwest Airlines,23.0
US,1894,,-19.0
EV,5368,,13.0
EV,4363,,-7.0
NK,510,Spirit Airlines,14.0
B6,1012,JetBlue Airways,-3.0
UA,379,United Airlines,-13.0
DL,2481,Delta Air Lines,15.0
WN,4912,Southwest Airlines,-24.0
WN,3137,Southwest Airlines,-2.0
DL,1548,Delta Air Lines,25.0
OO,6408,,-10.0
WN,225,Southwest Airlines,-19.0
WN,332,Southwest Airlines,1.0
UA,1973,United Airlines,62.0
DL,2519,Delta Air Lines,3.0
US,1798,,-17.0
DL,2595,Delta Air Lines,-22.0
AA,2165,American Airlines,36.0
UA,805,United Airlines,-38.0
WN,403,Southwest Airlines,-17.0
UA,311,United Airlines,-18.0
OO,5596,,-7.0
US,1981,,-6.0
B6,312,JetBlue Airways,35.0
WN,2107,Southwest Airlines,
WN,633,Southwest Airlines,-16.0
DL,2692,Delta Air Lines,32.0
MQ,3568,,-16.0
DL,1739,Delta Air Lines,-4.0
DL,1508,Delta Air Lines,-10.0
DL,1605,Delta Air Lines,16.0
MQ,3475,,4.0
UA,1962,United Airlines,190.0
UA,712,United Airlines,57.0
AA,309,American Airlines,-7.0
EV,2539,,
DL,1780,Delta Air Lines,-9.0
WN,778,Southwest Airlines,-10.0
VX,365,Virgin America,0.0
AA,1528,American Airlines,9.0
AA,1041,American Airlines,-17.0
WN,2419,Southwest Airlines,-6.0
VX,12,Virgin America,-9.0
EV,4591,,38.0
B6,1146,JetBlue Airways,121.0
F9,582,Frontier Airlines,-9.0
AA,919,American Airlines,-20.0
OO,5621,,-12.0
B6,762,JetBlue Airways,-8.0
WN,269,Southwest Airlines,-23.0
B6,185,JetBlue Airways,-28.0
AA,2429,American Airlines,-2.0
OO,2845,,45.0
WN,884,Southwest Airlines,26.0
DL,1154,Delta Air Lines,1.0
B6,405,JetBlue Airways,-33.0
WN,47,Southwest Airlines,1.0
B6,324,JetBlue Airways,44.0
EV,6019,,-3.0
DL,2608,Delta Air Lines,-13.0
EV,5088,,75.0
UA,581,United Airlines,49.0
UA,1672,United Airlines,-11.0
B6,1716,JetBlue Airways,36.0
EV,5035,,9.0
AA,2137,American Airlines,-15.0
AA,29,American Airlines,14.0
AS,414,Alaska Airlines,-15.0
VX,1,Virgin America,-20.0
OO,6491,,27.0
F9,907,Frontier Airlines,-7.0
WN,3028,Southwest Airlines,35.0
UA,1774,United Airlines,31.0
EV,5362,,10.0
WN,2263,Southwest Airlines,1.0
WN,1164,Southwest Airlines,2.0
DL,2596,Delta Air Lines,18.0
AA,1462,American Airlines,4.0
WN,2949,Southwest Airlines,-5.0
DL,1358,Delta Air Lines,-15.0
DL,1913,Delta Air Lines,-8.0
WN,2762,Southwest Airlines,-10.0
OO,6449,,9.0
EV,5487,,-2.0
WN,2432,Southwest Airlines,-12.0
F9,787,Frontier Airlines,9.0
WN,2108,Southwest Airlines,11.0
OO,6355,,240.0
DL,1391,Delta Air Lines,-12.0
AS,662,Alaska Airlines,24.0
UA,433,United Airlines,22.0
WN,1190,Southwest Airlines,-5.0
DL,2568,Delta Air Lines,-11.0
EV,5588,,-31.0
WN,679,Southwest Airlines,-1.0
F9,1263,Frontier Airlines,31.0
WN,690,Southwest Airlines,-28.0
AA,1299,American Airlines,82.0
OO,2782,,-7.0
WN,329,Southwest Airlines,19.0
AA,572,American Airlines,-15.0
B6,1808,JetBlue Airways,-17.0
EV,2789,,176.0
EV,4987,,117.0
DL,1557,Delta Air Lines,27.0
AA,1951,American Airlines,-12.0
AS,64,Alaska Airlines,14.0
UA,1221,United Airlines,-22.0
B6,623,JetBlue Airways,18.0
UA,565,United Airlines,-7.0
EV,4456,,-8.0
WN,432,Southwest Airlines,43.0
US,1916,,-1.0
WN,4273,Southwest Airlines,133.0
UA,1130,United Airlines,-6.0
DL,1299,Delta Air Lines,-8.0
US,622,,-21.0
US,1816,,5.0
WN,608,Southwest Airlines,-15.0
OO,5317,,-5.0
WN,2157,Southwest Airlines,-4.0
US,635,,14.0
AA,710,American Airlines,0.0
DL,1839,Delta Air Lines,-19.0
OO,6293,,90.0
DL,2389,Delta Air Lines,-3.0
AS,680,Alaska Airlines,-9.0
OO,4756,,1.0
WN,146,Southwest Airlines,18.0
DL,2493,Delta Air Lines,-24.0
WN,1739,Southwest Airlines,-16.0
NK,906,Spirit Airlines,-16.0
WN,4555,Southwest Airlines,-8.0
DL,1230,Delta Air Lines,140.0
WN,539,Southwest Airlines,29.0
B6,272,JetBlue Airways,15.0
OO,4966,,-18.0
AA,414,American Airlines,2.0
EV,6083,,11.0
AA,1180,American Airlines,5.0
OO,5312,,-5.0
EV,5048,,103.0
US,1812,,6.0
B6,135,JetBlue Airways,109.0
AA,1866,American Airlines,-19.0
OO,5502,,59.0
OO,2971,,-2.0
AA,1727,American Airlines,121.0
B6,1667,JetBlue Airways,-7.0
UA,1150,United Airlines,
DL,1351,Delta Air Lines,-14.0
WN,3162,Southwest Airlines,8.0
DL,2557,Delta Air Lines,-7.0
VX,740,Virgin America,-11.0
DL,1484,Delta Air Lines,-4.0
UA,1135,United Airlines,4.0
WN,3586,Southwest Airlines,-6.0
US,1728,,-4.0
UA,303,United Airlines,-14.0
WN,2532,Southwest Airlines,-8.0
B6,1166,JetBlue Airways,-6.0
WN,3032,Southwest Airlines,16.0
DL,1495,Delta Air Lines,93.0
B6,402,JetBlue Airways,-7.0
NK,680,Spirit Airlines,58.0
UA,1278,United Airlines,-34.0
DL,1840,Delta Air Lines,-20.0
AA,1048,American Airlines,14.0
WN,1619,Southwest Airlines,-10.0
WN,196,Southwest Airlines,-22.0
EV,5924,,-14.0
DL,453,Delta Air Lines,-22.0
MQ,3133,,-7.0
UA,1640,United Airlines,-23.0
EV,2555,,-13.0
EV,4277,,-8.0
AS,147,Alaska Airlines,8.0
WN,3064,Southwest Airlines,5.0
WN,141,Southwest Airlines,33.0
WN,3745,Southwest Airlines,12.0
WN,4160,Southwest Airlines,0.0
EV,4927,,-8.0
DL,2115,Delta Air Lines,13.0
WN,322,Southwest Airlines,23.0
HA,323,Hawaiian Airlines,0.0
AS,85,Alaska Airlines,-11.0
DL,2186,Delta Air Lines,11.0
UA,443,United Airlines,-45.0
MQ,3290,,-16.0
DL,2473,Delta Air Lines,-8.0
DL,1066,Delta Air Lines,-16.0
B6,749,JetBlue Airways,-5.0
DL,1284,Delta Air Lines,-18.0
UA,356,United Airlines,1.0
DL,884,Delta Air Lines,-1.0
OO,2992,,-14.0
UA,331,United Airlines,21.0
DL,835,Delta Air Lines,-11.0
DL,1376,Delta Air Lines,-22.0
OO,6212,,0.0
HA,373,Hawaiian Airlines,-1.0
OO,5327,,-8.0
UA,237,United Airlines,-7.0
WN,824,Southwest Airlines,-2.0
WN,240,Southwest Airlines,79.0
UA,1165,United Airlines,-21.0
AA,781,American Airlines,-25.0
AA,2479,American Airlines,-12.0
DL,2342,Delta Air Lines,70.0
DL,423,Delta Air Lines,-17.0
EV,4394,,6.0
OO,5614,,-11.0
UA,1025,United Airlines,-5.0
AA,1562,American Airlines,24.0
UA,1670,United Airlines,149.0
AA,114,American Airlines,-9.0
WN,2684,Southwest Airlines,6.0
DL,1805,Delta Air Lines,-4.0
WN,549,Southwest Airlines,3.0
MQ,3475,,-14.0
DL,2480,Delta Air Lines,246.0
NK,316,Spirit Airlines,-11.0
B6,597,JetBlue Airways,9.0
EV,6082,,12.0
MQ,3191,,-12.0
WN,411,Southwest Airlines,43.0
DL,837,Delta Air Lines,10.0
AS,540,Alaska Airlines,-12.0
OO,6396,,-19.0
DL,151,Delta Air Lines,1.0
NK,777,Spirit Airlines,-8.0
AS,200,Alaska Airlines,-7.0
MQ,3584,,2.0
MQ,3063,,
DL,882,Delta Air Lines,-3.0
DL,2483,Delta Air Lines,10.0
AA,1126,American Airlines,-20.0
B6,728,JetBlue Airways,-3.0
AA,1213,American Airlines,-7.0
AS,585,Alaska Airlines,24.0
DL,1293,Delta Air Lines,-17.0
OO,2742,,-14.0
AA,1773,American Airlines,-50.0
US,1808,,-10.0
WN,2845,Southwest Airlines,-5.0
OO,4448,,-7.0
WN,2587,Southwest Airlines,-13.0
HA,345,Hawaiian Airlines,-7.0
OO,5605,,10.0
WN,1927,Southwest Airlines,8.0
DL,2001,Delta Air Lines,-16.0
US,1937,,-5.0
DL,1209,Delta Air Lines,-13.0
F9,1468,Frontier Airlines,-2.0
WN,183,Southwest Airlines,14.0
WN,136,Southwest Airlines,-8.0
MQ,3022,,9.0
DL,2123,Delta Air Lines,-20.0
AA,1075,American Airlines,81.0
WN,4062,Southwest Airlines,0.0
UA,1273,United Airlines,-27.0
UA,768,United Airlines,-15.0
AS,37,Alaska Airlines,-24.0
DL,1062,Delta Air Lines,-4.0
F9,1007,Frontier Airlines,257.0
WN,39,Southwest Airlines,0.0
AA,1761,American Airlines,-4.0
OO,5694,,-2.0
B6,1572,JetBlue Airways,15.0
EV,4579,,0.0
MQ,3502,,20.0
WN,3088,Southwest Airlines,8.0
UA,1189,United Airlines,-34.0
B6,190,JetBlue Airways,-5.0
EV,5222,,-10.0
B6,176,JetBlue Airways,-2.0
AA,44,American Airlines,-16.0
AA,2464,American Airlines,42.0
DL,665,Delta Air Lines,34.0
UA,1730,United Airlines,-31.0
WN,966,Southwest Airlines,2.0
AA,261,American Airlines,-5.0
OO,4520,,-25.0
B6,27,JetBlue Airways,-13.0
EV,4437,,2.0
WN,752,Southwest Airlines,6.0
US,1925,,-9.0
DL,1477,Delta Air Lines,-23.0
F9,116,Frontier Airlines,-10.0
WN,6750,Southwest Airlines,-43.0
WN,1182,Southwest Airlines,15.0
AA,552,American Airlines,-4.0
UA,244,United Airlines,66.0
DL,2209,Delta Air Lines,18.0
WN,1215,Southwest Airlines,-10.0
DL,1116,Delta Air Lines,-23.0
AA,143,American Airlines,-3.0
DL,2220,Delta Air Lines,23.0
WN,3162,Southwest Airlines,-13.0
DL,1891,Delta Air Lines,-22.0
AA,156,American Airlines,-18.0
WN,978,Southwest Airlines,-5.0
AA,1430,American Airlines,2.0
AA,1212,American Airlines,40.0
WN,1225,Southwest Airlines,-19.0
OO,4591,,-8.0
OO,4616,,-14.0
AA,430,American Airlines,-14.0
WN,215,Southwest Airlines,0.0
DL,1561,Delta Air Lines,1.0
WN,157,Southwest Airlines,1.0
DL,2494,Delta Air Lines,0.0
UA,1253,United Airlines,-2.0
EV,3933,,-26.0
US,2061,,2.0
OO,7405,,-1.0
DL,1923,Delta Air Lines,1.0
MQ,3351,,86.0
US,447,,43.0
EV,4909,,2.0
AA,1118,American Airlines,-18.0
HA,515,Hawaiian Airlines,-6.0
DL,2195,Delta Air Lines,19.0
AA,1911,American Airlines,-19.0
MQ,3519,,-5.0
US,484,,-21.0
EV,5084,,-3.0
AA,2335,American Airlines,-8.0
WN,3051,Southwest Airlines,0.0
EV,5590,,2.0
WN,3839,Southwest Airlines,29.0
EV,6067,,0.0
DL,2216,Delta Air Lines,-10.0
AA,2226,American Airlines,22.0
EV,4589,,126.0
DL,1370,Delta Air Lines,7.0
EV,5601,,45.0
WN,2795,Southwest Airlines,8.0
WN,1268,Southwest Airlines,-5.0
B6,1511,JetBlue Airways,-10.0
MQ,3043,,-12.0
WN,2309,Southwest Airlines,3.0
MQ,3359,,-28.0
DL,2576,Delta Air Lines,-17.0
DL,807,Delta Air Lines,-29.0
UA,522,United Airlines,47.0
EV,5205,,21.0
AA,2377,American Airlines,-14.0
AS,289,Alaska Airlines,59.0
NK,350,Spirit Airlines,75.0
DL,786,Delta Air Lines,-4.0
DL,465,Delta Air Lines,27.0
DL,2173,Delta Air Lines,-25.0
DL,931,Delta Air Lines,-13.0
DL,1257,Delta Air Lines,0.0
NK,612,Spirit Airlines,57.0
OO,6539,,8.0
WN,2108,Southwest Airlines,0.0
AS,565,Alaska Airlines,-18.0
WN,4231,Southwest Airlines,-19.0
DL,813,Delta Air Lines,-15.0
EV,5186,,-10.0
AS,798,Alaska Airlines,-11.0
AA,1838,American Airlines,-12.0
UA,210,United Airlines,4.0
F9,735,Frontier Airlines,5.0
AA,1720,American Airlines,31.0
UA,1800,United Airlines,-16.0
EV,4359,,1.0
WN,982,Southwest Airlines,9.0
OO,4595,,5.0
DL,2410,Delta Air Lines,-13.0
WN,979,Southwest Airlines,-16.0
EV,4395,,-11.0
UA,1735,United Airlines,-16.0
US,434,,-13.0
HA,4,Hawaiian Airlines,-18.0
WN,1104,Southwest Airlines,-15.0
WN,4543,Southwest Airlines,-11.0
AA,1760,American Airlines,-3.0
WN,1890,Southwest Airlines,20.0
MQ,3475,,0.0
EV,6068,,-8.0
NK,201,Spirit Airlines,-22.0
OO,4769,,-2.0
DL,2460,Delta Air Lines,-18.0
WN,2777,Southwest Airlines,-14.0
HA,232,Hawaiian Airlines,0.0
WN,2150,Southwest Airlines,-1.0
NK,1105,Spirit Airlines,-25.0
DL,2499,Delta Air Lines,-2.0
EV,5052,,118.0
EV,6098,,-10.0
WN,3054,Southwest Airlines,15.0
WN,321,Southwest Airlines,114.0
DL,1536,Delta Air Lines,-7.0
OO,5622,,5.0
WN,2965,Southwest Airlines,-12.0
AA,795,American Airlines,-46.0
MQ,3354,,-14.0
US,1792,,-22.0
DL,1298,Delta Air Lines,9.0
WN,4550,Southwest Airlines,45.0
DL,1215,Delta Air Lines,-9.0
AA,1218,American Airlines,-22.0
WN,4172,Southwest Airlines,-11.0
MQ,3420,,16.0
AA,2061,American Airlines,-17.0
DL,2232,Delta Air Lines,2.0
EV,5023,,-14.0
OO,2719,,-4.0
OO,6216,,-15.0
EV,6110,,-5.0
DL,559,Delta Air Lines,-22.0
MQ,3196,,-21.0
WN,1451,Southwest Airlines,150.0
DL,1336,Delta Air Lines,-1.0
AS,688,Alaska Airlines,-8.0
WN,1322,Southwest Airlines,17.0
WN,132,Southwest Airlines,19.0
B6,1226,JetBlue Airways,-18.0
DL,2101,Delta Air Lines,-25.0
EV,5477,,-12.0
AS,384,Alaska Airlines,-4.0
UA,1075,United Airlines,0.0
WN,657,Southwest Airlines,-7.0
B6,1289,JetBlue Airways,68.0
UA,752,United Airlines,-29.0
WN,222,Southwest Airlines,-4.0
AA,2212,American Airlines,4.0
DL,316,Delta Air Lines,1.0
OO,5323,,-18.0
OO,4545,,-4.0
DL,2184,Delta Air Lines,-17.0
OO,2793,,-7.0
DL,1343,Delta Air Lines,-7.0
DL,2529,Delta Air Lines,-10.0
WN,166,Southwest Airlines,-1.0
AA,651,American Airlines,-6.0
UA,810,United Airlines,89.0
UA,779,United Airlines,-44.0
AA,1209,American Airlines,17.0
WN,694,Southwest Airlines,34.0
B6,903,JetBlue Airways,-7.0
EV,4729,,-26.0
WN,297,Southwest Airlines,-17.0
DL,1338,Delta Air Lines,5.0
EV,4900,,13.0
OO,2699,,2.0
DL,2157,Delta Air Lines,4.0
F9,337,Frontier Airlines,138.0
EV,4954,,-1.0
DL,2598,Delta Air Lines,60.0
DL,1238,Delta Air Lines,-11.0
EV,4863,,-7.0
US,1754,,-12.0
AA,594,American Airlines,-1.0
WN,857,Southwest Airlines,96.0
DL,2478,Delta Air Lines,-12.0
WN,36,Southwest Airlines,0.0
WN,4076,Southwest Airlines,-1.0
B6,1459,JetBlue Airways,-12.0
UA,649,United Airlines,-14.0
AA,159,American Airlines,-12.0
AA,1572,American Airlines,-10.0
AS,537,Alaska Airlines,-14.0
WN,6316,Southwest Airlines,-4.0
WN,3022,Southwest Airlines,-25.0
UA,397,United Airlines,22.0
F9,915,Frontier Airlines,2.0
UA,354,United Airlines,-7.0
EV,4217,,15.0
AS,871,Alaska Airlines,-24.0
UA,589,United Airlines,55.0
WN,4529,Southwest Airlines,128.0
UA,1905,United Airlines,31.0
AA,1600,American Airlines,75.0
MQ,3138,,-22.0
MQ,3031,,-28.0
UA,1028,United Airlines,52.0
WN,49,Southwest Airlines,4.0
DL,330,Delta Air Lines,-3.0
B6,1615,JetBlue Airways,-8.0
DL,1482,Delta Air Lines,-14.0
OO,4586,,7.0
WN,207,Southwest Airlines,-2.0
AA,1869,American Airlines,-7.0
AS,571,Alaska Airlines,-3.0
OO,4482,,7.0
AA,340,American Airlines,39.0
UA,325,United Airlines,28.0
WN,1822,Southwest Airlines,80.0
B6,1119,JetBlue Airways,-28.0
US,1945,,-10.0
WN,1879,Southwest Airlines,-21.0
DL,2005,Delta Air Lines,1.0
AS,648,Alaska Airlines,3.0
DL,2090,Delta Air Lines,-3.0
AA,390,American Airlines,29.0
AS,493,Alaska Airlines,3.0
EV,5071,,72.0
OO,4758,,-11.0
DL,1375,Delta Air Lines,-19.0
WN,4464,Southwest Airlines,4.0
WN,327,Southwest Airlines,17.0
WN,684,Southwest Airlines,-3.0
EV,3257,,-27.0
AA,1780,American Airlines,-17.0
EV,2701,,7.0
OO,2987,,2.0
DL,2488,Delta Air Lines,11.0
AA,676,American Airlines,19.0
OO,4512,,-8.0
EV,6109,,
EV,5012,,-4.0
DL,2441,Delta Air Lines,-14.0
EV,4985,,-23.0
AA,463,American Airlines,38.0
AA,1294,American Airlines,1.0
DL,2822,Delta Air Lines,199.0
OO,7364,,2.0
UA,439,United Airlines,7.0
WN,2940,Southwest Airlines,-13.0
DL,1282,Delta Air Lines,-13.0
US,1949,,6.0
AA,452,American Airlines,-1.0
AA,2465,American Airlines,-15.0
OO,6416,,13.0
UA,1407,United Airlines,-17.0
AS,648,Alaska Airlines,3.0
DL,2132,Delta Air Lines,-19.0
AA,45,American Airlines,-1.0
EV,2680,,
WN,722,Southwest Airlines,-6.0
AA,1110,American Airlines,-22.0
US,2031,,33.0
AA,1022,American Airlines,-13.0
HA,365,Hawaiian Airlines,-4.0
WN,37,Southwest Airlines,7.0
NK,1105,Spirit Airlines,-16.0
B6,22,JetBlue Airways,8.0
UA,589,United Airlines,26.0
DL,1531,Delta Air Lines,-1.0
US,1983,,-22.0
WN,979,Southwest Airlines,-4.0
US,2068,,-2.0
WN,879,Southwest Airlines,-6.0
B6,998,JetBlue Airways,-13.0
EV,5597,,-11.0
MQ,3045,,-12.0
WN,1090,Southwest Airlines,23.0
AA,1186,American Airlines,0.0
WN,1077,Southwest Airlines,-3.0
DL,803,Delta Air Lines,3.0
WN,3141,Southwest Airlines,40.0
DL,2522,Delta Air Lines,-12.0
AA,782,American Airlines,80.0
DL,345,Delta Air Lines,-16.0
US,1903,,6.0
WN,374,Southwest Airlines,-7.0
WN,2082,Southwest Airlines,-1.0
B6,718,JetBlue Airways,7.0
OO,4638,,-14.0
AA,2392,American Airlines,29.0
WN,1298,Southwest Airlines,-21.0
DL,2359,Delta Air Lines,-23.0
F9,822,Frontier Airlines,-3.0
WN,706,Southwest Airlines,8.0
DL,2537,Delta Air Lines,176.0
WN,3101,Southwest Airlines,0.0
EV,5125,,-7.0
NK,245,Spirit Airlines,-17.0
DL,1061,Delta Air Lines,1.0
DL,128,Delta Air Lines,24.0
WN,4721,Southwest Airlines,-16.0
MQ,3199,,61.0
DL,2212,Delta Air Lines,-4.0
OO,4786,,-15.0
AA,1310,American Airlines,-12.0
WN,2546,Southwest Airlines,-8.0
MQ,3424,,-18.0
MQ,3101,,7.0
WN,4721,Southwest Airlines,-1.0
MQ,3233,,155.0
WN,4919,Southwest Airlines,27.0
AA,2055,American Airlines,-3.0
UA,201,United Airlines,19.0
EV,4917,,-8.0
AA,1677,American Airlines,-13.0
DL,1721,Delta Air Lines,7.0
MQ,3030,,61.0
AA,2160,American Airlines,-13.0
UA,698,United Airlines,-2.0
WN,2918,Southwest Airlines,-16.0
MQ,2982,,54.0
AA,1426,American Airlines,-12.0
WN,5555,Southwest Airlines,-9.0
EV,2639,,-3.0
AA,176,American Airlines,11.0
US,456,,-12.0
MQ,3153,,-3.0
B6,724,JetBlue Airways,88.0
WN,4588,Southwest Airlines,0.0
EV,4627,,-25.0
EV,5485,,3.0
WN,3306,Southwest Airlines,-11.0
WN,2607,Southwest Airlines,-7.0
AA,289,American Airlines,-17.0
MQ,3467,,-21.0
OO,4652,,-8.0
WN,1058,Southwest Airlines,-1.0
MQ,3011,,-5.0
B6,553,JetBlue Airways,19.0
AS,562,Alaska Airlines,-17.0
OO,7374,,2.0
WN,421,Southwest Airlines,-11.0
EV,2857,,41.0
WN,555,Southwest Airlines,-19.0
AA,2469,American Airlines,6.0
MQ,3146,,0.0
UA,1042,United Airlines,4.0
MQ,3550,,-14.0
WN,1446,Southwest Airlines,-5.0
WN,1265,Southwest Airlines,-14.0
AA,1194,American Airlines,-11.0
EV,6072,,12.0
WN,3324,Southwest Airlines,6.0
OO,4974,,17.0
B6,1685,JetBlue Airways,-11.0
AA,645,American Airlines,0.0
OO,2994,,-6.0
AA,2378,American Airlines,-7.0
MQ,3441,,14.0
WN,4588,Southwest Airlines,-14.0
DL,918,Delta Air Lines,0.0
EV,6049,,-10.0
OO,5516,,52.0
B6,2007,JetBlue Airways,-10.0
AA,1637,American Airlines,
EV,4489,,25.0
UA,372,United Airlines,-19.0
US,617,,-5.0
WN,3215,Southwest Airlines,-4.0
AA,371,American Airlines,-27.0
AA,413,American Airlines,40.0
AS,609,Alaska Airlines,13.0
OO,6308,,5.0
MQ,3210,,-8.0
DL,2107,Delta Air Lines,2.0
MQ,3233,,21.0
OO,2895,,0.0
DL,870,Delta Air Lines,0.0
DL,1363,Delta Air Lines,-14.0
US,1910,,-19.0
EV,5460,,-9.0
OO,5655,,-2.0
AA,1406,American Airlines,16.0
OO,6332,,41.0
UA,1585,United Airlines,7.0
UA,1138,United Airlines,-9.0
F9,778,Frontier Airlines,6.0
UA,1112,United Airlines,-29.0
WN,4062,Southwest Airlines,27.0
WN,44,Southwest Airlines,-9.0
WN,957,Southwest Airlines,59.0
EV,5999,,2.0
EV,5557,,-8.0
DL,1943,Delta Air Lines,9.0
WN,183,Southwest Airlines,17.0
DL,759,Delta Air Lines,-14.0
WN,1782,Southwest Airlines,-19.0
DL,946,Delta Air Lines,-1.0
WN,4550,Southwest Airlines,2.0
DL,1397,Delta Air Lines,77.0
WN,863,Southwest Airlines,13.0
UA,1527,United Airlines,-9.0
AA,195,American Airlines,-1.0
VX,169,Virgin America,14.0
DL,18,Delta Air Lines,22.0
OO,5524,,-4.0
DL,28,Delta Air Lines,-19.0
AA,154,American Airlines,
WN,2202,Southwest Airlines,-11.0
MQ,3227,,2.0
EV,4264,,-15.0
F9,1238,Frontier Airlines,-7.0
US,2137,,-17.0
DL,1273,Delta Air Lines,-10.0
DL,1154,Delta Air Lines,-18.0
AA,2561,American Airlines,-27.0
WN,6803,Southwest Airlines,-11.0
AA,1587,American Airlines,1.0
WN,207,Southwest Airlines,-17.0
AA,959,American Airlines,34.0
OO,6307,,15.0
US,1904,,-19.0
WN,4930,Southwest Airlines,-30.0
F9,223,Frontier Airlines,8.0
UA,1433,United Airlines,-4.0
DL,2390,Delta Air Lines,3.0
WN,2560,Southwest Airlines,-5.0
DL,521,Delta Air Lines,-10.0
WN,4425,Southwest Airlines,17.0
HA,239,Hawaiian Airlines,0.0
UA,627,United Airlines,162.0
OO,4753,,5.0
WN,834,Southwest Airlines,44.0
MQ,3475,,85.0
DL,2054,Delta Air Lines,-20.0
AA,1595,American Airlines,-5.0
B6,1466,JetBlue Airways,0.0
AA,2323,American Airlines,-17.0
WN,2628,Southwest Airlines,-10.0
OO,4986,,-12.0
WN,1583,Southwest Airlines,-1.0
OO,6245,,-20.0
DL,1282,Delta Air Lines,4.0
WN,925,Southwest Airlines,-10.0
AA,202,American Airlines,-11.0
MQ,3599,,-10.0
DL,1725,Delta Air Lines,-11.0
DL,1234,Delta Air Lines,15.0
AA,2440,American Airlines,-9.0
WN,540,Southwest Airlines,-8.0
MQ,3509,,51.0
OO,6334,,-21.0
DL,1200,Delta Air Lines,-4.0
B6,1254,JetBlue Airways,48.0
WN,1695,Southwest Airlines,-2.0
UA,1218,United Airlines,-14.0
F9,573,Frontier Airlines,-13.0
WN,1904,Southwest Airlines,-2.0
UA,1759,United Airlines,5.0
UA,433,United Airlines,42.0
NK,329,Spirit Airlines,-11.0
WN,2786,Southwest Airlines,-14.0
DL,2227,Delta Air Lines,3.0
B6,1206,JetBlue Airways,1.0
UA,1462,United Airlines,21.0
EV,4594,,49.0
B6,1315,JetBlue Airways,7.0
AA,546,American Airlines,-2.0
F9,1100,Frontier Airlines,-15.0
WN,296,Southwest Airlines,-5.0
AA,2337,American Airlines,27.0
DL,1873,Delta Air Lines,43.0
MQ,3641,,-16.0
US,1889,,-7.0
DL,2364,Delta Air Lines,-12.0
EV,4265,,5.0
EV,2744,,-19.0
OO,4541,,-8.0
DL,1256,Delta Air Lines,-14.0
AA,357,American Airlines,17.0
DL,2068,Delta Air Lines,-15.0
DL,1097,Delta Air Lines,-9.0
OO,6260,,21.0
WN,4569,Southwest Airlines,-11.0
DL,951,Delta Air Lines,-25.0
WN,524,Southwest Airlines,-12.0
OO,5423,,24.0
AA,1207,American Airlines,62.0
AA,775,American Airlines,1.0
MQ,3296,,
UA,289,United Airlines,-13.0
AA,1927,American Airlines,43.0
UA,980,United Airlines,-1.0
DL,1818,Delta Air Lines,-13.0
OO,5200,,5.0
AA,499,American Airlines,-9.0
WN,4210,Southwest Airlines,-19.0
MQ,3215,,-15.0
MQ,3004,,-11.0
MQ,3348,,-4.0
B6,573,JetBlue Airways,27.0
WN,124,Southwest Airlines,-11.0
AA,2062,American Airlines,22.0
DL,109,Delta Air Lines,169.0
OO,6527,,-24.0
OO,7362,,-13.0
B6,164,JetBlue Airways,-14.0
OO,4784,,37.0
WN,1633,Southwest Airlines,-13.0
DL,2083,Delta Air Lines,-21.0
WN,1214,Southwest Airlines,-7.0
WN,1112,Southwest Airlines,-24.0
AA,1108,American Airlines,-25.0
B6,476,JetBlue Airways,-6.0
DL,526,Delta Air Lines,93.0
WN,2266,Southwest Airlines,-27.0
WN,380,Southwest Airlines,-5.0
US,797,,27.0
WN,15,Southwest Airlines,4.0
AA,157,American Airlines,-26.0
NK,474,Spirit Airlines,3.0
EV,6079,,
WN,2959,Southwest Airlines,-14.0
AA,198,American Airlines,157.0
US,1833,,-18.0
OO,4498,,-2.0
WN,2983,Southwest Airlines,3.0
OO,5631,,-7.0
EV,4936,,-15.0
WN,536,Southwest Airlines,8.0
EV,3256,,16.0
DL,1398,Delta Air Lines,-10.0
EV,4297,,6.0
UA,505,United Airlines,3.0
OO,3008,,-11.0
OO,5604,,-17.0
WN,2964,Southwest Airlines,54.0
WN,1071,Southwest Airlines,31.0
MQ,3189,,-19.0
B6,768,JetBlue Airways,-10.0
B6,277,JetBlue Airways,8.0
WN,677,Southwest Airlines,-29.0
EV,5421,,13.0
MQ,3076,,-18.0
DL,748,Delta Air Lines,25.0
WN,277,Southwest Airlines,13.0
MQ,3180,,193.0
AA,1941,American Airlines,-16.0
OO,4749,,-3.0
EV,5048,,-7.0
DL,951,Delta Air Lines,-3.0
WN,2226,Southwest Airlines,-11.0
WN,316,Southwest Airlines,-7.0
EV,5036,,5.0
AA,1605,American Airlines,-9.0
MQ,3432,,-10.0
AA,1699,American Airlines,4.0
OO,2949,,-10.0
OO,4492,,-8.0
AA,1927,American Airlines,19.0
OO,5315,,-1.0
OO,6342,,-11.0
EV,4874,,117.0
AS,730,Alaska Airlines,5.0
WN,4662,Southwest Airlines,-7.0
DL,797,Delta Air Lines,-13.0
WN,2698,Southwest Airlines,-4.0
OO,4468,,-5.0
AA,1487,American Airlines,-8.0
NK,710,Spirit Airlines,51.0
AA,1231,American Airlines,-22.0
UA,1936,United Airlines,-8.0
MQ,3055,,-10.0
NK,340,Spirit Airlines,64.0
OO,6465,,5.0
B6,219,JetBlue Airways,-3.0
UA,1187,United Airlines,-10.0
DL,1731,Delta Air Lines,-9.0
WN,1703,Southwest Airlines,24.0
OO,5413,,0.0
WN,1712,Southwest Airlines,-11.0
HA,115,Hawaiian Airlines,-9.0
AS,16,Alaska Airlines,-7.0
WN,2597,Southwest Airlines,7.0
UA,1700,United Airlines,-12.0
DL,710,Delta Air Lines,-16.0
OO,4610,,-13.0
AS,62,Alaska Airlines,22.0
OO,4821,,-14.0
AS,249,Alaska Airlines,7.0
MQ,3048,,-27.0
WN,162,Southwest Airlines,-6.0
WN,1881,Southwest Airlines,4.0
UA,426,United Airlines,13.0
WN,2422,Southwest Airlines,-15.0
AA,1806,American Airlines,-14.0
EV,4197,,-14.0
AS,411,Alaska Airlines,4.0
OO,6234,,-21.0
DL,1959,Delta Air Lines,121.0
AA,894,American Airlines,83.0
AS,670,Alaska Airlines,-6.0
HA,104,Hawaiian Airlines,-9.0
DL,1885,Delta Air Lines,-35.0
US,898,,-30.0
DL,1089,Delta Air Lines,-16.0
WN,711,Southwest Airlines,-11.0
EV,3814,,1.0
WN,3500,Southwest Airlines,6.0
AA,1922,American Airlines,-4.0
DL,2597,Delta Air Lines,1.0
DL,2692,Delta Air Lines,8.0
AA,1330,American Airlines,-14.0
WN,1940,Southwest Airlines,28.0
US,647,,-8.0
WN,556,Southwest Airlines,4.0
WN,1093,Southwest Airlines,-22.0
AA,1948,American Airlines,16.0
OO,4521,,-10.0
WN,2563,Southwest Airlines,-2.0
OO,4644,,-8.0
WN,1752,Southwest Airlines,23.0
US,578,,-10.0
OO,4965,,17.0
UA,455,United Airlines,-26.0
OO,4485,,-12.0
DL,171,Delta Air Lines,-5.0
AS,300,Alaska Airlines,-9.0
WN,116,Southwest Airlines,-7.0
WN,3779,Southwest Airlines,-29.0
DL,1684,Delta Air Lines,0.0
US,749,,0.0
AA,1271,American Airlines,
UA,459,United Airlines,-5.0
OO,7405,,-3.0
AA,671,American Airlines,-7.0
B6,302,JetBlue Airways,42.0
OO,6258,,0.0
OO,6517,,-7.0
B6,1534,JetBlue Airways,-5.0
NK,178,Spirit Airlines,-10.0
NK,408,Spirit Airlines,-14.0
OO,6531,,4.0
WN,1460,Southwest Airlines,-19.0
HA,353,Hawaiian Airlines,0.0
OO,6237,,
WN,4540,Southwest Airlines,-5.0
AA,1412,American Airlines,-18.0
B6,762,JetBlue Airways,-15.0
NK,242,Spirit Airlines,-10.0
DL,2687,Delta Air Lines,157.0
OO,5524,,-10.0
DL,1175,Delta Air Lines,-34.0
NK,877,Spirit Airlines,-2.0
WN,582,Southwest Airlines,121.0
AA,2357,American Airlines,28.0
WN,1182,Southwest Airlines,16.0
WN,580,Southwest Airlines,13.0
OO,6268,,25.0
AA,1217,American Airlines,-24.0
UA,1231,United Airlines,-13.0
UA,697,United Airlines,19.0
UA,1130,United Airlines,4.0
EV,6023,,-20.0
VX,415,Virgin America,-19.0
WN,2128,Southwest Airlines,-3.0
AA,1781,American Airlines,10.0
AA,220,American Airlines,6.0
AA,314,American Airlines,7.0
UA,463,United Airlines,10.0
B6,1206,JetBlue Airways,-28.0
UA,1581,United Airlines,-6.0
EV,6062,,3.0
WN,1524,Southwest Airlines,10.0
WN,531,Southwest Airlines,-26.0
UA,1264,United Airlines,-11.0
WN,247,Southwest Airlines,-17.0
WN,3750,Southwest Airlines,-10.0
WN,672,Southwest Airlines,0.0
WN,4552,Southwest Airlines,-30.0
DL,2556,Delta Air Lines,-11.0
DL,2788,Delta Air Lines,-19.0
OO,5169,,-23.0
WN,437,Southwest Airlines,25.0
AA,1350,American Airlines,-10.0
EV,4756,,37.0
UA,606,United Airlines,86.0
US,2116,,-6.0
EV,6093,,-4.0
OO,6534,,-19.0
WN,930,Southwest Airlines,3.0
EV,2693,,-12.0
AS,893,Alaska Airlines,-12.0
WN,1108,Southwest Airlines,1.0
MQ,3620,,-12.0
WN,805,Southwest Airlines,-23.0
AA,1018,American Airlines,-16.0
OO,5631,,31.0
HA,161,Hawaiian Airlines,-7.0
WN,623,Southwest Airlines,-8.0
UA,271,United Airlines,7.0
EV,4687,,14.0
UA,250,United Airlines,-10.0
AS,122,Alaska Airlines,-16.0
DL,1106,Delta Air Lines,3.0
B6,423,JetBlue Airways,-5.0
WN,2333,Southwest Airlines,-16.0
AA,384,American Airlines,1.0
HA,326,Hawaiian Airlines,-2.0
WN,2962,Southwest Airlines,-13.0
MQ,3171,,-8.0
F9,1258,Frontier Airlines,-7.0
AA,1684,American Airlines,-8.0
DL,2611,Delta Air Lines,-12.0
WN,956,Southwest Airlines,-5.0
AA,334,American Airlines,-24.0
F9,916,Frontier Airlines,13.0
AA,1270,American Airlines,-14.0
EV,4419,,49.0
UA,815,United Airlines,44.0
WN,2409,Southwest Airlines,-14.0
AA,104,American Airlines,-21.0
WN,455,Southwest Airlines,-15.0
OO,4446,,30.0
DL,1483,Delta Air Lines,-12.0
OO,4543,,50.0
DL,1071,Delta Air Lines,22.0
OO,2839,,-20.0
DL,17,Delta Air Lines,-5.0
WN,4919,Southwest Airlines,-2.0
WN,525,Southwest Airlines,-8.0
WN,3337,Southwest Airlines,0.0
WN,562,Southwest Airlines,-24.0
AA,545,American Airlines,12.0
EV,4501,,-6.0
AA,1984,American Airlines,-4.0
UA,265,United Airlines,-11.0
DL,836,Delta Air Lines,-19.0
EV,4998,,47.0
F9,918,Frontier Airlines,-9.0
WN,1408,Southwest Airlines,49.0
AS,127,Alaska Airlines,-26.0
OO,6461,,-6.0
MQ,3535,,2.0
EV,5816,,
OO,5228,,103.0
B6,431,JetBlue Airways,-17.0
AA,1357,American Airlines,-10.0
AA,590,American Airlines,-12.0
EV,4430,,5.0
WN,456,Southwest Airlines,-1.0
DL,2132,Delta Air Lines,-18.0
WN,210,Southwest Airlines,21.0
WN,137,Southwest Airlines,-10.0
WN,229,Southwest Airlines,3.0
DL,1866,Delta Air Lines,-30.0
DL,1106,Delta Air Lines,-5.0
EV,5803,,-5.0
AA,2434,American Airlines,-10.0
EV,4743,,25.0
DL,2084,Delta Air Lines,-7.0
OO,4702,,-3.0
DL,1941,Delta Air Lines,3.0
EV,5321,,124.0
WN,1071,Southwest Airlines,-6.0
US,1919,,38.0
EV,4391,,-12.0
EV,4119,,
DL,1592,Delta Air Lines,3.0
EV,4740,,-8.0
DL,1222,Delta Air Lines,-23.0
MQ,3425,,-5.0
MQ,3641,,11.0
MQ,2987,,376.0
B6,306,JetBlue Airways,-4.0
AA,400,American Airlines,4.0
WN,2524,Southwest Airlines,3.0
WN,3830,Southwest Airlines,-10.0
DL,1584,Delta Air Lines,-13.0
AA,699,American Airlines,-1.0
F9,241,Frontier Airlines,-14.0
US,602,,33.0
EV,2799,,2.0
OO,5551,,43.0
WN,160,Southwest Airlines,-3.0
UA,1593,United Airlines,-28.0
UA,1715,United Airlines,-12.0
DL,734,Delta Air Lines,-18.0
AA,1399,American Airlines,-1.0
DL,1348,Delta Air Lines,-6.0
OO,4686,,-12.0
UA,1119,United Airlines,-22.0
WN,2310,Southwest Airlines,0.0
OO,2740,,-9.0
WN,881,Southwest Airlines,
DL,1126,Delta Air Lines,-4.0
DL,2275,Delta Air Lines,-17.0
DL,2482,Delta Air Lines,-5.0
WN,1553,Southwest Airlines,-11.0
B6,190,JetBlue Airways,55.0
F9,770,Frontier Airlines,-11.0
EV,3925,,-8.0
AA,281,American Airlines,-28.0
B6,1246,JetBlue Airways,-1.0
EV,4906,,-3.0
AA,1219,American Airlines,-11.0
WN,775,Southwest Airlines,8.0
OO,5253,,-9.0
VX,795,Virgin America,-17.0
AA,936,American Airlines,-5.0
AS,699,Alaska Airlines,-10.0
MQ,3276,,23.0
WN,1277,Southwest Airlines,-3.0
EV,4962,,-5.0
EV,4411,,-9.0
WN,1820,Southwest Airlines,-10.0
OO,3498,,8.0
HA,338,Hawaiian Airlines,-8.0
UA,887,United Airlines,75.0
US,413,,-17.0
WN,3030,Southwest Airlines,0.0
NK,858,Spirit Airlines,15.0
B6,2416,JetBlue Airways,-5.0
B6,26,JetBlue Airways,-1.0
UA,417,United Airlines,48.0
OO,4706,,-10.0
WN,1406,Southwest Airlines,-19.0
AA,2197,American Airlines,-11.0
OO,5394,,-4.0
WN,355,Southwest Airlines,-21.0
MQ,3519,,-4.0
US,1994,,37.0
WN,233,Southwest Airlines,44.0
DL,468,Delta Air Lines,-20.0
WN,1650,Southwest Airlines,-6.0
MQ,3537,,-20.0
UA,1529,United Airlines,23.0
WN,1700,Southwest Airlines,-40.0
AA,2505,American Airlines,-3.0
WN,3135,Southwest Airlines,-7.0
WN,897,Southwest Airlines,-6.0
OO,5591,,-2.0
EV,4651,,4.0
OO,4703,,-26.0
MQ,3367,,-13.0
WN,2578,Southwest Airlines,5.0
DL,989,Delta Air Lines,-5.0
MQ,3535,,12.0
VX,759,Virgin America,-12.0
WN,2433,Southwest Airlines,7.0
EV,4916,,-11.0
OO,4449,,44.0
OO,6471,,11.0
VX,948,Virgin America,-7.0
WN,1260,Southwest Airlines,-9.0
UA,699,United Airlines,24.0
DL,2227,Delta Air Lines,-10.0
OO,5385,,
UA,1148,United Airlines,15.0
US,1855,,-6.0
WN,362,Southwest Airlines,-15.0
US,1849,,-7.0
MQ,3519,,-11.0
WN,377,Southwest Airlines,137.0
WN,1841,Southwest Airlines,-18.0
AA,671,American Airlines,0.0
AA,1745,American Airlines,-19.0
WN,4062,Southwest Airlines,
B6,1790,JetBlue Airways,-10.0
WN,530,Southwest Airlines,-20.0
B6,234,JetBlue Airways,183.0
DL,1439,Delta Air Lines,-22.0
OO,6307,,72.0
OO,6535,,17.0
WN,2054,Southwest Airlines,7.0
UA,1632,United Airlines,-9.0
DL,1834,Delta Air Lines,-12.0
WN,5900,Southwest Airlines,-6.0
MQ,3394,,-19.0
OO,5435,,-19.0
MQ,3422,,-25.0
UA,1566,United Airlines,33.0
DL,2502,Delta Air Lines,-13.0
WN,3378,Southwest Airlines,180.0
WN,163,Southwest Airlines,-6.0
US,1707,,6.0
AA,895,American Airlines,-22.0
EV,4461,,-6.0
UA,1621,United Airlines,7.0
WN,814,Southwest Airlines,-9.0
WN,2869,Southwest Airlines,14.0
AA,1029,American Airlines,70.0
WN,599,Southwest Airlines,2.0
OO,4440,,4.0
WN,4053,Southwest Airlines,29.0
B6,411,JetBlue Airways,-5.0
AA,1654,American Airlines,-12.0
WN,871,Southwest Airlines,-8.0
AA,272,American Airlines,-19.0
AA,407,American Airlines,-4.0
OO,5604,,-23.0
OO,5330,,3.0
EV,2562,,30.0
F9,1257,Frontier Airlines,-27.0
WN,200,Southwest Airlines,-6.0
HA,306,Hawaiian Airlines,-5.0
DL,2212,Delta Air Lines,-3.0
AS,465,Alaska Airlines,-11.0
VX,452,Virgin America,-7.0
WN,2796,Southwest Airlines,-17.0
OO,2992,,4.0
EV,2651,,-6.0
EV,4999,,5.0
DL,1077,Delta Air Lines,-14.0
OO,4718,,-4.0
DL,2304,Delta Air Lines,16.0
MQ,3147,,-15.0
MQ,3175,,76.0
UA,401,United Airlines,-4.0
EV,5671,,
F9,425,Frontier Airlines,20.0
WN,1945,Southwest Airlines,30.0
VX,440,Virgin America,-5.0
DL,1998,Delta Air Lines,-22.0
UA,1139,United Airlines,5.0
DL,1955,Delta Air Lines,-13.0
AA,793,American Airlines,2.0
UA,1716,United Airlines,58.0
WN,2400,Southwest Airlines,11.0
AS,62,Alaska Airlines,1.0
DL,1785,Delta Air Lines,9.0
US,752,,-30.0
EV,6008,,21.0
WN,2393,Southwest Airlines,9.0
EV,5529,,-6.0
OO,5159,,-12.0
AA,1713,American Airlines,-26.0
UA,427,United Airlines,-17.0
AA,1793,American Airlines,-27.0
UA,1673,United Airlines,12.0
WN,160,Southwest Airlines,20.0
WN,4723,Southwest Airlines,6.0
DL,15,Delta Air Lines,-33.0
AA,1960,American Airlines,-14.0
AA,567,American Airlines,-7.0
OO,4569,,-4.0
OO,4545,,-8.0
UA,594,United Airlines,4.0
NK,310,Spirit Airlines,-17.0
AA,51,American Airlines,-16.0
WN,1871,Southwest Airlines,10.0
DL,2563,Delta Air Lines,-8.0
UA,1741,United Airlines,-13.0
DL,2225,Delta Air Lines,-19.0
UA,1083,United Airlines,-1.0
EV,4943,,-12.0
NK,969,Spirit Airlines,26.0
B6,2279,JetBlue Airways,6.0
F9,337,Frontier Airlines,-5.0
DL,1767,Delta Air Lines,-8.0
AS,582,Alaska Airlines,-3.0
WN,3307,Southwest Airlines,-6.0
MQ,3319,,-6.0
OO,5460,,-19.0
US,558,,-8.0
AA,1998,American Airlines,5.0
WN,3937,Southwest Airlines,-23.0
US,1738,,-3.0
OO,5291,,4.0
AA,1608,American Airlines,-13.0
AA,1361,American Airlines,-21.0
WN,180,Southwest Airlines,10.0
EV,6069,,-3.0
DL,1470,Delta Air Lines,-13.0
DL,2340,Delta Air Lines,-12.0
B6,111,JetBlue Airways,68.0
AA,1288,American Airlines,-6.0
AA,1698,American Airlines,-1.0
AA,1315,American Airlines,-8.0
UA,1994,United Airlines,46.0
DL,2201,Delta Air Lines,-13.0
EV,4120,,-34.0
AA,2528,American Airlines,-2.0
OO,6247,,-17.0
EV,5284,,3.0
WN,4212,Southwest Airlines,2.0
WN,4928,Southwest Airlines,-19.0
WN,4924,Southwest Airlines,3.0
UA,443,United Airlines,-11.0
UA,339,United Airlines,-14.0
DL,2754,Delta Air Lines,5.0
DL,2463,Delta Air Lines,77.0
DL,1355,Delta Air Lines,3.0
WN,1354,Southwest Airlines,-20.0
UA,1263,United Airlines,-23.0
DL,2476,Delta Air Lines,12.0
DL,2172,Delta Air Lines,-5.0
WN,164,Southwest Airlines,-7.0
DL,860,Delta Air Lines,-19.0
DL,1410,Delta Air Lines,-13.0
B6,653,JetBlue Airways,39.0
AA,1579,American Airlines,-8.0
AA,128,American Airlines,-11.0
US,2169,,
UA,565,United Airlines,-25.0
DL,2208,Delta Air Lines,-15.0
OO,6336,,-3.0
US,660,,-12.0
OO,7371,,-5.0
MQ,3288,,
B6,1285,JetBlue Airways,-5.0
WN,2141,Southwest Airlines,1.0
OO,5177,,-19.0
EV,2659,,-11.0
DL,1147,Delta Air Lines,-16.0
WN,2777,Southwest Airlines,-13.0
NK,362,Spirit Airlines,-11.0
UA,1490,United Airlines,-3.0
HA,3,Hawaiian Airlines,-19.0
OO,6526,,-11.0
WN,537,Southwest Airlines,-26.0
AS,464,Alaska Airlines,-16.0
UA,1027,United Airlines,-15.0
OO,6216,,-12.0
WN,4306,Southwest Airlines,-28.0
UA,1631,United Airlines,161.0
AA,2428,American Airlines,-15.0
VX,416,Virgin America,-5.0
AA,2052,American Airlines,-21.0
AA,2355,American Airlines,-5.0
US,1998,,35.0
UA,1825,United Airlines,12.0
EV,2782,,
WN,998,Southwest Airlines,-9.0
DL,1642,Delta Air Lines,-19.0
US,410,,-10.0
MQ,3158,,348.0
EV,4676,,-10.0
AA,212,American Airlines,-5.0
DL,1650,Delta Air Lines,-19.0
WN,1877,Southwest Airlines,-10.0
OO,4568,,-15.0
EV,4256,,3.0
WN,267,Southwest Airlines,-24.0
OO,5519,,18.0
WN,1888,Southwest Airlines,-14.0
DL,771,Delta Air Lines,-14.0
B6,466,JetBlue Airways,-11.0
US,1936,,-9.0
B6,989,JetBlue Airways,
AS,4,Alaska Airlines,-27.0
B6,544,JetBlue Airways,-11.0
WN,2221,Southwest Airlines,-10.0
WN,466,Southwest Airlines,-25.0
DL,117,Delta Air Lines,-21.0
US,498,,69.0
MQ,2901,,20.0
OO,4458,,6.0
AA,1028,American Airlines,-27.0
WN,3071,Southwest Airlines,28.0
UA,1226,United Airlines,-25.0
AS,627,Alaska Airlines,-8.0
EV,4995,,-18.0
NK,440,Spirit Airlines,39.0
DL,1510,Delta Air Lines,32.0
MQ,3225,,-15.0
B6,51,JetBlue Airways,-18.0
WN,385,Southwest Airlines,8.0
DL,2639,Delta Air Lines,-2.0
F9,682,Frontier Airlines,-10.0
B6,252,JetBlue Airways,-9.0
B6,601,JetBlue Airways,-16.0
US,1729,,-12.0
UA,606,United Airlines,3.0
DL,879,Delta Air Lines,-18.0
MQ,3126,,-4.0
EV,4878,,-15.0
WN,1393,Southwest Airlines,81.0
NK,419,Spirit Airlines,-15.0
WN,688,Southwest Airlines,4.0
AA,1824,American Airlines,-6.0
UA,1017,United Airlines,151.0
OO,6444,,78.0
AS,60,Alaska Airlines,-27.0
WN,2355,Southwest Airlines,-19.0
NK,630,Spirit Airlines,26.0
EV,4406,,-6.0
EV,4281,,-12.0
DL,1749,Delta Air Lines,126.0
OO,4790,,-8.0
AS,573,Alaska Airlines,-8.0
AA,1747,American Airlines,9.0
UA,781,United Airlines,33.0
VX,211,Virgin America,-35.0
B6,431,JetBlue Airways,-11.0
EV,2529,,48.0
UA,1162,United Airlines,0.0
US,1754,,-7.0
EV,4268,,-11.0
AA,1179,American Airlines,-28.0
NK,238,Spirit Airlines,-3.0
DL,128,Delta Air Lines,-6.0
OO,6247,,-8.0
OO,6218,,88.0
EV,5107,,-11.0
WN,2736,Southwest Airlines,-6.0
EV,4961,,23.0
OO,4616,,-24.0
EV,5146,,1.0
OO,7391,,-5.0
WN,1364,Southwest Airlines,-17.0
UA,1909,United Airlines,-7.0
AA,498,American Airlines,-6.0
OO,2898,,-2.0
DL,691,Delta Air Lines,-10.0
OO,2894,,-9.0
EV,5177,,1.0
WN,2180,Southwest Airlines,22.0
DL,2195,Delta Air Lines,-12.0
DL,871,Delta Air Lines,-21.0
DL,2122,Delta Air Lines,-17.0
B6,105,JetBlue Airways,-10.0
DL,2322,Delta Air Lines,3.0
AA,2066,American Airlines,-11.0
AA,1525,American Airlines,-19.0
AA,1403,American Airlines,-27.0
UA,540,United Airlines,-22.0
OO,4975,,-7.0
F9,506,Frontier Airlines,-11.0
WN,1877,Southwest Airlines,116.0
WN,539,Southwest Airlines,44.0
WN,498,Southwest Airlines,33.0
EV,3266,,-24.0
AA,143,American Airlines,1.0
WN,3050,Southwest Airlines,14.0
US,588,,-15.0
AA,436,American Airlines,14.0
UA,1028,United Airlines,30.0
UA,223,United Airlines,-5.0
WN,633,Southwest Airlines,-14.0
WN,2771,Southwest Airlines,4.0
AA,2296,American Airlines,-16.0
OO,2852,,-2.0
WN,251,Southwest Airlines,-7.0
WN,690,Southwest Airlines,-1.0
AS,372,Alaska Airlines,2.0
MQ,3208,,30.0
OO,2954,,84.0
EV,4576,,-18.0
DL,2490,Delta Air Lines,2.0
HA,120,Hawaiian Airlines,-10.0
DL,2073,Delta Air Lines,-23.0
MQ,3181,,-10.0
WN,1261,Southwest Airlines,162.0
WN,1474,Southwest Airlines,21.0
AA,1201,American Airlines,23.0
AA,1115,American Airlines,5.0
B6,426,JetBlue Airways,20.0
WN,887,Southwest Airlines,332.0
EV,4454,,-16.0
UA,1796,United Airlines,4.0
DL,2489,Delta Air Lines,-4.0
WN,3035,Southwest Airlines,-16.0
WN,253,Southwest Airlines,-7.0
B6,321,JetBlue Airways,-2.0
DL,2085,Delta Air Lines,-15.0
DL,1920,Delta Air Lines,-16.0
EV,5016,,18.0
OO,4544,,-8.0
WN,2062,Southwest Airlines,5.0
DL,2564,Delta Air Lines,6.0
MQ,3599,,-13.0
DL,1062,Delta Air Lines,28.0
AA,1693,American Airlines,-13.0
DL,2697,Delta Air Lines,-24.0
UA,352,United Airlines,-12.0
US,2043,,-16.0
EV,4468,,-13.0
DL,923,Delta Air Lines,-20.0
US,461,,9.0
AA,1227,American Airlines,-16.0
EV,4415,,25.0
UA,655,United Airlines,-6.0
UA,1430,United Airlines,11.0
DL,1608,Delta Air Lines,-13.0
WN,1581,Southwest Airlines,-22.0
NK,619,Spirit Airlines,40.0
WN,1763,Southwest Airlines,-11.0
US,717,,175.0
UA,640,United Airlines,-6.0
OO,4598,,14.0
DL,2364,Delta Air Lines,-1.0
MQ,3673,,-9.0
AA,1191,American Airlines,-9.0
AA,1989,American Airlines,-8.0
WN,349,Southwest Airlines,14.0
US,1877,,-21.0
WN,2914,Southwest Airlines,-4.0
WN,3622,Southwest Airlines,192.0
MQ,3280,,
DL,2684,Delta Air Lines,130.0
DL,21,Delta Air Lines,-32.0
B6,783,JetBlue Airways,-17.0
AA,2263,American Airlines,-23.0
US,2027,,2.0
OO,4585,,-16.0
OO,4721,,0.0
AA,1916,American Airlines,-11.0
HA,396,Hawaiian Airlines,2.0
DL,2327,Delta Air Lines,5.0
US,1723,,-7.0
B6,382,JetBlue Airways,-1.0
HA,22,Hawaiian Airlines,8.0
AA,1092,American Airlines,-3.0
DL,1842,Delta Air Lines,-10.0
WN,28,Southwest Airlines,16.0
AA,2211,American Airlines,7.0
UA,622,United Airlines,2.0
UA,1509,United Airlines,-18.0
EV,6149,,115.0
DL,2362,Delta Air Lines,-5.0
AA,2207,American Airlines,-1.0
WN,146,Southwest Airlines,-10.0
WN,590,Southwest Airlines,129.0
B6,655,JetBlue Airways,-14.0
DL,1444,Delta Air Lines,17.0
EV,4204,,-19.0
AS,127,Alaska Airlines,3.0
NK,330,Spirit Airlines,58.0
AA,2162,American Airlines,-8.0
WN,1506,Southwest Airlines,-11.0
UA,1104,United Airlines,-2.0
UA,1692,United Airlines,-9.0
US,2024,,-4.0
EV,4372,,43.0
OO,5606,,15.0
MQ,3562,,-13.0
HA,188,Hawaiian Airlines,7.0
DL,2395,Delta Air Lines,-18.0
DL,2461,Delta Air Lines,-9.0
WN,3319,Southwest Airlines,-10.0
WN,4988,Southwest Airlines,-8.0
WN,984,Southwest Airlines,-9.0
B6,432,JetBlue Airways,146.0
AA,1184,American Airlines,94.0
DL,760,Delta Air Lines,-1.0
B6,691,JetBlue Airways,5.0
UA,1001,United Airlines,87.0
AA,1519,American Airlines,-25.0
AA,1175,American Airlines,-18.0
EV,4356,,50.0
WN,402,Southwest Airlines,163.0
UA,670,United Airlines,19.0
DL,1643,Delta Air Lines,-18.0
WN,977,Southwest Airlines,-16.0
AA,2480,American Airlines,-15.0
UA,1875,United Airlines,-21.0
DL,2389,Delta Air Lines,-5.0
OO,6308,,-30.0
NK,107,Spirit Airlines,-6.0
OO,6334,,-19.0
B6,1336,JetBlue Airways,12.0
MQ,3623,,7.0
AS,326,Alaska Airlines,62.0
WN,908,Southwest Airlines,-24.0
UA,1041,United Airlines,15.0
WN,1898,Southwest Airlines,-7.0
MQ,3147,,-3.0
OO,4995,,4.0
DL,2450,Delta Air Lines,66.0
DL,1173,Delta Air Lines,-12.0
DL,1875,Delta Air Lines,93.0
WN,2164,Southwest Airlines,-8.0
WN,4744,Southwest Airlines,-9.0
B6,84,JetBlue Airways,-40.0
B6,1677,JetBlue Airways,38.0
EV,4442,,-19.0
F9,1120,Frontier Airlines,-9.0
OO,6426,,25.0
WN,742,Southwest Airlines,-1.0
AA,937,American Airlines,19.0
EV,2535,,
UA,649,United Airlines,11.0
F9,140,Frontier Airlines,-11.0
UA,1653,United Airlines,11.0
WN,4551,Southwest Airlines,-2.0
AA,2440,American Airlines,63.0
WN,1306,Southwest Airlines,-11.0
WN,346,Southwest Airlines,-25.0
US,484,,-8.0
OO,6258,,32.0
NK,853,Spirit Airlines,108.0
DL,1302,Delta Air Lines,-14.0
DL,2436,Delta Air Lines,-7.0
EV,6008,,-4.0
WN,4541,Southwest Airlines,-11.0
WN,2981,Southwest Airlines,41.0
OO,4456,,-2.0
WN,311,Southwest Airlines,-17.0
UA,1910,United Airlines,-21.0
WN,16,Southwest Airlines,-5.0
NK,251,Spirit Airlines,27.0
OO,4981,,-8.0
WN,2356,Southwest Airlines,-10.0
AA,2421,American Airlines,-19.0
WN,2426,Southwest Airlines,14.0
WN,485,Southwest Airlines,10.0
OO,7373,,16.0
OO,5277,,59.0
EV,5167,,54.0
DL,433,Delta Air Lines,-38.0
MQ,3102,,-8.0
OO,4830,,-10.0
DL,2401,Delta Air Lines,-6.0
AA,387,American Airlines,16.0
OO,2882,,-7.0
DL,1614,Delta Air Lines,-22.0
AA,96,American Airlines,-6.0
OO,6468,,140.0
EV,5014,,-1.0
WN,1539,Southwest Airlines,-5.0
UA,259,United Airlines,4.0
UA,1585,United Airlines,-6.0
EV,4618,,94.0
WN,713,Southwest Airlines,-6.0
B6,431,JetBlue Airways,-23.0
F9,1322,Frontier Airlines,-21.0
DL,2376,Delta Air Lines,37.0
EV,3272,,35.0
OO,4624,,-31.0
UA,1732,United Airlines,64.0
UA,1583,United Airlines,19.0
HA,29,Hawaiian Airlines,-18.0
DL,2178,Delta Air Lines,-17.0
OO,4603,,-18.0
UA,311,United Airlines,-12.0
OO,4716,,-4.0
B6,325,JetBlue Airways,-11.0
OO,5334,,40.0
OO,6355,,-2.0
WN,804,Southwest Airlines,44.0
B6,1118,JetBlue Airways,7.0
OO,2871,,11.0
WN,137,Southwest Airlines,17.0
EV,4527,,-10.0
OO,4699,,10.0
MQ,3040,,11.0
WN,261,Southwest Airlines,73.0
WN,923,Southwest Airlines,-4.0
WN,1442,Southwest Airlines,-16.0
AA,1232,American Airlines,22.0
WN,3660,Southwest Airlines,33.0
WN,3217,Southwest Airlines,-8.0
AA,465,American Airlines,-15.0
MQ,3141,,-13.0
OO,5649,,6.0
AA,1361,American Airlines,114.0
WN,4099,Southwest Airlines,-2.0
UA,1078,United Airlines,-16.0
WN,2568,Southwest Airlines,3.0
DL,1689,Delta Air Lines,-24.0
AA,127,American Airlines,-35.0
EV,3947,,-7.0
US,669,,3.0
AA,1280,American Airlines,-12.0
WN,253,Southwest Airlines,-1.0
B6,971,JetBlue Airways,43.0
DL,2128,Delta Air Lines,7.0
WN,3828,Southwest Airlines,50.0
WN,379,Southwest Airlines,-2.0
MQ,3131,,-20.0
AS,73,Alaska Airlines,-15.0
B6,1023,JetBlue Airways,-26.0
DL,1407,Delta Air Lines,61.0
B6,777,JetBlue Airways,10.0
WN,627,Southwest Airlines,-8.0
WN,734,Southwest Airlines,-6.0
VX,29,Virgin America,79.0
UA,1974,United Airlines,-3.0
EV,5155,,27.0
MQ,3404,,-23.0
AA,299,American Airlines,-2.0
WN,901,Southwest Airlines,-6.0
WN,33,Southwest Airlines,6.0
OO,4795,,-17.0
MQ,3289,,27.0
EV,2677,,7.0
WN,869,Southwest Airlines,-13.0
OO,2893,,-28.0
AA,2291,American Airlines,-3.0
F9,718,Frontier Airlines,35.0
AA,2496,American Airlines,-7.0
US,1797,,8.0
OO,4680,,-15.0
UA,1670,United Airlines,6.0
UA,519,United Airlines,-2.0
EV,5137,,37.0
AA,490,American Airlines,-17.0
EV,2651,,15.0
EV,5948,,-12.0
WN,727,Southwest Airlines,-5.0
EV,4959,,100.0
DL,2540,Delta Air Lines,14.0
EV,5270,,
OO,6490,,-6.0
OO,4971,,50.0
AA,1574,American Airlines,-4.0
EV,5245,,-3.0
OO,6309,,13.0
EV,4643,,-11.0
DL,1215,Delta Air Lines,-9.0
AA,840,American Airlines,24.0
OO,5355,,14.0
AA,1344,American Airlines,-29.0
OO,5511,,-12.0
WN,3205,Southwest Airlines,-9.0
DL,1823,Delta Air Lines,-9.0
AA,1613,American Airlines,9.0
US,648,,-13.0
DL,2237,Delta Air Lines,-10.0
EV,4697,,-15.0
OO,5358,,-22.0
AA,1230,American Airlines,-23.0
WN,3140,Southwest Airlines,20.0
DL,2389,Delta Air Lines,50.0
EV,5117,,-19.0
UA,445,United Airlines,30.0
AA,1196,American Airlines,10.0
MQ,3360,,-4.0
EV,5295,,62.0
EV,5440,,35.0
UA,648,United Airlines,185.0
UA,1925,United Airlines,-4.0
NK,301,Spirit Airlines,1.0
EV,6110,,-6.0
WN,484,Southwest Airlines,7.0
WN,2591,Southwest Airlines,-11.0
OO,4633,,1.0
AA,1822,American Airlines,1.0
AA,1451,American Airlines,9.0
DL,2315,Delta Air Lines,19.0
OO,5624,,3.0
VX,953,Virgin America,1.0
DL,1853,Delta Air Lines,2.0
OO,6356,,118.0
DL,1199,Delta Air Lines,-16.0
DL,311,Delta Air Lines,-7.0
WN,867,Southwest Airlines,7.0
MQ,3164,,
OO,6451,,17.0
WN,2993,Southwest Airlines,0.0
WN,119,Southwest Airlines,
DL,2342,Delta Air Lines,-13.0
HA,122,Hawaiian Airlines,-1.0
WN,4909,Southwest Airlines,-7.0
AA,2052,American Airlines,-16.0
WN,1780,Southwest Airlines,27.0
WN,416,Southwest Airlines,-16.0
UA,539,United Airlines,-30.0
MQ,3207,,55.0
NK,167,Spirit Airlines,105.0
WN,3548,Southwest Airlines,1.0
OO,4797,,-9.0
OO,6261,,-13.0
NK,815,Spirit Airlines,-28.0
WN,2924,Southwest Airlines,-17.0
WN,3925,Southwest Airlines,-13.0
AA,601,American Airlines,-8.0
DL,1614,Delta Air Lines,-3.0
OO,5311,,-8.0
UA,678,United Airlines,12.0
WN,2489,Southwest Airlines,-3.0
UA,522,United Airlines,49.0
EV,6028,,-6.0
WN,316,Southwest Airlines,-7.0
B6,1475,JetBlue Airways,3.0
EV,4300,,0.0
DL,2422,Delta Air Lines,-15.0
OO,4726,,-21.0
WN,1186,Southwest Airlines,-3.0
AA,1860,American Airlines,-19.0
AA,1365,American Airlines,9.0
WN,382,Southwest Airlines,-8.0
AA,1615,American Airlines,14.0
WN,144,Southwest Airlines,-14.0
EV,4917,,-8.0
DL,2599,Delta Air Lines,-6.0
DL,94,Delta Air Lines,-15.0
WN,1670,Southwest Airlines,-17.0
NK,204,Spirit Airlines,11.0
WN,1690,Southwest Airlines,58.0
DL,2119,Delta Air Lines,-21.0
WN,1959,Southwest Airlines,62.0
WN,35,Southwest Airlines,7.0
HA,215,Hawaiian Airlines,1.0
DL,1168,Delta Air Lines,-6.0
US,1769,,-6.0
WN,148,Southwest Airlines,13.0
OO,2945,,1.0
WN,165,Southwest Airlines,46.0
EV,5789,,-16.0
EV,2782,,-33.0
AA,1862,American Airlines,-7.0
US,612,,-2.0
AS,477,Alaska Airlines,115.0
EV,5107,,53.0
UA,1711,United Airlines,-8.0
OO,5614,,-30.0
WN,2481,Southwest Airlines,12.0
AS,29,Alaska Airlines,26.0
AA,1479,American Airlines,3.0
AA,1590,American Airlines,-3.0
EV,4896,,-11.0
AA,2220,American Airlines,-17.0
AA,259,American Airlines,-7.0
UA,1571,United Airlines,-3.0
MQ,3184,,-6.0
B6,476,JetBlue Airways,42.0
US,1742,,-21.0
OO,6487,,19.0
DL,1155,Delta Air Lines,-15.0
EV,4531,,1.0
WN,3228,Southwest Airlines,-19.0
UA,374,United Airlines,32.0
EV,6142,,-7.0
WN,567,Southwest Airlines,32.0
WN,1105,Southwest Airlines,-6.0
B6,578,JetBlue Airways,-6.0
UA,580,United Airlines,-7.0
WN,2890,Southwest Airlines,17.0
OO,4448,,-29.0
UA,1696,United Airlines,-18.0
AS,5,Alaska Airlines,-39.0
DL,2437,Delta Air Lines,-13.0
WN,4580,Southwest Airlines,-11.0
VX,938,Virgin America,8.0
MQ,3289,,-18.0
DL,2311,Delta Air Lines,-29.0
OO,6395,,73.0
OO,6196,,5.0
WN,229,Southwest Airlines,-9.0
NK,348,Spirit Airlines,-17.0
MQ,3341,,-15.0
US,608,,-29.0
MQ,3461,,32.0
OO,4812,,-7.0
AA,1132,American Airlines,-12.0
AA,2464,American Airlines,1.0
NK,235,Spirit Airlines,8.0
WN,1458,Southwest Airlines,-16.0
DL,2446,Delta Air Lines,-15.0
MQ,3681,,28.0
B6,1403,JetBlue Airways,-12.0
HA,296,Hawaiian Airlines,-6.0
WN,3587,Southwest Airlines,80.0
WN,3059,Southwest Airlines,-15.0
OO,7376,,-2.0
US,477,,-11.0
WN,4208,Southwest Airlines,0.0
DL,276,Delta Air Lines,5.0
US,2027,,-13.0
WN,1324,Southwest Airlines,6.0
MQ,3080,,-4.0
OO,4586,,-26.0
AA,528,American Airlines,-9.0
NK,806,Spirit Airlines,17.0
UA,1238,United Airlines,114.0
AA,2301,American Airlines,-24.0
DL,275,Delta Air Lines,-26.0
B6,1012,JetBlue Airways,-11.0
OO,4748,,-10.0
DL,425,Delta Air Lines,-8.0
WN,5947,Southwest Airlines,-9.0
US,691,,-12.0
WN,3175,Southwest Airlines,-3.0
WN,607,Southwest Airlines,1.0
B6,715,JetBlue Airways,17.0
WN,374,Southwest Airlines,4.0
WN,618,Southwest Airlines,-7.0
F9,266,Frontier Airlines,30.0
UA,243,United Airlines,-23.0
AA,2478,American Airlines,-17.0
UA,398,United Airlines,-2.0
EV,6149,,-15.0
DL,2503,Delta Air Lines,63.0
B6,2115,JetBlue Airways,-6.0
EV,2827,,128.0
B6,741,JetBlue Airways,58.0
MQ,3048,,-23.0
DL,2529,Delta Air Lines,10.0
DL,1629,Delta Air Lines,-5.0
WN,3354,Southwest Airlines,-31.0
B6,466,JetBlue Airways,-1.0
WN,802,Southwest Airlines,30.0
B6,2702,JetBlue Airways,-3.0
WN,1375,Southwest Airlines,10.0
AA,481,American Airlines,-10.0
AA,2296,American Airlines,-10.0
DL,1338,Delta Air Lines,58.0
MQ,2934,,47.0
WN,857,Southwest Airlines,4.0
OO,5595,,15.0
DL,2386,Delta Air Lines,-19.0
WN,3493,Southwest Airlines,-9.0
WN,4338,Southwest Airlines,-10.0
WN,6707,Southwest Airlines,124.0
EV,5004,,-16.0
WN,4002,Southwest Airlines,-4.0
WN,376,Southwest Airlines,-3.0
AS,35,Alaska Airlines,28.0
AA,1864,American Airlines,-4.0
WN,49,Southwest Airlines,
UA,1431,United Airlines,111.0
NK,619,Spirit Airlines,20.0
WN,788,Southwest Airlines,-13.0
WN,2969,Southwest Airlines,1.0
WN,2350,Southwest Airlines,-3.0
WN,2042,Southwest Airlines,-2.0
US,1932,,0.0
US,586,,-25.0
UA,1051,United Airlines,22.0
UA,210,United Airlines,22.0
OO,6462,,-20.0
DL,480,Delta Air Lines,-24.0
OO,4497,,-9.0
UA,1677,United Airlines,-7.0
EV,4758,,21.0
DL,1386,Delta Air Lines,-17.0
F9,1133,Frontier Airlines,16.0
OO,5477,,
UA,1941,United Airlines,-7.0
AA,1524,American Airlines,-14.0
HA,142,Hawaiian Airlines,-5.0
AA,2067,American Airlines,-10.0
OO,6209,,56.0
DL,1556,Delta Air Lines,277.0
OO,6211,,
UA,1566,United Airlines,-10.0
DL,2385,Delta Air Lines,108.0
EV,6105,,-16.0
WN,925,Southwest Airlines,35.0
DL,792,Delta Air Lines,-14.0
UA,1757,United Airlines,92.0
WN,3577,Southwest Airlines,-14.0
DL,1852,Delta Air Lines,-8.0
EV,3928,,-21.0
OO,6480,,35.0
UA,1922,United Airlines,-18.0
MQ,3089,,8.0
EV,3923,,3.0
WN,311,Southwest Airlines,-2.0
WN,674,Southwest Airlines,-6.0
DL,861,Delta Air Lines,-26.0
DL,1717,Delta Air Lines,46.0
EV,3940,,
EV,3964,,4.0
WN,155,Southwest Airlines,-10.0
WN,1828,Southwest Airlines,-10.0
DL,422,Delta Air Lines,-2.0
WN,629,Southwest Airlines,-8.0
AA,2197,American Airlines,32.0
EV,2633,,0.0
UA,1255,United Airlines,-4.0
AA,1218,American Airlines,-4.0
DL,1263,Delta Air Lines,-38.0
B6,526,JetBlue Airways,-1.0
VX,945,Virgin America,13.0
EV,4416,,23.0
EV,5218,,-7.0
EV,5981,,21.0
AS,64,Alaska Airlines,13.0
DL,30,Delta Air Lines,-13.0
DL,1801,Delta Air Lines,1.0
UA,1110,United Airlines,-17.0
UA,677,United Airlines,38.0
WN,4145,Southwest Airlines,-5.0
B6,1137,JetBlue Airways,-26.0
WN,1148,Southwest Airlines,-7.0
OO,5387,,33.0
WN,582,Southwest Airlines,8.0
WN,2456,Southwest Airlines,-4.0
OO,5302,,39.0
UA,1611,United Airlines,-9.0
US,544,,-19.0
DL,1120,Delta Air Lines,-9.0
MQ,3526,,
AA,325,American Airlines,-17.0
DL,1244,Delta Air Lines,-22.0
EV,4873,,-6.0
WN,4669,Southwest Airlines,-45.0
AA,2258,American Airlines,-14.0
WN,665,Southwest Airlines,-11.0
WN,1122,Southwest Airlines,
EV,5187,,3.0
DL,2196,Delta Air Lines,-5.0
EV,4736,,5.0
US,1748,,-10.0
DL,1687,Delta Air Lines,-33.0
F9,748,Frontier Airlines,-4.0
DL,2394,Delta Air Lines,-17.0
DL,1492,Delta Air Lines,-9.0
OO,6409,,-20.0
DL,308,Delta Air Lines,5.0
EV,4679,,-6.0
EV,5830,,-11.0
DL,1095,Delta Air Lines,-5.0
WN,281,Southwest Airlines,-2.0
AA,1196,American Airlines,-29.0
F9,1244,Frontier Airlines,22.0
WN,1885,Southwest Airlines,-6.0
AA,1410,American Airlines,-11.0
EV,2796,,151.0
DL,2598,Delta Air Lines,-25.0
AS,18,Alaska Airlines,-20.0
DL,2613,Delta Air Lines,12.0
WN,885,Southwest Airlines,
UA,980,United Airlines,-21.0
AA,351,American Airlines,30.0
UA,346,United Airlines,-15.0
B6,208,JetBlue Airways,-9.0
UA,262,United Airlines,-17.0
WN,1704,Southwest Airlines,-7.0
EV,6188,,6.0
AA,1922,American Airlines,-15.0
UA,1565,United Airlines,1.0
DL,1468,Delta Air Lines,-1.0
US,612,,-9.0
B6,288,JetBlue Airways,-21.0
UA,1532,United Airlines,14.0
EV,4368,,6.0
DL,2615,Delta Air Lines,-11.0
DL,1725,Delta Air Lines,-8.0
DL,2098,Delta Air Lines,-15.0
WN,1079,Southwest Airlines,-15.0
WN,1350,Southwest Airlines,-5.0
F9,1238,Frontier Airlines,-6.0
DL,743,Delta Air Lines,13.0
WN,1614,Southwest Airlines,-32.0
AA,417,American Airlines,-12.0
UA,320,United Airlines,-4.0
VX,770,Virgin America,43.0
WN,2611,Southwest Airlines,-9.0
AA,312,American Airlines,-19.0
US,1936,,-6.0
AA,14,American Airlines,-39.0
US,885,,244.0
WN,2503,Southwest Airlines,-14.0
EV,6132,,117.0
OO,4778,,-10.0
AA,225,American Airlines,-21.0
WN,2921,Southwest Airlines,-29.0
WN,2135,Southwest Airlines,-19.0
OO,7394,,0.0
AA,2265,American Airlines,-32.0
DL,1512,Delta Air Lines,-2.0
DL,2816,Delta Air Lines,-5.0
AA,231,American Airlines,13.0
AA,1674,American Airlines,-12.0
OO,4667,,-13.0
AA,1427,American Airlines,6.0
WN,3036,Southwest Airlines,12.0
AA,1412,American Airlines,-20.0
DL,1839,Delta Air Lines,-17.0
AA,2358,American Airlines,10.0
WN,444,Southwest Airlines,7.0
US,569,,-15.0
F9,251,Frontier Airlines,12.0
UA,243,United Airlines,85.0
OO,5495,,10.0
EV,5189,,-34.0
EV,4273,,8.0
DL,1258,Delta Air Lines,-11.0
OO,5415,,33.0
AS,846,Alaska Airlines,-14.0
AS,740,Alaska Airlines,-18.0
EV,6119,,-2.0
EV,6011,,-12.0
EV,4144,,-9.0
WN,15,Southwest Airlines,-10.0
AA,1514,American Airlines,8.0
OO,6399,,8.0
DL,935,Delta Air Lines,-6.0
NK,696,Spirit Airlines,-15.0
EV,5042,,11.0
HA,144,Hawaiian Airlines,13.0
DL,2487,Delta Air Lines,11.0
UA,769,United Airlines,-28.0
EV,5059,,7.0
WN,4929,Southwest Airlines,0.0
OO,4815,,6.0
DL,2206,Delta Air Lines,197.0
NK,410,Spirit Airlines,10.0
DL,977,Delta Air Lines,-10.0
WN,6363,Southwest Airlines,-1.0
DL,2306,Delta Air Lines,-3.0
EV,4242,,5.0
US,424,,-9.0
WN,3807,Southwest Airlines,-17.0
MQ,3483,,-21.0
AA,1393,American Airlines,-12.0
MQ,3511,,-8.0
EV,5541,,-1.0
DL,1941,Delta Air Lines,-15.0
WN,398,Southwest Airlines,6.0
OO,5399,,-9.0
AA,1455,American Airlines,-2.0
WN,2165,Southwest Airlines,8.0
AA,1630,American Airlines,-16.0
OO,4669,,-5.0
OO,7402,,-14.0
AS,764,Alaska Airlines,-31.0
F9,1401,Frontier Airlines,-6.0
B6,917,JetBlue Airways,2.0
UA,738,United Airlines,-15.0
WN,4668,Southwest Airlines,
EV,4545,,-7.0
DL,2448,Delta Air Lines,1048.0
OO,6421,,-9.0
EV,5449,,-12.0
OO,5508,,-11.0
DL,1761,Delta Air Lines,-22.0
UA,1686,United Airlines,39.0
UA,1163,United Airlines,-13.0
AA,1955,American Airlines,11.0
EV,5370,,270.0
EV,5023,,-12.0
WN,2007,Southwest Airlines,-29.0
WN,2519,Southwest Airlines,-14.0
US,840,,-3.0
AA,1128,American Airlines,27.0
DL,2626,Delta Air Lines,-19.0
F9,1491,Frontier Airlines,-20.0
WN,634,Southwest Airlines,33.0
UA,1700,United Airlines,-20.0
UA,464,United Airlines,-8.0
US,573,,101.0
WN,1648,Southwest Airlines,-6.0
WN,237,Southwest Airlines,-16.0
MQ,3102,,23.0
WN,166,Southwest Airlines,9.0
DL,1311,Delta Air Lines,30.0
OO,2592,,17.0
WN,4573,Southwest Airlines,21.0
AS,247,Alaska Airlines,-8.0
AA,1275,American Airlines,-7.0
EV,4506,,-5.0
DL,1067,Delta Air Lines,-16.0
DL,2464,Delta Air Lines,-9.0
EV,5057,,96.0
EV,4259,,-3.0
AS,1,Alaska Airlines,-3.0
B6,218,JetBlue Airways,-18.0
DL,2599,Delta Air Lines,-15.0
OO,4619,,17.0
OO,5293,,-6.0
AA,1945,American Airlines,-6.0
DL,2426,Delta Air Lines,-30.0
WN,4728,Southwest Airlines,-4.0
WN,2128,Southwest Airlines,-1.0
OO,5332,,19.0
AA,1342,American Airlines,-11.0
OO,6218,,-13.0
DL,1925,Delta Air Lines,2.0
AA,1479,American Airlines,-23.0
EV,4201,,0.0
EV,5108,,-1.0
OO,6522,,-6.0
AA,1039,American Airlines,4.0
UA,445,United Airlines,-39.0
OO,6284,,26.0
NK,719,Spirit Airlines,1.0
OO,4968,,-6.0
UA,1552,United Airlines,-24.0
EV,4765,,9.0
WN,2403,Southwest Airlines,-19.0
DL,1569,Delta Air Lines,-19.0
EV,4877,,-3.0
WN,1156,Southwest Airlines,16.0
EV,2812,,-13.0
MQ,3055,,-10.0
WN,1429,Southwest Airlines,-7.0
AA,443,American Airlines,-3.0
AS,842,Alaska Airlines,-22.0
DL,1935,Delta Air Lines,
B6,1507,JetBlue Airways,-22.0
EV,4724,,40.0
US,1732,,21.0
WN,133,Southwest Airlines,26.0
US,1861,,110.0
WN,1961,Southwest Airlines,6.0
DL,2018,Delta Air Lines,-3.0
OO,5605,,7.0
EV,4500,,-7.0
EV,6021,,21.0
OO,6415,,-17.0
AA,2164,American Airlines,4.0
AA,481,American Airlines,-25.0
AA,1418,American Airlines,-18.0
AA,2230,American Airlines,-32.0
EV,5038,,-8.0
DL,1776,Delta Air Lines,
AS,322,Alaska Airlines,-9.0
B6,846,JetBlue Airways,-10.0
DL,2277,Delta Air Lines,49.0
DL,1249,Delta Air Lines,-6.0
UA,254,United Airlines,-20.0
EV,2698,,19.0
UA,1042,United Airlines,-9.0
AA,65,American Airlines,-23.0
WN,697,Southwest Airlines,-1.0
NK,457,Spirit Airlines,-21.0
WN,1544,Southwest Airlines,-3.0
DL,2835,Delta Air Lines,0.0
AA,1359,American Airlines,14.0
WN,1168,Southwest Airlines,179.0
OO,5301,,14.0
WN,805,Southwest Airlines,-7.0
WN,1208,Southwest Airlines,-3.0
WN,677,Southwest Airlines,-9.0
HA,392,Hawaiian Airlines,-2.0
AA,1865,American Airlines,116.0
AA,2391,American Airlines,37.0
EV,5472,,-6.0
OO,4519,,-15.0
UA,753,United Airlines,3.0
EV,4255,,-31.0
AS,373,Alaska Airlines,-12.0
VX,187,Virgin America,-18.0
OO,4729,,-1.0
WN,4084,Southwest Airlines,-2.0
EV,5165,,-2.0
AA,2064,American Airlines,6.0
NK,548,Spirit Airlines,-18.0
MQ,3698,,
DL,1968,Delta Air Lines,-14.0
OO,2903,,1.0
WN,2192,Southwest Airlines,-10.0
B6,1916,JetBlue Airways,205.0
WN,159,Southwest Airlines,-4.0
B6,577,JetBlue Airways,7.0
NK,762,Spirit Airlines,46.0
DL,2271,Delta Air Lines,-5.0
OO,5338,,-20.0
DL,1784,Delta Air Lines,1.0
DL,435,Delta Air Lines,-18.0
WN,3981,Southwest Airlines,-8.0
AA,93,American Airlines,57.0
AA,260,American Airlines,-19.0
WN,1094,Southwest Airlines,8.0
OO,6515,,-5.0
UA,1279,United Airlines,-15.0
UA,1692,United Airlines,-10.0
B6,907,JetBlue Airways,24.0
UA,482,United Airlines,5.0
EV,5008,,2.0
EV,5081,,-21.0
EV,4555,,7.0
UA,785,United Airlines,1.0
DL,1840,Delta Air Lines,12.0
AA,808,American Airlines,
AS,706,Alaska Airlines,1.0
DL,341,Delta Air Lines,-4.0
OO,2609,,-21.0
EV,5398,,14.0
WN,2631,Southwest Airlines,-14.0
OO,7369,,22.0
AA,1564,American Airlines,-15.0
OO,6358,,-18.0
WN,878,Southwest Airlines,7.0
UA,354,United Airlines,-2.0
F9,607,Frontier Airlines,-16.0
US,2091,,7.0
HA,17,Hawaiian Airlines,13.0
WN,236,Southwest Airlines,1.0
WN,1790,Southwest Airlines,-7.0
OO,5324,,-18.0
UA,1150,United Airlines,-19.0
EV,4333,,12.0
EV,5099,,-17.0
WN,2875,Southwest Airlines,-7.0
EV,3936,,38.0
B6,384,JetBlue Airways,-24.0
OO,5472,,-10.0
OO,2873,,-9.0
DL,1089,Delta Air Lines,87.0
US,712,,-3.0
OO,5462,,1.0
WN,2585,Southwest Airlines,-4.0
EV,4355,,-4.0
WN,681,Southwest Airlines,-8.0
WN,4914,Southwest Airlines,-28.0
EV,4576,,16.0
WN,1643,Southwest Airlines,-15.0
B6,279,JetBlue Airways,
DL,2301,Delta Air Lines,2.0
WN,3482,Southwest Airlines,-7.0
AA,873,American Airlines,-8.0
UA,451,United Airlines,-22.0
AA,522,American Airlines,-19.0
OO,5300,,0.0
US,1741,,-8.0
EV,5677,,-19.0
WN,4959,Southwest Airlines,-14.0
UA,255,United Airlines,-11.0
UA,318,United Airlines,19.0
WN,1014,Southwest Airlines,-13.0
MQ,3624,,-4.0
AA,1022,American Airlines,195.0
AS,477,Alaska Airlines,-12.0
WN,2247,Southwest Airlines,2.0
DL,897,Delta Air Lines,-24.0
AA,1785,American Airlines,-11.0
OO,2646,,-6.0
DL,904,Delta Air Lines,-10.0
HA,187,Hawaiian Airlines,0.0
AA,1861,American Airlines,6.0
WN,321,Southwest Airlines,-28.0
WN,3132,Southwest Airlines,-10.0
US,2134,,7.0
WN,2485,Southwest Airlines,6.0
MQ,3688,,-5.0
AA,56,American Airlines,39.0
WN,862,Southwest Airlines,0.0
WN,761,Southwest Airlines,
NK,747,Spirit Airlines,67.0
EV,4117,,-13.0
EV,5138,,9.0
F9,266,Frontier Airlines,-17.0
WN,2767,Southwest Airlines,-13.0
UA,733,United Airlines,-26.0
WN,2862,Southwest Airlines,
AA,1030,American Airlines,-1.0
UA,696,United Airlines,-27.0
VX,918,Virgin America,11.0
WN,4358,Southwest Airlines,-2.0
AA,1599,American Airlines,0.0
DL,918,Delta Air Lines,-13.0
OO,5470,,-4.0
WN,1405,Southwest Airlines,-4.0
WN,1632,Southwest Airlines,-23.0
EV,4601,,43.0
AS,66,Alaska Airlines,-29.0
WN,2886,Southwest Airlines,-5.0
AA,416,American Airlines,-8.0
UA,758,United Airlines,25.0
DL,2146,Delta Air Lines,-9.0
B6,176,JetBlue Airways,-14.0
WN,1871,Southwest Airlines,-7.0
EV,4670,,
WN,1674,Southwest Airlines,-11.0
EV,4865,,-13.0
OO,5609,,14.0
DL,1685,Delta Air Lines,1.0
AA,266,American Airlines,-9.0
WN,1546,Southwest Airlines,-13.0
DL,2280,Delta Air Lines,-10.0
WN,2455,Southwest Airlines,12.0
UA,1953,United Airlines,-8.0
WN,564,Southwest Airlines,9.0
AS,165,Alaska Airlines,-18.0
WN,2278,Southwest Airlines,4.0
WN,3185,Southwest Airlines,17.0
NK,667,Spirit Airlines,9.0
AA,293,American Airlines,-27.0
UA,1518,United Airlines,-15.0
OO,6448,,35.0
DL,2466,Delta Air Lines,-23.0
WN,103,Southwest Airlines,-5.0
UA,487,United Airlines,-11.0
UA,1731,United Airlines,49.0
WN,2676,Southwest Airlines,-7.0
DL,2224,Delta Air Lines,-9.0
AA,818,American Airlines,-13.0
AS,82,Alaska Airlines,6.0
DL,1573,Delta Air Lines,-8.0
WN,4567,Southwest Airlines,4.0
WN,1096,Southwest Airlines,76.0
UA,533,United Airlines,-18.0
B6,1579,JetBlue Airways,31.0
OO,6300,,-23.0
MQ,2920,,15.0
OO,5527,,9.0
OO,2785,,3.0
WN,3029,Southwest Airlines,-9.0
OO,5451,,-13.0
WN,2171,Southwest Airlines,-3.0
F9,1168,Frontier Airlines,-22.0
EV,5373,,-6.0
EV,4882,,5.0
DL,2391,Delta Air Lines,-22.0
MQ,3142,,-20.0
UA,1424,United Airlines,-12.0
UA,1578,United Airlines,-3.0
AA,1732,American Airlines,-1.0
DL,872,Delta Air Lines,1.0
B6,2035,JetBlue Airways,-13.0
UA,1212,United Airlines,70.0
WN,840,Southwest Airlines,-24.0
WN,742,Southwest Airlines,3.0
NK,912,Spirit Airlines,-23.0
AA,1426,American Airlines,58.0
AA,457,American Airlines,-11.0
DL,1518,Delta Air Lines,6.0
EV,5165,,-15.0
VX,490,Virgin America,-11.0
AA,1754,American Airlines,2.0
EV,3926,,34.0
DL,1844,Delta Air Lines,-20.0
DL,425,Delta Air Lines,-25.0
MQ,3108,,0.0
OO,3460,,-21.0
AS,745,Alaska Airlines,-12.0
EV,5474,,-18.0
MQ,3527,,-9.0
DL,1349,Delta Air Lines,-13.0
OO,5390,,4.0
UA,1106,United Airlines,-31.0
AA,1354,American Airlines,-14.0
UA,740,United Airlines,-12.0
EV,5447,,-25.0
WN,674,Southwest Airlines,-15.0
WN,495,Southwest Airlines,-6.0
DL,1362,Delta Air Lines,-5.0
AS,92,Alaska Airlines,-12.0
WN,2058,Southwest Airlines,-12.0
AA,477,American Airlines,2.0
WN,508,Southwest Airlines,15.0
MQ,3143,,62.0
US,2135,,9.0
OO,4776,,-16.0
MQ,3368,,282.0
OO,6484,,26.0
DL,1957,Delta Air Lines,-14.0
UA,174,United Airlines,-36.0
EV,5156,,2.0
UA,505,United Airlines,-18.0
AA,1264,American Airlines,27.0
WN,4188,Southwest Airlines,-12.0
WN,5,Southwest Airlines,-16.0
MQ,3649,,169.0
HA,395,Hawaiian Airlines,-8.0
DL,2249,Delta Air Lines,-8.0
OO,5429,,-11.0
WN,3046,Southwest Airlines,2.0
WN,526,Southwest Airlines,17.0
WN,883,Southwest Airlines,-14.0
AA,1298,American Airlines,-12.0
WN,2749,Southwest Airlines,-10.0
B6,1384,JetBlue Airways,-7.0
WN,2040,Southwest Airlines,-10.0
WN,175,Southwest Airlines,-21.0
DL,1513,Delta Air Lines,6.0
WN,893,Southwest Airlines,-14.0
WN,51,Southwest Airlines,-9.0
WN,31,Southwest Airlines,25.0
DL,2021,Delta Air Lines,12.0
DL,2093,Delta Air Lines,-17.0
OO,5157,,-9.0
B6,617,JetBlue Airways,-17.0
EV,4912,,-10.0
WN,4511,Southwest Airlines,-19.0
OO,4457,,26.0
AA,1219,American Airlines,55.0
DL,751,Delta Air Lines,1.0
WN,4668,Southwest Airlines,-18.0
DL,699,Delta Air Lines,-2.0
B6,703,JetBlue Airways,17.0
DL,513,Delta Air Lines,-12.0
WN,2408,Southwest Airlines,-10.0
DL,377,Delta Air Lines,-7.0
WN,297,Southwest Airlines,-20.0
US,2056,,-16.0
DL,787,Delta Air Lines,-24.0
EV,4679,,2.0
WN,3,Southwest Airlines,26.0
EV,5290,,-6.0
