AEROLINEAS,AEROPUERTO_ORIGEN,DEPARTURE_DELAY
WN,BNA,258.0
WN,PHX,9.0
WN,DAL,-1.0
WN,LAS,32.0
WN,DAY,0.0
WN,14570,54.0
WN,BUR,3.0
WN,AUS,26.0
WN,PDX,-1.0
WN,BDL,-2.0
WN,10423,2.0
WN,13232,-7.0
WN,ATL,-2.0
WN,DCA,-8.0
WN,DEN,0.0
WN,BWI,21.0
WN,MDW,21.0
WN,AUS,4.0
WN,LAS,2.0
WN,11433,-1.0
WN,BNA,-3.0
WN,LAS,-2.0
WN,MCO,-5.0
WN,OAK,15.0
WN,LAS,-6.0
WN,ABQ,-1.0
WN,DEN,31.0
WN,DAL,
WN,SEA,-5.0
WN,DCA,-5.0
WN,LGA,-2.0
WN,DEN,-2.0
WN,RDU,-1.0
WN,DEN,-2.0
WN,SAN,20.0
WN,PHX,4.0
WN,IND,-1.0
WN,LAS,81.0
WN,DTW,1.0
WN,PIT,12.0
WN,DAL,-4.0
WN,13204,-5.0
WN,AUS,7.0
WN,DEN,5.0
WN,MKE,-6.0
WN,STL,-5.0
WN,PVD,-5.0
WN,STL,-6.0
WN,13796,-8.0
WN,SFO,-6.0
WN,LBB,-3.0
WN,14122,-1.0
WN,DEN,40.0
WN,CHS,-8.0
WN,HOU,15.0
WN,TUL,-5.0
WN,BWI,17.0
WN,BWI,-2.0
WN,IND,24.0
WN,MKE,-3.0
WN,DAL,86.0
WN,RDU,-1.0
WN,CMH,13.0
WN,MDW,18.0
WN,DEN,0.0
WN,SEA,0.0
WN,BWI,-3.0
WN,LAS,0.0
WN,ATL,-3.0
WN,AUS,0.0
WN,BUR,-1.0
WN,HOU,22.0
WN,HOU,7.0
WN,13198,0.0
WN,PHL,-1.0
WN,SNA,-1.0
WN,DAL,18.0
WN,SJC,4.0
WN,DEN,-3.0
WN,TUL,-3.0
WN,PHX,50.0
WN,OAK,-3.0
WN,JAX,-1.0
WN,LAS,42.0
WN,SMF,-2.0
WN,FLL,-7.0
WN,SAT,-4.0
WN,DEN,-1.0
WN,PHX,-5.0
WN,LAX,16.0
WN,15370,-5.0
WN,OAK,-2.0
WN,SAN,-4.0
WN,MDW,-7.0
WN,BNA,-2.0
WN,SJC,-2.0
WN,10693,-1.0
WN,STL,6.0
WN,LAX,35.0
WN,BWI,-1.0
WN,DAL,-4.0
WN,OKC,-5.0
WN,ONT,13.0
WN,DEN,0.0
WN,DAL,34.0
WN,SAN,-3.0
WN,HOU,-4.0
WN,BWI,-1.0
WN,MCO,0.0
WN,12191,-2.0
WN,IND,-2.0
WN,SJC,31.0
WN,BUR,167.0
WN,HOU,26.0
WN,SJC,5.0
WN,SAN,-6.0
WN,MCO,-6.0
WN,STL,17.0
WN,RSW,-6.0
WN,CAK,1.0
WN,SAT,7.0
WN,BUR,-3.0
WN,IAD,8.0
WN,LGA,11.0
WN,12264,-5.0
WN,SMF,30.0
WN,10821,0.0
WN,BOS,6.0
WN,BWI,1.0
WN,STL,-4.0
WN,ATL,-1.0
WN,SMF,-1.0
WN,LAS,0.0
WN,11259,14.0
WN,SAT,14.0
WN,ATL,16.0
WN,BNA,
WN,ATL,
WN,BOS,-3.0
WN,14869,-5.0
WN,FLL,13.0
WN,LAS,28.0
WN,DEN,113.0
WN,ATL,0.0
WN,LAS,-6.0
WN,PHX,4.0
WN,SAN,-2.0
WN,MCO,8.0
WN,RNO,-1.0
WN,BWI,-3.0
WN,HOU,7.0
WN,CAK,-5.0
WN,LAX,5.0
WN,DEN,35.0
WN,ATL,3.0
WN,ATL,0.0
WN,STL,5.0
WN,ONT,-1.0
WN,LAX,0.0
WN,13232,1.0
WN,14831,-7.0
WN,PVD,4.0
WN,SAN,1.0
WN,STL,11.0
WN,HOU,-2.0
WN,CMH,-3.0
WN,PIT,11.0
WN,PHX,11.0
WN,CLE,-2.0
WN,DAL,147.0
WN,DAL,1.0
WN,CMH,-5.0
WN,MCO,-2.0
WN,PDX,1.0
WN,MCI,10.0
WN,DAL,-2.0
WN,BUR,-6.0
WN,IND,59.0
WN,BWI,6.0
WN,SFO,-3.0
WN,PVD,-3.0
WN,LAS,2.0
WN,PDX,-6.0
WN,HOU,0.0
WN,MSY,4.0
WN,MCI,-1.0
WN,TUL,-5.0
WN,LAS,18.0
WN,MHT,-6.0
WN,FLL,-5.0
WN,BHM,-2.0
WN,BDL,
WN,14492,-4.0
WN,13796,6.0
WN,14107,12.0
WN,FLL,-3.0
WN,LAS,8.0
WN,BOS,-5.0
WN,PHX,15.0
WN,DAL,-5.0
WN,LBB,-3.0
WN,PHX,29.0
WN,LAX,35.0
WN,14908,-1.0
WN,JAX,-4.0
WN,BDL,-6.0
WN,LAS,-2.0
WN,BWI,13.0
WN,STL,16.0
WN,PDX,31.0
WN,TPA,-4.0
WN,LAX,43.0
WN,LGA,-3.0
WN,OAK,-1.0
WN,13871,80.0
WN,LAX,50.0
WN,BUR,-5.0
WN,CMH,-9.0
WN,LAS,7.0
WN,CMH,-2.0
WN,FLL,61.0
WN,BOS,28.0
WN,HOU,-4.0
WN,HOU,
WN,DAL,0.0
WN,BWI,-2.0
WN,PDX,31.0
WN,LAX,-4.0
WN,MSY,-2.0
WN,HOU,11.0
WN,BUR,-5.0
WN,BDL,
WN,OKC,-1.0
WN,MEM,12.0
WN,OAK,-4.0
WN,DAL,21.0
WN,BUF,-1.0
WN,LAX,4.0
WN,BOS,52.0
WN,PHX,-4.0
WN,MDW,0.0
WN,TPA,0.0
WN,11066,-2.0
WN,OAK,18.0
WN,ATL,64.0
WN,SNA,7.0
WN,HOU,0.0
WN,STL,-5.0
WN,MSY,-4.0
WN,SMF,0.0
WN,PHX,7.0
WN,14107,1.0
WN,BWI,-2.0
WN,FLL,1.0
WN,SJC,18.0
WN,LAX,15.0
WN,MKE,0.0
WN,12889,1.0
WN,13198,-5.0
WN,SFO,-5.0
WN,11423,0.0
WN,LAS,21.0
WN,DAL,-1.0
WN,BWI,7.0
WN,PHX,-2.0
WN,MDW,9.0
WN,DEN,-2.0
WN,13204,-5.0
WN,PHX,1.0
WN,STL,-7.0
WN,BNA,-4.0
WN,SFO,-2.0
WN,TUL,-8.0
WN,DEN,1.0
WN,12889,-5.0
WN,PDX,-2.0
WN,SAN,7.0
WN,OAK,23.0
WN,LAS,16.0
WN,HOU,0.0
WN,DEN,-1.0
WN,OKC,-5.0
WN,MKE,-2.0
WN,RNO,
WN,11259,0.0
WN,TUS,-3.0
WN,LAX,90.0
WN,SAT,-6.0
WN,ATL,-3.0
WN,LAS,-4.0
WN,FLL,-5.0
WN,LBB,20.0
WN,DCA,11.0
WN,BWI,209.0
WN,AUS,4.0
WN,LGA,-4.0
WN,HOU,26.0
WN,HOU,6.0
WN,PHX,4.0
WN,ISP,-2.0
WN,CAK,-3.0
WN,ATL,38.0
WN,OMA,-6.0
WN,MDW,38.0
WN,LAX,0.0
WN,PHX,13.0
WN,BDL,3.0
WN,IND,-3.0
WN,MCI,22.0
WN,LAS,-2.0
WN,FLL,-2.0
WN,MCI,-4.0
WN,MKE,1.0
WN,14683,-4.0
WN,LAS,-3.0
WN,MCO,3.0
WN,BHM,84.0
WN,MCO,-5.0
WN,STL,-5.0
WN,OAK,-5.0
WN,DEN,-5.0
WN,HOU,31.0
WN,LAS,3.0
WN,BWI,-3.0
WN,MCO,-5.0
WN,STL,-2.0
WN,LAS,-5.0
WN,DAL,-2.0
WN,OAK,0.0
WN,BWI,0.0
WN,PHX,1.0
WN,14683,-2.0
WN,FLL,16.0
WN,BNA,32.0
WN,SAN,66.0
WN,DEN,0.0
WN,DAL,59.0
WN,DCA,-4.0
WN,LGA,-4.0
WN,SAT,0.0
WN,LAS,9.0
WN,FLL,-4.0
WN,MHT,-5.0
WN,BWI,51.0
WN,SAT,10.0
WN,STL,5.0
WN,MDW,10.0
WN,PHL,-2.0
WN,BWI,0.0
WN,13796,-3.0
WN,13487,-4.0
WN,AUS,4.0
WN,MDW,11.0
WN,14307,-2.0
WN,STL,103.0
WN,LAX,0.0
WN,SJC,19.0
WN,MSP,17.0
WN,MDW,-1.0
WN,FLL,33.0
WN,MSY,5.0
WN,BWI,-4.0
WN,SEA,19.0
WN,BNA,311.0
WN,12892,-3.0
WN,14107,6.0
WN,MDW,26.0
WN,14107,22.0
WN,LGA,18.0
WN,10821,-2.0
WN,SJC,-8.0
WN,BUF,57.0
WN,FLL,0.0
WN,PHX,43.0
WN,ONT,75.0
WN,GEG,10.0
WN,TUS,225.0
WN,DEN,-3.0
WN,MDW,-4.0
WN,DAL,6.0
WN,MDW,29.0
WN,LAS,11.0
WN,LAS,-6.0
WN,HOU,-3.0
WN,MSY,83.0
WN,ATL,94.0
WN,LAS,1.0
WN,PBI,11.0
WN,BHM,-2.0
WN,MDW,-4.0
WN,SAN,4.0
WN,TPA,-4.0
WN,14679,8.0
WN,PHX,8.0
WN,12451,4.0
WN,DAL,-4.0
WN,PHX,-1.0
WN,SFO,-5.0
WN,SEA,124.0
WN,DAL,146.0
WN,BNA,-7.0
WN,PIT,0.0
WN,MHT,24.0
WN,LAS,-3.0
WN,BNA,0.0
WN,BUF,-3.0
WN,LAS,9.0
WN,BWI,49.0
WN,SNA,7.0
WN,ATL,-10.0
WN,RNO,-4.0
WN,14107,-1.0
WN,TUL,9.0
WN,PIT,-5.0
WN,13796,0.0
WN,BWI,20.0
WN,DEN,-5.0
WN,AUS,-4.0
WN,ATL,-4.0
WN,MDW,-1.0
WN,BWI,-1.0
WN,BWI,183.0
WN,DAL,2.0
WN,DAL,-1.0
WN,MCI,0.0
WN,MDW,21.0
WN,SAN,-5.0
WN,DAL,9.0
WN,MCO,9.0
WN,SMF,-1.0
WN,SJC,0.0
WN,BWI,10.0
WN,11423,-5.0
WN,12889,15.0
WN,11292,-3.0
WN,HOU,-4.0
WN,PHX,-6.0
WN,SAN,-1.0
WN,MKE,0.0
WN,SEA,15.0
WN,FLL,0.0
WN,MDW,-5.0
WN,HOU,-4.0
WN,13232,15.0
WN,LAS,-1.0
WN,LAS,-10.0
WN,HOU,-1.0
WN,MCO,-1.0
WN,ABQ,49.0
WN,TPA,-5.0
WN,MCI,-5.0
WN,SEA,29.0
WN,LAS,-9.0
WN,OAK,-6.0
WN,15304,-2.0
WN,MSY,51.0
WN,BOI,-1.0
WN,LAX,25.0
WN,ONT,13.0
WN,MDW,
WN,DCA,
WN,MSY,-3.0
WN,PDX,-2.0
WN,BUF,-4.0
WN,MCO,31.0
WN,SNA,8.0
WN,DAL,9.0
WN,ATL,207.0
WN,LAX,158.0
WN,FLL,-7.0
WN,MDW,0.0
WN,14893,-1.0
WN,14570,-3.0
WN,GEG,-4.0
WN,LAS,1.0
WN,HOU,30.0
WN,BUF,6.0
WN,SAN,-3.0
WN,STL,-1.0
WN,MCO,-4.0
WN,DAL,7.0
WN,ICT,16.0
WN,DEN,10.0
WN,BWI,1.0
WN,BOS,-2.0
WN,STL,-6.0
WN,TPA,44.0
WN,MDW,0.0
WN,BWI,19.0
WN,PIT,-5.0
WN,DEN,2.0
WN,SAN,-3.0
WN,LAX,-1.0
WN,OMA,229.0
WN,BWI,-3.0
WN,PHX,13.0
WN,BNA,-2.0
WN,11697,5.0
WN,BWI,2.0
WN,TPA,-1.0
WN,12889,-2.0
WN,PHX,6.0
WN,HOU,185.0
WN,FLL,-6.0
WN,PDX,-5.0
WN,AUS,23.0
WN,LAX,
WN,BWI,14.0
WN,BNA,20.0
WN,SAT,2.0
WN,OKC,6.0
WN,ATL,23.0
WN,SMF,8.0
WN,13487,20.0
WN,PDX,-2.0
WN,10792,20.0
WN,13232,3.0
WN,AUS,294.0
WN,OAK,-3.0
WN,MCO,-1.0
WN,DAL,0.0
WN,OAK,-2.0
WN,BDL,-6.0
WN,HOU,3.0
WN,SJC,59.0
WN,BUR,-2.0
WN,HRL,8.0
WN,SLC,-1.0
WN,BWI,89.0
WN,MSY,23.0
WN,MDW,-1.0
WN,OMA,2.0
WN,ATL,3.0
WN,MSY,-8.0
WN,ATL,6.0
WN,SFO,11.0
WN,DEN,12.0
WN,ATL,11.0
WN,DCA,6.0
WN,MDW,11.0
WN,ATL,165.0
WN,LAS,2.0
WN,SMF,-6.0
WN,OAK,8.0
WN,BWI,163.0
WN,HOU,11.0
WN,PHX,69.0
WN,LAS,-2.0
WN,BNA,0.0
WN,LAX,16.0
WN,OKC,-2.0
WN,15016,3.0
WN,PIT,0.0
WN,TPA,-5.0
WN,DEN,-5.0
WN,SEA,-1.0
WN,LIT,26.0
WN,RDU,4.0
WN,LAS,0.0
WN,PVD,-3.0
WN,BOS,-5.0
WN,ISP,-5.0
WN,LAS,-2.0
WN,DEN,1.0
WN,SJC,12.0
WN,SDF,40.0
WN,CRP,53.0
WN,MDW,16.0
WN,14307,158.0
WN,MDW,2.0
WN,PHX,-2.0
WN,DTW,-3.0
WN,SAN,-5.0
WN,CMH,-1.0
WN,14107,-2.0
WN,LAS,6.0
WN,DAL,36.0
WN,MCI,-4.0
WN,SNA,-7.0
WN,LGA,3.0
WN,LAS,-4.0
WN,HOU,96.0
WN,SMF,-4.0
WN,PBI,-1.0
WN,RDU,16.0
WN,SMF,-4.0
WN,HOU,1.0
WN,LGA,127.0
WN,DAL,-2.0
WN,DAL,9.0
WN,STL,-1.0
WN,DAL,
WN,PHX,42.0
WN,BWI,23.0
WN,BWI,-4.0
WN,BUR,-5.0
WN,MSP,36.0
WN,BUR,-3.0
WN,SFO,-6.0
WN,PHX,10.0
WN,LAS,15.0
WN,MSY,-7.0
WN,CMH,15.0
WN,MDW,-1.0
WN,SLC,24.0
WN,11292,11.0
WN,MCO,-5.0
WN,LGA,7.0
WN,FLL,51.0
WN,MCO,0.0
WN,DAL,104.0
WN,13232,0.0
WN,PDX,13.0
WN,BWI,25.0
WN,LAS,-1.0
WN,SFO,
WN,SEA,6.0
WN,SFO,-3.0
WN,ONT,-2.0
WN,ABQ,34.0
WN,HOU,78.0
WN,DSM,-3.0
WN,ATL,21.0
WN,SAN,10.0
WN,DCA,-5.0
WN,MCO,37.0
WN,PHL,0.0
WN,HOU,0.0
WN,LAS,19.0
WN,PIT,-1.0
WN,LIT,-1.0
WN,PHL,4.0
WN,SFO,0.0
WN,MCO,0.0
WN,BWI,3.0
WN,DAL,-2.0
WN,MCI,-5.0
WN,BWI,-1.0
WN,FLL,16.0
WN,IAD,-10.0
WN,PVD,67.0
WN,DEN,6.0
WN,MCO,8.0
WN,PIT,2.0
WN,DCA,10.0
WN,HOU,47.0
WN,MDW,16.0
WN,BWI,1.0
WN,DEN,-4.0
WN,LAX,42.0
WN,SAN,10.0
WN,STL,12.0
WN,MSY,-2.0
WN,ABQ,-7.0
WN,MCI,-1.0
WN,STL,25.0
WN,STL,60.0
WN,LAX,0.0
WN,OAK,16.0
WN,SNA,48.0
WN,HOU,8.0
WN,SAN,-5.0
WN,RSW,-6.0
WN,OKC,14.0
WN,TPA,-4.0
WN,BNA,-4.0
WN,SJU,2.0
WN,TPA,-3.0
WN,AUS,120.0
WN,MDW,4.0
WN,DAL,12.0
WN,OAK,54.0
WN,MDW,24.0
WN,LAX,18.0
WN,DAL,44.0
WN,PHX,11.0
WN,BWI,-1.0
WN,MSY,120.0
WN,LGA,1.0
WN,SEA,-2.0
WN,BNA,1.0
WN,IND,-1.0
WN,BWI,2.0
WN,LAX,43.0
WN,SMF,-2.0
WN,MDW,-6.0
WN,LGA,5.0
WN,BWI,-1.0
WN,ECP,-2.0
WN,SMF,-5.0
WN,MDW,-2.0
WN,DAL,51.0
WN,BUR,10.0
WN,DEN,-2.0
WN,HOU,0.0
WN,SAT,-6.0
WN,BNA,222.0
WN,PWM,5.0
WN,LAS,8.0
WN,MCO,96.0
WN,HOU,18.0
WN,GRR,-1.0
WN,MSY,17.0
WN,MDW,-7.0
WN,LAS,88.0
WN,JAX,-5.0
WN,ATL,-5.0
WN,13495,-1.0
WN,TPA,-4.0
WN,MCI,9.0
WN,DAL,-1.0
WN,CHS,0.0
WN,BWI,6.0
WN,BWI,291.0
WN,14570,-3.0
WN,DCA,-4.0
WN,DCA,-5.0
WN,MDW,9.0
WN,SJC,0.0
WN,DEN,9.0
WN,AUS,0.0
WN,LAS,16.0
WN,ATL,12.0
WN,BWI,4.0
WN,MDW,2.0
WN,BHM,-5.0
WN,SMF,32.0
WN,SNA,0.0
WN,10721,24.0
WN,SAT,-5.0
WN,LAX,-2.0
WN,MDW,-2.0
WN,SAN,20.0
WN,STL,3.0
WN,AUS,3.0
WN,MCI,-6.0
WN,PHL,2.0
WN,DEN,-3.0
WN,FLL,21.0
WN,ISP,-2.0
WN,MSY,20.0
WN,MKE,83.0
WN,DCA,-6.0
WN,LAX,0.0
WN,PHX,8.0
WN,AUS,-1.0
WN,DAL,29.0
WN,PIT,10.0
WN,SMF,3.0
WN,ATL,-6.0
WN,MSY,-1.0
WN,BWI,0.0
WN,MCO,37.0
WN,OAK,0.0
WN,ABQ,-4.0
WN,BUR,42.0
WN,SAN,15.0
WN,MDW,0.0
WN,DCA,-3.0
WN,12264,-4.0
WN,LAX,2.0
WN,13891,-1.0
WN,SJC,1.0
WN,MDW,-5.0
WN,BUF,1.0
WN,MCI,0.0
WN,DCA,38.0
WN,PHX,-4.0
WN,MCI,25.0
WN,SJC,-4.0
WN,MDW,-3.0
WN,BWI,18.0
WN,CMH,17.0
WN,RDU,15.0
WN,HOU,-5.0
WN,ABQ,-4.0
WN,ATL,12.0
WN,SJC,-3.0
WN,RSW,-7.0
WN,SEA,88.0
WN,SEA,-4.0
WN,BWI,6.0
WN,TPA,101.0
WN,BWI,19.0
WN,DAL,-3.0
WN,MHT,11.0
WN,SMF,31.0
WN,DTW,-2.0
WN,BUR,0.0
WN,ATL,-1.0
WN,OAK,-6.0
WN,RDU,-2.0
WN,DCA,6.0
WN,SAT,-6.0
WN,LAS,2.0
WN,ALB,92.0
WN,BWI,30.0
WN,PHX,-2.0
WN,TUS,12.0
WN,BOS,49.0
WN,13342,0.0
WN,ELP,-6.0
WN,BNA,-2.0
WN,BWI,13.0
WN,ROC,-5.0
WN,BNA,-5.0
WN,SMF,41.0
WN,LAX,-3.0
WN,BOI,12.0
WN,SNA,5.0
WN,AUS,-2.0
WN,TPA,-1.0
WN,PHX,-2.0
WN,ISP,-8.0
WN,11278,-1.0
WN,DEN,71.0
WN,10821,-4.0
WN,BWI,17.0
WN,BWI,20.0
WN,ELP,16.0
WN,PHX,1.0
WN,IND,0.0
WN,HOU,17.0
WN,ELP,19.0
WN,DEN,3.0
WN,DAL,-4.0
WN,TPA,5.0
WN,RSW,-8.0
WN,MCO,-4.0
WN,JAX,-1.0
WN,BUF,17.0
WN,SEA,-2.0
WN,BWI,-4.0
WN,PHX,-2.0
WN,SMF,2.0
WN,PHX,-2.0
WN,DEN,-3.0
WN,LAX,-2.0
WN,MCI,2.0
WN,MDW,-5.0
WN,DAL,-5.0
WN,MSP,61.0
WN,DEN,-2.0
WN,TUL,6.0
WN,TPA,0.0
WN,BWI,-5.0
WN,MCO,-1.0
WN,DEN,6.0
WN,ATL,0.0
WN,MDW,-9.0
WN,TUL,0.0
WN,OAK,5.0
WN,FNT,-4.0
WN,LGA,89.0
WN,MDW,0.0
WN,DCA,-4.0
WN,MDW,6.0
WN,SMF,-6.0
WN,PIT,-1.0
WN,LAS,24.0
WN,SMF,-3.0
WN,SAN,-1.0
WN,BNA,-4.0
WN,MSP,6.0
WN,DAL,1.0
WN,SJU,-8.0
WN,TPA,-6.0
WN,MKE,1.0
WN,PDX,6.0
WN,SJC,2.0
WN,MDW,20.0
WN,LAS,0.0
WN,ATL,-1.0
WN,MDW,6.0
WN,RDU,-9.0
WN,STL,-6.0
WN,OMA,1.0
WN,SMF,36.0
WN,SMF,1.0
WN,SNA,-6.0
WN,SAN,2.0
WN,TPA,-2.0
WN,DAL,7.0
WN,SAN,19.0
WN,DEN,9.0
WN,PHX,-3.0
WN,OAK,24.0
WN,LAS,-4.0
WN,MCO,-8.0
WN,SEA,-4.0
WN,MDW,98.0
WN,DEN,15.0
WN,MDW,-1.0
WN,FNT,0.0
WN,11292,-3.0
WN,LAS,-3.0
WN,PHX,31.0
WN,BUR,-4.0
WN,HOU,21.0
WN,13232,21.0
WN,DAL,32.0
WN,11292,0.0
WN,ELP,-1.0
WN,PVD,27.0
WN,LAS,-3.0
WN,ONT,-1.0
WN,PHX,-1.0
WN,STL,-5.0
WN,OAK,-4.0
WN,MSY,-2.0
WN,SMF,2.0
WN,LAS,-6.0
WN,PNS,-4.0
WN,LAX,145.0
WN,SJC,80.0
WN,PHX,23.0
WN,MDW,2.0
WN,BDL,0.0
WN,MCO,11.0
WN,DAL,-5.0
WN,SMF,-4.0
WN,HOU,-3.0
WN,SAN,39.0
WN,MSP,15.0
WN,BDL,1.0
WN,LGA,-2.0
WN,BWI,11.0
WN,MDW,2.0
WN,IAD,-5.0
WN,BWI,85.0
WN,DEN,-5.0
WN,LAS,-3.0
WN,BUF,-5.0
WN,SNA,14.0
WN,TPA,25.0
WN,SAT,-3.0
WN,HOU,-5.0
WN,SNA,
WN,LAS,-3.0
WN,MCO,12.0
WN,BWI,7.0
WN,ELP,18.0
WN,LAX,28.0
WN,12892,2.0
WN,SEA,-6.0
WN,TPA,-6.0
WN,SEA,-6.0
WN,MCO,7.0
WN,DAL,-1.0
WN,13232,37.0
WN,SAN,-4.0
WN,STL,-1.0
WN,ABQ,-1.0
WN,SAT,-4.0
WN,MCI,-2.0
WN,SMF,17.0
WN,DEN,89.0
WN,SAN,37.0
WN,SJC,0.0
WN,ISP,-5.0
WN,TUL,78.0
WN,DAL,19.0
WN,13158,-3.0
WN,MKE,-8.0
WN,OMA,-1.0
WN,BUR,-5.0
WN,HOU,48.0
WN,SJC,-3.0
WN,DEN,1.0
WN,DAL,-4.0
WN,PHX,-4.0
WN,MCO,-2.0
WN,DEN,-3.0
WN,OMA,-2.0
WN,12889,6.0
WN,ATL,-1.0
WN,MSY,-3.0
WN,BDL,-5.0
WN,SFO,-2.0
WN,11292,-4.0
WN,SAN,-6.0
WN,MEM,-1.0
WN,MDW,-8.0
WN,13232,6.0
WN,HOU,-3.0
WN,PDX,17.0
WN,TUS,-8.0
WN,PHL,-2.0
WN,EWR,18.0
WN,MDW,36.0
WN,BWI,-5.0
WN,LAS,-4.0
WN,LAX,46.0
WN,BWI,-6.0
WN,OAK,2.0
WN,MKE,-1.0
WN,11259,0.0
WN,MDW,2.0
WN,LAS,-4.0
WN,MDW,-3.0
WN,SMF,13.0
WN,MCO,-7.0
WN,STL,67.0
WN,PWM,-3.0
WN,HOU,52.0
WN,MCO,42.0
WN,GSP,8.0
WN,FLL,11.0
WN,LAS,-3.0
WN,HOU,38.0
WN,AMA,-1.0
WN,14683,-5.0
WN,LAS,18.0
WN,10257,19.0
WN,MDW,-3.0
WN,LAS,14.0
WN,LAX,21.0
WN,TPA,-5.0
WN,RSW,6.0
WN,MDW,27.0
WN,BWI,13.0
WN,SMF,16.0
WN,PHX,8.0
WN,SJC,24.0
WN,15016,4.0
WN,11721,29.0
WN,MCI,-6.0
WN,STL,35.0
WN,BWI,5.0
WN,OMA,-1.0
WN,ATL,-3.0
WN,BWI,-4.0
WN,BWI,6.0
WN,DTW,39.0
WN,BWI,-5.0
WN,CAK,-9.0
WN,DEN,27.0
WN,BWI,
WN,13204,-4.0
WN,BUR,-4.0
WN,ORF,35.0
WN,BUF,
WN,ABQ,-1.0
WN,IND,-6.0
WN,HOU,
WN,BDL,-4.0
WN,FLL,18.0
WN,14492,99.0
WN,MDW,24.0
WN,SEA,-1.0
WN,IAD,-2.0
WN,HOU,5.0
WN,BHM,-4.0
WN,MDW,-9.0
WN,LAS,33.0
WN,LAS,19.0
WN,MDW,149.0
WN,SEA,-4.0
WN,BWI,15.0
WN,BWI,117.0
WN,BWI,-10.0
WN,14747,-4.0
WN,LAS,77.0
WN,10397,-5.0
WN,SAN,-8.0
WN,SAN,0.0
WN,MCO,-3.0
WN,MCO,-3.0
WN,BWI,53.0
WN,SJC,-4.0
WN,MCO,158.0
WN,14679,1.0
WN,MDW,6.0
WN,SAN,93.0
WN,AUS,5.0
WN,MDW,-2.0
WN,12339,2.0
WN,BWI,11.0
WN,DEN,-3.0
WN,MDW,13.0
WN,GRR,23.0
WN,LAS,11.0
WN,MCO,-1.0
WN,SAN,-1.0
WN,DEN,7.0
WN,14027,23.0
WN,DAL,25.0
WN,SAN,6.0
WN,DCA,2.0
WN,EWR,-1.0
WN,PHX,-6.0
WN,11540,-7.0
WN,LAS,35.0
WN,DCA,-4.0
WN,SAT,18.0
WN,ALB,-3.0
WN,TPA,0.0
WN,BWI,19.0
WN,RDU,0.0
WN,HOU,139.0
WN,MSY,-2.0
WN,MEM,-1.0
WN,11259,40.0
WN,SAT,9.0
WN,MDW,0.0
WN,ATL,12.0
WN,LAS,0.0
WN,12339,2.0
WN,DTW,-3.0
WN,HOU,-2.0
WN,TUS,-1.0
WN,LAS,5.0
WN,MDW,-4.0
WN,SMF,-1.0
WN,PHX,1.0
WN,PHX,8.0
WN,MDW,14.0
WN,TUS,-4.0
WN,DEN,49.0
WN,OAK,-2.0
WN,BDL,-1.0
WN,ATL,1.0
WN,PIT,70.0
WN,OAK,55.0
WN,MDW,4.0
WN,SNA,16.0
WN,PHX,-5.0
WN,DEN,10.0
WN,12892,0.0
WN,HOU,-2.0
WN,SAN,-3.0
WN,11259,-2.0
WN,DAL,122.0
WN,ATL,-3.0
WN,MKE,-3.0
WN,14524,-5.0
WN,MCO,-3.0
WN,LAS,16.0
WN,MHT,41.0
WN,CAK,196.0
WN,DAL,4.0
WN,AMA,-1.0
WN,PHX,-2.0
WN,10693,-5.0
WN,MCO,24.0
WN,LAS,18.0
WN,DEN,-1.0
WN,OAK,3.0
WN,MCO,0.0
WN,BOS,-5.0
WN,ATL,173.0
WN,SFO,0.0
WN,AMA,15.0
WN,LAX,108.0
WN,STL,-4.0
WN,AUS,21.0
WN,SNA,-1.0
WN,DAL,0.0
WN,PHX,14.0
WN,BWI,101.0
WN,STL,-6.0
WN,LAX,19.0
WN,PHX,-5.0
WN,LAS,70.0
WN,BNA,-1.0
WN,DAL,26.0
WN,MDW,0.0
WN,DAL,54.0
WN,RDU,-7.0
WN,MDW,-9.0
WN,IAD,1.0
WN,LAS,18.0
WN,ATL,-1.0
WN,GEG,-6.0
WN,LAX,-1.0
WN,11066,0.0
WN,MDW,28.0
WN,MKE,4.0
WN,CAK,-5.0
WN,SAN,11.0
WN,PHL,
WN,IND,-4.0
WN,HOU,3.0
WN,SLC,-1.0
WN,ORF,-5.0
WN,LAX,101.0
WN,HOU,52.0
WN,DAL,6.0
WN,MKE,27.0
WN,SEA,9.0
WN,ISP,-3.0
WN,DAL,-2.0
WN,TPA,-4.0
WN,MDW,0.0
WN,SFO,-6.0
WN,LAX,-1.0
WN,BUR,12.0
WN,PHL,-3.0
WN,ONT,-1.0
WN,SAN,-6.0
WN,MSP,-7.0
WN,DAL,5.0
WN,DAL,0.0
WN,LAS,100.0
WN,BOS,-2.0
WN,BNA,2.0
WN,SNA,54.0
WN,MDW,2.0
WN,MCO,-5.0
WN,ATL,-1.0
WN,MDW,-1.0
WN,BWI,6.0
WN,STL,13.0
WN,HOU,0.0
WN,HOU,-3.0
WN,ATL,-5.0
WN,13851,-4.0
WN,PDX,-3.0
WN,LAX,26.0
WN,BWI,70.0
WN,12953,3.0
WN,MDW,8.0
WN,MCI,-5.0
WN,14771,-6.0
WN,LAS,-3.0
WN,BWI,10.0
WN,MCO,18.0
WN,PDX,6.0
WN,SEA,-1.0
WN,HOU,23.0
WN,BWI,-4.0
WN,MDW,6.0
WN,LAS,16.0
WN,DTW,30.0
WN,MCI,61.0
WN,LAX,106.0
WN,SMF,3.0
WN,LAS,10.0
WN,PHX,56.0
WN,LAS,119.0
WN,BWI,36.0
WN,SEA,-6.0
WN,DCA,-8.0
WN,OAK,0.0
WN,MSP,-5.0
WN,RIC,233.0
WN,MCO,-6.0
WN,SMF,4.0
WN,MCO,-1.0
WN,MCO,0.0
WN,DSM,-6.0
WN,DEN,-3.0
WN,BWI,-4.0
WN,PHX,6.0
WN,10821,25.0
WN,LAX,1.0
WN,LAX,43.0
WN,HOU,-6.0
WN,PHX,
WN,LAS,-1.0
WN,STL,-5.0
WN,AUS,1.0
WN,CMH,-5.0
WN,MDW,-10.0
WN,DCA,-6.0
WN,GEG,-2.0
WN,MSY,53.0
WN,HOU,13.0
WN,MCO,69.0
WN,12889,1.0
WN,MDW,-2.0
WN,LAS,97.0
WN,DEN,66.0
WN,MCI,-5.0
WN,PBI,-2.0
WN,ALB,-1.0
WN,MCI,-5.0
WN,ATL,17.0
WN,LAS,18.0
WN,BNA,13.0
WN,SAT,-6.0
WN,SMF,-5.0
WN,BWI,0.0
WN,OAK,-3.0
WN,STL,-5.0
WN,ALB,-3.0
WN,GEG,21.0
WN,BDL,
WN,MHT,33.0
WN,TUL,1.0
WN,DCA,63.0
WN,BUR,-5.0
WN,DAL,-2.0
WN,MDW,-5.0
WN,BOS,32.0
WN,STL,0.0
WN,LAX,
WN,SAT,-4.0
WN,TUL,-5.0
WN,10257,-4.0
WN,ELP,1.0
WN,SAT,2.0
WN,MDW,-5.0
WN,EWR,-5.0
WN,LAX,-2.0
WN,SMF,21.0
WN,DEN,6.0
WN,DAL,-1.0
WN,BHM,-2.0
WN,ATL,
WN,HOU,-5.0
WN,BNA,-5.0
WN,LAS,-3.0
WN,PVD,8.0
WN,LAS,-5.0
WN,13891,-5.0
WN,SNA,0.0
WN,DEN,3.0
WN,DCA,-7.0
WN,DAL,-3.0
WN,MDW,3.0
WN,BWI,10.0
WN,MAF,-6.0
WN,SEA,2.0
WN,ABQ,-1.0
WN,LAS,-4.0
WN,SAT,14.0
WN,PHX,10.0
WN,PHX,38.0
WN,MDW,-1.0
WN,PHX,13.0
WN,BWI,0.0
WN,14492,0.0
WN,ATL,23.0
WN,TPA,-1.0
WN,STL,-3.0
WN,PHX,3.0
WN,LAS,4.0
WN,MEM,-3.0
WN,14679,-5.0
WN,TPA,0.0
WN,BWI,0.0
WN,DAL,6.0
WN,MDW,43.0
WN,MCI,-1.0
WN,BWI,20.0
WN,OAK,19.0
WN,BUF,27.0
WN,JAX,-4.0
WN,SAN,4.0
WN,PHX,-4.0
WN,MDW,7.0
WN,DAL,30.0
WN,BWI,42.0
WN,BWI,-2.0
WN,ATL,0.0
WN,DAL,14.0
WN,BOS,18.0
WN,HOU,0.0
WN,BWI,6.0
WN,15370,-6.0
WN,LGA,-5.0
WN,LAS,-6.0
WN,13232,-5.0
WN,MDW,-3.0
WN,STL,-5.0
WN,SMF,19.0
WN,PHL,18.0
WN,AUS,-1.0
WN,ABQ,-2.0
WN,BWI,30.0
WN,MSY,-5.0
WN,MDW,-1.0
WN,HOU,-5.0
WN,MCO,0.0
WN,MSY,-1.0
WN,ABQ,-6.0
WN,MSY,0.0
WN,HOU,23.0
WN,MDW,0.0
WN,SJC,-6.0
WN,14570,9.0
WN,LAX,1.0
WN,BNA,-3.0
WN,FNT,13.0
WN,SFO,8.0
WN,BOI,-6.0
WN,MDW,-2.0
WN,11540,-6.0
WN,MSY,7.0
WN,HOU,-9.0
WN,DEN,-3.0
WN,DAL,-10.0
WN,13796,-4.0
WN,LAX,13.0
WN,SMF,-1.0
WN,LAX,4.0
WN,LAS,3.0
WN,13198,-1.0
WN,PIT,-5.0
WN,MDW,0.0
WN,SJC,-4.0
WN,FLL,13.0
WN,MCO,-5.0
WN,STL,-2.0
WN,15016,-6.0
WN,ATL,3.0
WN,LAS,13.0
WN,LAS,35.0
WN,SJC,32.0
WN,TPA,-4.0
WN,PHX,-1.0
WN,CMH,1.0
WN,10994,-6.0
WN,HOU,-4.0
WN,10397,-1.0
WN,SFO,-1.0
WN,LAX,-4.0
WN,TPA,18.0
WN,DEN,25.0
WN,CMH,-3.0
WN,STL,29.0
WN,PBI,42.0
WN,ABQ,-3.0
WN,AUS,0.0
WN,TPA,-5.0
WN,LAX,1.0
WN,MKE,-7.0
WN,AUS,0.0
WN,DEN,-4.0
WN,ONT,-5.0
WN,MDW,-2.0
WN,EWR,-6.0
WN,HOU,0.0
WN,LAS,4.0
WN,SJC,
WN,BWI,6.0
WN,MDW,0.0
WN,BNA,5.0
WN,TPA,-3.0
WN,HRL,-2.0
WN,PHX,21.0
WN,ATL,10.0
WN,11259,-1.0
WN,BUR,-4.0
WN,14107,-4.0
WN,BWI,3.0
WN,ISP,-3.0
WN,DAL,36.0
WN,DAL,-4.0
WN,MSP,129.0
WN,PDX,24.0
WN,IND,81.0
WN,MCO,46.0
WN,SAN,33.0
WN,GRR,-10.0
WN,SMF,19.0
WN,MSP,-5.0
WN,BWI,-3.0
WN,DEN,164.0
WN,BUF,-4.0
WN,13232,-2.0
WN,MCO,-2.0
WN,ABQ,25.0
WN,14107,-3.0
WN,OAK,-4.0
WN,MDW,-5.0
WN,STL,1.0
WN,MSY,2.0
WN,MCI,-3.0
WN,DAL,54.0
WN,MCO,-2.0
WN,14107,-2.0
WN,SAN,21.0
WN,DEN,-1.0
WN,12339,71.0
WN,SEA,-4.0
WN,DCA,12.0
WN,MCO,-1.0
WN,FNT,9.0
WN,MCO,12.0
WN,LAS,0.0
WN,PHX,7.0
WN,SAN,-4.0
WN,DEN,12.0
WN,ELP,10.0
WN,OMA,-1.0
WN,MCO,69.0
WN,BOS,-4.0
WN,BWI,0.0
WN,PHL,-1.0
WN,MSP,-2.0
WN,LAX,-1.0
WN,SEA,-1.0
WN,PHX,-6.0
WN,OAK,21.0
WN,15376,-6.0
WN,TUS,8.0
WN,SDF,0.0
WN,ICT,-4.0
WN,MCO,-6.0
WN,ELP,102.0
WN,LAS,-3.0
WN,EWR,-6.0
WN,DAL,-5.0
WN,BOS,0.0
WN,14869,-6.0
WN,PDX,-3.0
WN,MDW,11.0
WN,BWI,-4.0
WN,LAS,-3.0
WN,LAS,191.0
WN,14307,0.0
WN,DAL,-2.0
WN,15376,0.0
WN,IND,97.0
WN,SJU,-1.0
WN,LAX,32.0
WN,TPA,4.0
WN,LAX,109.0
WN,BWI,-2.0
WN,CMH,
WN,TUL,-7.0
WN,HOU,41.0
WN,BNA,8.0
WN,ATL,11.0
WN,DCA,20.0
WN,SMF,1.0
WN,14307,-4.0
WN,PHX,-6.0
WN,JAX,-3.0
WN,PHL,9.0
WN,DEN,-5.0
WN,SJC,0.0
WN,HOU,6.0
WN,PHX,1.0
WN,HOU,-1.0
WN,DEN,16.0
WN,15016,-2.0
WN,DEN,-1.0
WN,SEA,43.0
WN,MKE,215.0
WN,11292,10.0
WN,SAT,0.0
WN,SJU,-1.0
WN,ATL,-6.0
WN,BWI,-2.0
WN,13232,5.0
WN,10529,-1.0
WN,BUF,-2.0
WN,MDW,0.0
WN,ATL,0.0
WN,MSY,16.0
WN,14679,0.0
WN,MSP,-2.0
WN,PHL,-5.0
WN,12191,23.0
WN,SNA,5.0
WN,MSY,-3.0
WN,BUR,70.0
WN,SJC,5.0
WN,STL,-6.0
WN,MCO,1.0
WN,MCO,-3.0
WN,PHX,4.0
WN,LAX,3.0
WN,LAX,29.0
WN,HOU,30.0
WN,BWI,-5.0
WN,MSY,1.0
WN,DCA,-5.0
WN,EWR,0.0
WN,ATL,-2.0
WN,MDW,0.0
WN,MDW,-3.0
WN,MDW,-2.0
WN,ATL,-5.0
WN,MDW,29.0
WN,BOS,-6.0
WN,SAN,15.0
WN,LAS,-4.0
WN,HOU,60.0
WN,DAL,-2.0
WN,PHX,16.0
WN,CLT,13.0
WN,12892,-3.0
WN,JAX,5.0
WN,11292,-1.0
WN,SAN,-5.0
WN,ONT,-7.0
WN,ABQ,-3.0
WN,HOU,-3.0
WN,SMF,-2.0
WN,LAS,-3.0
WN,MCO,40.0
WN,LAX,1.0
WN,10821,-1.0
WN,OMA,-4.0
WN,ABQ,11.0
WN,ATL,-5.0
WN,BUR,
WN,DEN,-9.0
WN,CMH,-5.0
WN,IND,-4.0
WN,MCI,-2.0
WN,PHX,34.0
WN,SAT,2.0
WN,CHS,49.0
WN,AUS,0.0
WN,MKE,7.0
WN,DTW,0.0
WN,BWI,-1.0
WN,SFO,-7.0
WN,RIC,14.0
WN,OAK,2.0
WN,PHX,5.0
WN,LAX,1.0
WN,LAX,5.0
WN,BWI,38.0
WN,AMA,117.0
WN,DAL,-2.0
WN,RNO,-2.0
WN,MDW,23.0
WN,ATL,-3.0
WN,DEN,-1.0
WN,IAD,37.0
WN,SAN,10.0
WN,SNA,-5.0
WN,SMF,-3.0
WN,OAK,15.0
WN,SNA,0.0
WN,13296,-1.0
WN,14107,0.0
WN,LAS,38.0
WN,SAT,8.0
WN,TPA,-3.0
WN,BWI,17.0
WN,MCI,-2.0
WN,14576,74.0
WN,LAS,1.0
WN,10257,-2.0
WN,HOU,15.0
WN,BUR,-3.0
WN,SAN,-2.0
WN,12892,8.0
WN,MDW,14.0
WN,DAL,-1.0
WN,STL,8.0
WN,HOU,11.0
WN,MDW,11.0
WN,BWI,0.0
WN,13232,4.0
WN,ATL,-5.0
WN,MDW,18.0
WN,SMF,3.0
WN,PHX,-4.0
WN,11066,-1.0
WN,PIT,-3.0
WN,GEG,2.0
WN,FLL,0.0
WN,14100,-7.0
WN,ELP,26.0
WN,SMF,-2.0
WN,LAX,-3.0
WN,PHX,7.0
WN,RIC,-2.0
WN,ATL,-5.0
WN,10821,8.0
WN,MCO,-4.0
WN,LAS,-9.0
WN,STL,-8.0
WN,IND,16.0
WN,LAS,-5.0
WN,13796,-2.0
WN,STL,14.0
WN,MHT,117.0
WN,RSW,-3.0
WN,SAT,54.0
WN,HOU,-2.0
WN,MCI,163.0
WN,BWI,32.0
WN,SAN,21.0
WN,10792,-1.0
WN,13232,-4.0
WN,EWR,-6.0
WN,MDW,35.0
WN,MCO,-8.0
WN,DEN,107.0
WN,HOU,3.0
WN,MDW,1.0
WN,MDW,5.0
WN,CMH,-2.0
WN,MCI,126.0
WN,DAL,6.0
WN,DAL,-2.0
WN,HOU,84.0
WN,13232,-3.0
WN,HOU,13.0
WN,PHX,-3.0
WN,DEN,-2.0
WN,MCO,2.0
WN,LAX,3.0
WN,RDU,-4.0
WN,LAX,0.0
WN,LAS,-5.0
WN,HOU,39.0
WN,DAL,-3.0
WN,DEN,44.0
WN,SLC,-1.0
WN,STL,2.0
WN,MDW,-1.0
WN,14107,0.0
WN,ROC,-1.0
WN,RSW,-8.0
WN,ONT,0.0
WN,BOS,-2.0
WN,GEG,29.0
WN,LAS,-7.0
WN,SEA,-1.0
WN,BUR,-2.0
WN,STL,-2.0
WN,SFO,-3.0
WN,14635,3.0
WN,LAX,3.0
WN,OMA,0.0
WN,BWI,0.0
WN,DTW,1.0
WN,HOU,-1.0
WN,PHX,0.0
WN,DEN,-2.0
WN,MSP,9.0
WN,ROC,-5.0
WN,ABQ,59.0
WN,DEN,21.0
WN,ATL,-1.0
WN,TUL,9.0
WN,BWI,24.0
WN,11697,5.0
WN,AUS,2.0
WN,LGA,-2.0
WN,STL,0.0
WN,14747,1.0
WN,AUS,16.0
WN,SFO,56.0
WN,PHX,-3.0
WN,11618,4.0
WN,BWI,-3.0
WN,MSP,7.0
WN,BNA,-3.0
WN,SEA,12.0
WN,TPA,-1.0
WN,10821,-5.0
WN,DEN,-5.0
WN,PHX,-3.0
WN,DEN,0.0
WN,OAK,-2.0
WN,TUL,-2.0
WN,MSY,-8.0
WN,STL,-8.0
WN,DEN,-3.0
WN,PHX,20.0
WN,MDW,0.0
WN,MCI,0.0
WN,STL,-3.0
WN,LAX,9.0
WN,SAN,68.0
WN,AUS,28.0
WN,STL,0.0
WN,SFO,22.0
WN,SAN,-2.0
WN,DAL,1.0
WN,SMF,-5.0
WN,PHX,2.0
WN,10423,36.0
WN,BWI,-8.0
WN,BOI,1.0
WN,MDW,5.0
WN,DAL,24.0
WN,SAT,0.0
WN,SMF,-2.0
WN,PIT,-6.0
WN,10423,41.0
WN,MCO,17.0
WN,FLL,-3.0
WN,SJC,-1.0
WN,LAS,37.0
WN,MCO,-7.0
WN,FLL,-7.0
WN,DEN,-7.0
WN,MCO,-4.0
WN,OMA,131.0
WN,DAL,10.0
WN,DAL,-1.0
WN,PHX,8.0
WN,MHT,-5.0
WN,PHX,4.0
WN,MSY,-2.0
WN,HOU,-3.0
WN,SJC,1.0
WN,FLL,-6.0
WN,LAS,9.0
WN,MDW,13.0
WN,BWI,0.0
WN,BNA,-4.0
WN,LAS,-2.0
WN,SJU,-4.0
WN,LGA,-1.0
WN,PHX,-1.0
WN,MCI,-2.0
WN,10529,-3.0
WN,LAS,16.0
WN,PHX,0.0
WN,MDW,1.0
WN,PHX,-2.0
WN,SAN,59.0
WN,DCA,-3.0
WN,BOS,21.0
WN,14107,-2.0
WN,LAS,5.0
WN,OAK,-3.0
WN,MCI,5.0
WN,MDW,-3.0
WN,10821,4.0
WN,PVD,9.0
WN,SFO,
WN,SNA,-1.0
WN,MCO,0.0
WN,BWI,-1.0
WN,MAF,-6.0
WN,LAS,6.0
WN,SMF,0.0
WN,15304,-2.0
WN,LAS,49.0
WN,DEN,-4.0
WN,BOS,-4.0
WN,BWI,0.0
WN,MCO,7.0
WN,DEN,-1.0
WN,SEA,0.0
WN,SNA,-1.0
WN,BOS,1.0
WN,PHX,145.0
WN,LAS,-2.0
WN,DTW,
WN,OMA,-3.0
WN,TUS,-5.0
WN,DAL,4.0
WN,SEA,207.0
WN,ABQ,-3.0
WN,LAX,0.0
WN,DEN,12.0
WN,DAL,5.0
WN,MSY,36.0
WN,10423,4.0
WN,BOS,1.0
WN,BDL,-1.0
WN,MDW,25.0
WN,MCO,-2.0
WN,BUR,10.0
WN,MDW,13.0
WN,PHX,7.0
WN,MDW,13.0
WN,AUS,-2.0
WN,ATL,-4.0
WN,AUS,6.0
WN,DEN,-2.0
WN,SAN,5.0
WN,MSY,-3.0
WN,MCO,-2.0
WN,DEN,-2.0
WN,LAS,4.0
WN,LAX,-1.0
WN,SAN,-3.0
WN,FLL,-8.0
WN,CMH,-2.0
WN,RDU,-5.0
WN,SAN,-7.0
WN,BWI,-2.0
WN,EWR,1.0
WN,11278,-8.0
WN,LAS,17.0
WN,ELP,7.0
WN,MDW,75.0
WN,RSW,20.0
WN,STL,1.0
WN,MHT,-1.0
WN,SEA,-5.0
WN,TUS,15.0
WN,10821,120.0
WN,IAD,68.0
WN,PHX,40.0
WN,AUS,-4.0
WN,IND,-5.0
WN,LAS,0.0
WN,AMA,-3.0
WN,PHX,1.0
WN,ELP,152.0
WN,DAL,20.0
WN,CHS,350.0
WN,BUF,0.0
WN,BNA,-4.0
WN,LAS,9.0
WN,14107,-4.0
WN,BWI,-6.0
WN,BNA,40.0
WN,SAN,1.0
WN,BHM,195.0
WN,BWI,-3.0
WN,SAT,3.0
WN,MDW,134.0
WN,MDW,4.0
WN,HOU,-3.0
WN,PHX,0.0
WN,MCO,7.0
WN,SLC,169.0
WN,PVD,-3.0
WN,LAX,0.0
WN,14107,-1.0
WN,10693,-5.0
WN,ABQ,-5.0
WN,SMF,-4.0
WN,10821,5.0
WN,GRR,-7.0
WN,ALB,-2.0
WN,BWI,1.0
WN,PBI,51.0
WN,PHX,-2.0
WN,DEN,6.0
WN,12889,3.0
WN,OAK,14.0
WN,MDW,23.0
WN,PHX,-2.0
WN,BUR,-5.0
WN,LGA,30.0
WN,PHX,20.0
WN,STL,62.0
WN,RSW,-4.0
WN,PHX,-4.0
WN,DTW,-1.0
WN,ATL,-5.0
WN,HOU,-7.0
WN,12892,-1.0
WN,PHX,14.0
WN,MDW,55.0
WN,MCO,14.0
WN,MCO,-1.0
WN,CHS,4.0
WN,AUS,-1.0
WN,12191,2.0
WN,DEN,-1.0
WN,MDW,-1.0
WN,ALB,-6.0
WN,PVD,-4.0
WN,LAX,4.0
WN,MDW,-4.0
WN,DEN,8.0
WN,SEA,-6.0
WN,ATL,
WN,BUR,0.0
WN,PHX,28.0
WN,PHX,-6.0
WN,CLE,0.0
WN,LAX,2.0
WN,PHX,2.0
WN,BUF,7.0
WN,PHX,6.0
WN,BWI,-1.0
WN,OAK,-4.0
WN,AUS,-5.0
WN,BOS,-5.0
WN,LAS,65.0
WN,SAT,42.0
WN,HOU,10.0
WN,MDW,1.0
WN,DEN,57.0
WN,PHL,17.0
WN,14524,-1.0
WN,DEN,7.0
WN,LAX,-1.0
WN,MSY,22.0
WN,ATL,-2.0
WN,BUR,1.0
WN,SDF,-4.0
WN,DAL,51.0
WN,SAN,2.0
WN,ONT,6.0
WN,BUR,-7.0
WN,AUS,7.0
WN,CMH,-2.0
WN,LAX,9.0
WN,11259,7.0
WN,PHX,14.0
WN,SAT,-6.0
WN,PHX,14.0
WN,TPA,9.0
WN,AUS,7.0
WN,RNO,0.0
WN,PVD,-5.0
WN,DAL,96.0
WN,BNA,-3.0
WN,SJC,-3.0
WN,SAN,25.0
WN,SAT,-4.0
WN,BWI,-1.0
WN,MCO,12.0
WN,SNA,5.0
WN,PHX,29.0
WN,BWI,-2.0
WN,11259,-2.0
WN,LAS,-2.0
WN,HOU,0.0
WN,LGA,39.0
WN,BWI,-1.0
WN,LAX,-1.0
WN,SJC,-3.0
WN,ATL,11.0
WN,OAK,-3.0
WN,BOS,-6.0
WN,STL,7.0
WN,BNA,
WN,CMH,2.0
WN,LAS,-3.0
WN,MEM,
WN,IND,-4.0
WN,BWI,-8.0
WN,OAK,-2.0
WN,FNT,-6.0
WN,14771,-5.0
WN,SJU,-7.0
WN,PIT,0.0
WN,FLL,-2.0
WN,BOS,8.0
WN,SJC,-1.0
WN,DAL,-4.0
WN,LAS,2.0
WN,AUS,3.0
WN,SFO,-4.0
WN,STL,0.0
WN,MCI,19.0
WN,HOU,
WN,MDW,-2.0
WN,MCO,-1.0
WN,SNA,33.0
WN,12892,-3.0
WN,MCI,-3.0
WN,STL,19.0
WN,SJC,24.0
WN,LAS,8.0
WN,SJC,1.0
WN,HOU,-11.0
WN,PHX,0.0
WN,BNA,0.0
WN,ATL,41.0
WN,15304,-4.0
WN,SAN,7.0
WN,PHX,-4.0
WN,MCO,190.0
WN,BUR,-3.0
WN,AUS,-3.0
WN,10693,-5.0
WN,BWI,5.0
WN,MDW,0.0
WN,LAS,-3.0
WN,MDW,-1.0
WN,HOU,11.0
WN,MCI,-4.0
WN,TPA,23.0
WN,LAS,-1.0
WN,LAS,-6.0
WN,PDX,-2.0
WN,DEN,4.0
WN,10693,-1.0
WN,MCI,-2.0
WN,HOU,13.0
WN,DTW,-5.0
WN,HOU,-6.0
WN,SNA,-1.0
WN,DAL,-3.0
WN,MHT,-2.0
WN,PWM,-4.0
WN,OAK,11.0
WN,AUS,-1.0
WN,PHX,
WN,PHL,-5.0
WN,OAK,
WN,MDW,19.0
WN,PHX,-3.0
WN,12191,-2.0
WN,AMA,-2.0
WN,ATL,-3.0
WN,HOU,0.0
WN,AMA,-1.0
WN,SJC,20.0
WN,LAX,-4.0
WN,BWI,-1.0
WN,BWI,16.0
WN,AUS,2.0
WN,12889,-6.0
WN,PHX,13.0
WN,AUS,59.0
WN,SLC,0.0
WN,14908,-1.0
WN,SEA,-4.0
WN,MSY,-1.0
WN,BHM,-5.0
WN,PHX,-3.0
WN,HOU,3.0
WN,LAX,10.0
WN,PHX,3.0
WN,ICT,-4.0
WN,DEN,5.0
WN,14107,22.0
WN,SLC,-1.0
WN,BWI,-2.0
WN,HOU,-4.0
WN,MDW,-7.0
WN,MDW,-3.0
WN,HOU,-3.0
WN,DAL,28.0
WN,ATL,-3.0
WN,JAX,-1.0
WN,SNA,-3.0
WN,14747,2.0
WN,ABQ,35.0
VX,LAX,-4.0
VX,SAN,-5.0
VX,SAN,-6.0
VX,SFO,-7.0
VX,SEA,180.0
VX,ORD,-8.0
VX,IAD,-3.0
VX,IAD,-4.0
VX,LAS,48.0
VX,LGA,236.0
VX,DAL,-2.0
VX,LAX,-5.0
VX,SFO,45.0
VX,LGA,-7.0
VX,SFO,-5.0
VX,EWR,217.0
VX,EWR,-3.0
VX,LAX,-4.0
VX,DAL,-2.0
VX,SFO,5.0
VX,LAS,39.0
VX,LAS,13.0
VX,SFO,3.0
VX,LAX,7.0
VX,EWR,-8.0
VX,LAX,-4.0
VX,SFO,1.0
VX,MCO,7.0
VX,14771,-5.0
VX,LAX,-1.0
VX,EWR,-3.0
VX,JFK,-8.0
VX,LAX,-2.0
VX,SFO,-4.0
VX,SEA,49.0
VX,BOS,17.0
VX,LAX,-1.0
VX,11618,-2.0
VX,IAD,-10.0
VX,LAX,-3.0
VX,DAL,165.0
VX,LAX,11.0
VX,SFO,-7.0
VX,10721,7.0
VX,DAL,63.0
VX,SFO,-8.0
VX,JFK,-4.0
VX,SFO,28.0
VX,IAD,1.0
VX,LAS,9.0
VX,DCA,-6.0
VX,JFK,-3.0
VX,SFO,137.0
VX,JFK,-4.0
VX,LAX,30.0
VX,DAL,-3.0
VX,FLL,13.0
VX,SFO,13.0
VX,SFO,-9.0
VX,BOS,-10.0
VX,DAL,59.0
VX,SFO,-6.0
VX,SFO,-2.0
VX,LAS,-3.0
VX,SFO,34.0
VX,DAL,-6.0
VX,FLL,8.0
VX,SFO,-2.0
VX,SAN,0.0
VX,JFK,0.0
VX,LAX,13.0
VX,SFO,4.0
VX,LAX,2.0
VX,JFK,32.0
VX,BOS,-7.0
VX,SFO,-10.0
VX,IAD,-10.0
VX,AUS,1.0
VX,SFO,5.0
VX,LAX,3.0
VX,LAS,-2.0
VX,SFO,-5.0
VX,FLL,9.0
VX,SEA,23.0
VX,BOS,-3.0
VX,SFO,3.0
VX,SFO,-6.0
VX,SFO,-1.0
VX,EWR,3.0
VX,JFK,-7.0
VX,LAX,-2.0
VX,SEA,-2.0
VX,SFO,-5.0
VX,AUS,-5.0
VX,AUS,0.0
VX,LAX,-1.0
VX,ORD,-2.0
VX,JFK,101.0
VX,SAN,0.0
VX,SFO,13.0
VX,LAX,-3.0
VX,DAL,42.0
VX,11618,0.0
VX,SFO,19.0
VX,LAX,-4.0
US,PHX,-4.0
US,MIA,-1.0
US,BOS,1.0
US,PHL,1.0
US,SAN,
US,PHL,-3.0
US,IND,-2.0
US,LGA,
US,CLT,-5.0
US,CLT,-5.0
US,MCO,-7.0
US,PHX,-3.0
US,EWR,-7.0
US,CLT,62.0
US,PHL,-1.0
US,BOS,-8.0
US,CMH,-2.0
US,ORD,-5.0
US,DFW,89.0
US,DCA,-4.0
US,MIA,-6.0
US,PHL,-8.0
US,CLT,-7.0
US,DEN,6.0
US,PHL,-7.0
US,CLT,-2.0
US,DCA,-5.0
US,SNA,-4.0
US,CLT,14.0
US,PHL,9.0
US,PHL,-2.0
US,IND,-8.0
US,CLT,-2.0
US,LGA,-4.0
US,MSP,-6.0
US,PVD,-5.0
US,CLT,-3.0
US,DCA,-5.0
US,LGA,-7.0
US,RDU,-4.0
US,DCA,-7.0
US,MCO,0.0
US,PHX,-6.0
US,CLT,-3.0
US,DCA,
US,SFO,21.0
US,CLT,14.0
US,BOS,25.0
US,MSP,-7.0
US,BOI,-4.0
US,SFO,-2.0
US,CLT,-4.0
US,CLT,5.0
US,CLT,-2.0
US,LAS,5.0
US,PIT,-2.0
US,SAN,13.0
US,PHX,-2.0
US,SEA,0.0
US,PHX,18.0
US,PHX,39.0
US,BOS,-4.0
US,LGA,-5.0
US,SAN,-4.0
US,JAX,-7.0
US,MCO,-6.0
US,CLT,-2.0
US,CLT,45.0
US,CLT,0.0
US,CLT,0.0
US,LGA,
US,LAX,-4.0
US,STL,-7.0
US,SLC,-5.0
US,PHL,136.0
US,TPA,9.0
US,PHL,2.0
US,LAX,-2.0
US,GEG,-1.0
US,PHX,-2.0
US,ORD,-3.0
US,LAS,-10.0
US,SNA,-10.0
US,BOS,-8.0
US,CLT,-6.0
US,CLT,-2.0
US,CLT,58.0
US,PHX,16.0
US,PHX,-2.0
US,PHL,105.0
US,CLT,-2.0
US,PHL,-5.0
US,PHL,-5.0
US,LAX,-3.0
US,PHL,0.0
US,STX,14.0
US,PHX,-4.0
US,CLE,-12.0
US,MKE,-1.0
US,PBI,-9.0
US,BOS,-8.0
US,CLT,-3.0
US,ORD,
US,CLT,0.0
US,CLT,-5.0
US,FLL,7.0
US,BWI,-2.0
US,CLT,-3.0
US,CLT,28.0
US,PHL,-4.0
US,CLE,31.0
US,PHL,-3.0
US,BOS,-9.0
US,CLT,-7.0
US,PBI,-9.0
US,PHL,5.0
US,CLT,-2.0
US,PHX,-2.0
US,CLT,0.0
US,LAS,-6.0
US,CLT,-1.0
US,DCA,-6.0
US,DTW,34.0
US,PHX,-3.0
US,PHX,1.0
US,CLT,-3.0
US,LAX,-3.0
US,PHX,-3.0
US,SAT,-2.0
US,PHL,-5.0
US,CLT,-6.0
US,CLT,-4.0
US,LGA,43.0
US,PBI,-5.0
US,CLT,3.0
US,DFW,42.0
US,PHL,24.0
US,BOS,2.0
US,MSY,108.0
US,CLT,-5.0
US,CLT,-5.0
US,MCO,-5.0
US,LGA,47.0
US,PHL,8.0
US,CLT,-7.0
US,CLT,-2.0
US,DCA,-5.0
US,CLT,90.0
US,CLT,-5.0
US,PHX,4.0
US,CLT,-1.0
US,RSW,-7.0
US,PHX,13.0
US,DEN,25.0
US,LAX,-8.0
US,PIT,-5.0
US,PHX,13.0
US,CLT,-4.0
US,PHX,-6.0
US,DCA,64.0
US,PHX,-5.0
US,CLT,6.0
US,PHL,-3.0
US,MCO,9.0
US,ROC,-5.0
US,DCA,-6.0
US,PDX,-3.0
US,DCA,35.0
US,BOS,-9.0
US,TPA,-7.0
US,PHL,2.0
US,CLT,-1.0
US,ORD,-7.0
US,MIA,15.0
US,MSP,-4.0
US,ORD,-4.0
US,PHL,15.0
US,CLT,-2.0
US,LAX,5.0
US,CLT,29.0
US,LAX,-4.0
US,PHL,-5.0
US,MSP,-7.0
US,BOS,-6.0
US,DCA,-7.0
US,PHL,0.0
US,BWI,
US,PHL,-5.0
US,CLT,-1.0
US,PHX,-1.0
US,SFO,54.0
US,JAX,-2.0
US,CLT,-3.0
US,PHX,-3.0
US,PHL,
US,CLT,46.0
US,CLT,-2.0
US,PHL,-4.0
US,MIA,-6.0
US,CLT,6.0
US,CLT,-5.0
US,ORF,0.0
US,CLT,-8.0
US,CLT,
US,MCO,-9.0
US,CLT,10.0
US,MSY,0.0
US,PWM,-7.0
US,PHX,10.0
US,CLT,10.0
US,LAX,205.0
US,SNA,-7.0
US,ORD,-1.0
US,DFW,-6.0
US,CLT,-3.0
US,PHX,-1.0
US,MCO,-2.0
US,MSP,-2.0
US,DEN,-3.0
US,CLT,0.0
US,TPA,-5.0
US,MCO,0.0
US,PHL,31.0
US,MCI,-4.0
US,PHL,-2.0
US,PHL,37.0
US,ATL,-6.0
US,EWR,-3.0
US,CLT,20.0
US,DCA,1.0
US,SEA,-5.0
US,PHX,1.0
US,PHL,0.0
US,PHX,-2.0
US,CLT,83.0
US,PHX,-1.0
US,MSY,0.0
US,STT,77.0
US,CLT,-1.0
US,CLT,7.0
US,LGA,2.0
US,DCA,-6.0
US,LAS,-6.0
US,CLT,-6.0
US,IAH,4.0
US,CLT,53.0
US,PHX,-2.0
US,PHL,
US,PHX,-1.0
US,MCO,-9.0
US,CLT,-9.0
US,DTW,-6.0
US,SYR,-5.0
US,PHX,0.0
US,TPA,15.0
US,PHX,0.0
US,PHX,-3.0
US,MCO,-4.0
US,CLT,-2.0
US,CLT,-3.0
US,ATL,-10.0
US,CLT,-5.0
US,CLT,51.0
US,PDX,-3.0
US,SFO,-5.0
US,FLL,-4.0
US,CLE,-6.0
US,BNA,-5.0
US,STL,-4.0
US,MSP,31.0
US,RDU,-5.0
US,CLT,-4.0
US,CLT,-5.0
US,DFW,-4.0
US,RNO,-4.0
US,ORD,-8.0
US,DCA,-5.0
US,DCA,-9.0
US,DTW,-1.0
US,PHL,11.0
US,PHL,3.0
US,SFO,-7.0
US,TPA,-1.0
US,SMF,1.0
US,CLT,0.0
US,DCA,0.0
US,CLT,47.0
US,DFW,38.0
US,ATL,0.0
US,PHL,35.0
US,IND,-2.0
US,CLT,-6.0
US,BUF,-1.0
US,PIT,-10.0
US,PHL,-3.0
US,CLT,2.0
US,DCA,-7.0
US,FLL,-5.0
US,CLT,-3.0
US,PHX,-5.0
US,BOS,-1.0
US,PHL,47.0
US,CLT,-3.0
US,ORD,-5.0
US,SLC,-4.0
US,CLT,-5.0
US,ATL,-2.0
US,PHL,105.0
US,CLT,-5.0
US,LAS,-4.0
US,STL,1.0
US,PIT,-8.0
US,PHX,-7.0
US,PHL,-5.0
US,JAX,1.0
US,SAN,1.0
US,IAH,-7.0
US,PHX,-4.0
US,LAX,-4.0
US,TPA,6.0
US,SFO,-6.0
US,LAS,-5.0
US,ORD,-1.0
US,CLT,-4.0
US,IND,-5.0
US,MCO,-4.0
US,DFW,-4.0
US,PHX,-6.0
US,CLT,-4.0
US,PHL,256.0
US,PHX,-5.0
US,ORD,-6.0
US,ATL,0.0
US,PHL,93.0
US,ORF,-3.0
US,FLL,102.0
US,DFW,-5.0
US,TPA,-8.0
US,DCA,-4.0
US,DCA,-5.0
US,DCA,-3.0
US,ORD,-9.0
UA,BOS,11.0
UA,LAS,-5.0
UA,SFO,-2.0
UA,DEN,5.0
UA,14771,2.0
UA,MCO,1.0
UA,HNL,1.0
UA,DEN,8.0
UA,ORD,23.0
UA,DEN,13.0
UA,LAX,-4.0
UA,SEA,2.0
UA,EWR,-2.0
UA,11618,-4.0
UA,EWR,246.0
UA,ANC,-5.0
UA,11292,1.0
UA,SFO,-7.0
UA,12266,-2.0
UA,GEG,-1.0
UA,IAH,3.0
UA,MCI,-2.0
UA,TPA,40.0
UA,IAD,7.0
UA,IAD,-5.0
UA,ORD,2.0
UA,ORD,
UA,DEN,0.0
UA,IAH,9.0
UA,OGG,5.0
UA,SJU,-7.0
UA,IAH,0.0
UA,MIA,58.0
UA,EWR,-6.0
UA,ORD,6.0
UA,MSP,-8.0
UA,EWR,28.0
UA,EWR,23.0
UA,EWR,19.0
UA,ORD,-6.0
UA,BOS,35.0
UA,ATL,-6.0
UA,11618,19.0
UA,SFO,-7.0
UA,SFO,114.0
UA,ORD,51.0
UA,DEN,76.0
UA,ORD,9.0
UA,ORD,-2.0
UA,IAH,54.0
UA,ATL,15.0
UA,ORD,4.0
UA,EWR,45.0
UA,IAD,-10.0
UA,EWR,13.0
UA,ORD,7.0
UA,ORD,-6.0
UA,PHL,11.0
UA,HNL,-9.0
UA,LAX,-3.0
UA,EWR,30.0
UA,ORD,130.0
UA,BUF,28.0
UA,ORD,18.0
UA,ORD,-1.0
UA,EWR,8.0
UA,IAH,-1.0
UA,EWR,14.0
UA,LAS,5.0
UA,ORD,-1.0
UA,EWR,-6.0
UA,AUS,110.0
UA,LAS,7.0
UA,DEN,-1.0
UA,EWR,2.0
UA,11292,-1.0
UA,ORD,18.0
UA,OGG,-2.0
UA,ORD,68.0
UA,ORD,-3.0
UA,IAH,5.0
UA,SFO,14.0
UA,SFO,-5.0
UA,ORD,-4.0
UA,EWR,6.0
UA,GUM,0.0
UA,SFO,43.0
UA,SFO,-4.0
UA,CMH,-9.0
UA,LGA,0.0
UA,DEN,-3.0
UA,LAS,21.0
UA,ORD,58.0
UA,LAS,1.0
UA,FLL,160.0
UA,LAS,-8.0
UA,SFO,-3.0
UA,BWI,-4.0
UA,PIT,22.0
UA,12266,0.0
UA,DEN,1.0
UA,DEN,-3.0
UA,SFO,27.0
UA,12266,0.0
UA,11292,6.0
UA,MCI,-5.0
UA,ORD,1.0
UA,SFO,0.0
UA,ORD,-4.0
UA,ORD,92.0
UA,DEN,2.0
UA,SFO,150.0
UA,IAD,194.0
UA,13204,-1.0
UA,CLE,-6.0
UA,10397,1.0
UA,DFW,19.0
UA,12266,-2.0
UA,ORD,-2.0
UA,ORD,0.0
UA,SFO,-4.0
UA,12173,-1.0
UA,SFO,-5.0
UA,MSY,45.0
UA,DEN,-5.0
UA,EWR,-4.0
UA,SFO,10.0
UA,EWR,65.0
UA,ORD,-1.0
UA,11292,-1.0
UA,SFO,2.0
UA,ALB,-5.0
UA,IAH,14.0
UA,EWR,0.0
UA,EWR,-2.0
UA,ORD,34.0
UA,ORD,30.0
UA,IAH,19.0
UA,ORD,1.0
UA,IAD,-1.0
UA,DEN,17.0
UA,11278,5.0
UA,DEN,-4.0
UA,SNA,1.0
UA,BWI,
UA,DCA,-2.0
UA,14100,-8.0
UA,IAH,24.0
UA,IAH,3.0
UA,LAX,10.0
UA,11292,-3.0
UA,DEN,-1.0
UA,SFO,2.0
UA,DEN,7.0
UA,MSP,-3.0
UA,SLC,0.0
UA,EWR,1.0
UA,LAX,-2.0
UA,CLE,8.0
UA,LAX,-10.0
UA,MCO,-3.0
UA,DTW,1.0
UA,DEN,12.0
UA,EWR,27.0
UA,DEN,-1.0
UA,ORD,-2.0
UA,ORD,-5.0
UA,ORD,42.0
UA,14683,-4.0
UA,MSN,-12.0
UA,DEN,-1.0
UA,STL,7.0
UA,TPA,0.0
UA,IAH,-1.0
UA,SJC,-17.0
UA,IAH,15.0
UA,PDX,-6.0
UA,IAD,-3.0
UA,OGG,4.0
UA,IAH,-4.0
UA,DTW,11.0
UA,13204,-9.0
UA,BDL,7.0
UA,14771,-3.0
UA,ORD,4.0
UA,SFO,7.0
UA,13495,-14.0
UA,ORD,-1.0
UA,BOS,-9.0
UA,SFO,-1.0
UA,ORD,5.0
UA,DEN,11.0
UA,IAD,-4.0
UA,IAD,-4.0
UA,EWR,1.0
UA,ORD,1.0
UA,AUS,-1.0
UA,ORD,-2.0
UA,LAX,-6.0
UA,LAX,21.0
UA,EWR,36.0
UA,ORD,39.0
UA,SFO,39.0
UA,14771,-8.0
UA,SMF,7.0
UA,HNL,-16.0
UA,EWR,19.0
UA,IAH,3.0
UA,IAH,8.0
UA,JAC,-11.0
UA,ORD,250.0
UA,IAD,43.0
UA,MCO,1.0
UA,DEN,
UA,LAX,-4.0
UA,ATL,18.0
UA,BIL,-5.0
UA,13930,-5.0
UA,FLL,8.0
UA,ATL,5.0
UA,IAH,-1.0
UA,12892,-2.0
UA,ORD,-7.0
UA,DEN,-4.0
UA,DTW,-10.0
UA,DEN,-7.0
UA,MIA,-5.0
UA,10821,4.0
UA,ORD,-2.0
UA,LGA,-4.0
UA,LAX,5.0
UA,ORD,-4.0
UA,DEN,18.0
UA,14747,-1.0
UA,SNA,-3.0
UA,MSP,2.0
UA,RSW,13.0
UA,ORD,85.0
UA,SFO,40.0
UA,ORD,-6.0
UA,11298,-7.0
UA,CLT,4.0
UA,ORD,2.0
UA,IAD,10.0
UA,SFO,-5.0
UA,IAH,-2.0
UA,DEN,31.0
UA,IAH,-6.0
UA,SFO,16.0
UA,TPA,-5.0
UA,ORD,-1.0
UA,IAH,35.0
UA,BWI,
UA,LAX,-3.0
UA,IAH,9.0
UA,LAX,-2.0
UA,ORD,-1.0
UA,LAS,0.0
UA,11292,33.0
UA,ORD,11.0
UA,BDL,28.0
UA,IAH,
UA,DEN,20.0
UA,LAX,0.0
UA,SFO,-9.0
UA,SFO,1.0
UA,13930,7.0
UA,LAX,1.0
UA,ORD,-3.0
UA,ORD,7.0
UA,SJU,6.0
UA,SFO,-9.0
UA,ORD,-6.0
UA,TPA,-3.0
UA,SEA,125.0
UA,DEN,1.0
UA,SEA,-2.0
UA,EWR,8.0
UA,EWR,80.0
UA,TPA,-7.0
UA,FLL,13.0
UA,LGA,0.0
UA,DEN,22.0
UA,DFW,60.0
UA,ORD,-7.0
UA,SFO,-6.0
UA,ORD,
UA,DEN,2.0
UA,EWR,-7.0
UA,HNL,3.0
UA,IAH,-1.0
UA,ALB,-2.0
UA,LGA,
UA,BZN,4.0
UA,SJU,172.0
UA,IAD,-1.0
UA,IAD,-5.0
UA,SAN,33.0
UA,SAN,4.0
UA,IAD,89.0
UA,LAS,13.0
UA,IAH,6.0
UA,SFO,-2.0
UA,IAD,-1.0
UA,JFK,-4.0
UA,IAH,5.0
UA,ORD,6.0
UA,IAH,2.0
UA,EWR,-6.0
UA,SAT,-7.0
UA,FLL,-6.0
UA,DEN,6.0
UA,LAS,-7.0
UA,ORD,245.0
UA,MCI,-12.0
UA,IAH,-1.0
UA,SLC,-10.0
UA,HNL,4.0
UA,BOS,2.0
UA,IAH,-1.0
UA,MCO,34.0
UA,11697,-13.0
UA,ORD,-7.0
UA,DEN,6.0
UA,SFO,-7.0
UA,SFO,177.0
UA,IAD,3.0
UA,EWR,-6.0
UA,FLL,-3.0
UA,EWR,-5.0
UA,IAH,-5.0
UA,SFO,106.0
UA,12892,-6.0
UA,IAH,10.0
UA,ORD,-2.0
UA,IAH,4.0
UA,EWR,9.0
UA,IAH,8.0
UA,14307,-10.0
UA,14771,0.0
UA,ORD,44.0
UA,SFO,42.0
UA,SAN,7.0
UA,EWR,25.0
UA,HNL,-3.0
UA,PHX,50.0
UA,IAD,-3.0
UA,SLC,66.0
UA,SFO,24.0
UA,ORD,-6.0
UA,ORD,-1.0
UA,10397,-4.0
UA,TPA,50.0
UA,EWR,-6.0
UA,DEN,-2.0
UA,DEN,31.0
UA,SFO,7.0
UA,ORD,1.0
UA,LAS,38.0
UA,DEN,-6.0
UA,ORD,157.0
UA,IAD,0.0
UA,SAN,15.0
UA,PHX,3.0
UA,SFO,-6.0
UA,DEN,10.0
UA,SEA,0.0
UA,DEN,1.0
UA,11292,-5.0
UA,ORD,-2.0
UA,IAH,37.0
UA,DEN,-7.0
UA,SFO,-2.0
UA,RDU,39.0
UA,MSY,5.0
UA,DEN,-3.0
UA,CLE,
UA,IAH,-2.0
UA,LGA,
UA,CMH,3.0
UA,ORD,-1.0
UA,SAN,16.0
UA,LAX,-2.0
UA,PHL,-3.0
UA,ORD,-4.0
UA,SJC,-12.0
UA,BWI,33.0
UA,SFO,-6.0
UA,ORD,-4.0
UA,IAH,44.0
UA,IAD,18.0
UA,FLL,-5.0
UA,RSW,-2.0
UA,LAX,-2.0
UA,DEN,7.0
UA,PIT,-6.0
UA,IAH,-5.0
UA,SAT,33.0
UA,DEN,32.0
UA,EWR,5.0
UA,EWR,11.0
UA,SFO,9.0
UA,SAN,-9.0
UA,ORD,17.0
UA,DFW,-5.0
UA,MCO,-4.0
UA,11618,67.0
UA,MCO,-2.0
UA,GEG,-4.0
UA,MSY,-4.0
UA,12889,1.0
UA,BOS,-7.0
UA,ORD,9.0
UA,CLE,-7.0
UA,13930,6.0
UA,EWR,-6.0
UA,ORD,-1.0
UA,SEA,56.0
UA,AUS,36.0
UA,DEN,4.0
UA,ORD,-6.0
UA,EWR,10.0
UA,BOS,-4.0
UA,ORD,98.0
UA,SFO,49.0
UA,SMF,-1.0
UA,TPA,-6.0
UA,IAH,4.0
UA,EWR,4.0
UA,MSY,0.0
UA,ATL,-10.0
UA,ROC,11.0
UA,IAD,19.0
UA,SFO,0.0
UA,GEG,-5.0
UA,DEN,-7.0
UA,12266,-2.0
UA,SFO,38.0
UA,HDN,-3.0
UA,DEN,2.0
UA,RDU,14.0
UA,SJC,5.0
UA,DEN,58.0
UA,12339,-5.0
UA,13495,-1.0
UA,SFO,197.0
UA,OMA,6.0
UA,DEN,-6.0
UA,LAX,-3.0
UA,SEA,-6.0
UA,SFO,104.0
UA,ORD,-7.0
UA,IAH,25.0
UA,EWR,60.0
UA,DCA,-4.0
UA,EWR,-10.0
UA,13930,-4.0
UA,EWR,-7.0
UA,LAS,-7.0
UA,TPA,17.0
UA,DEN,-3.0
UA,LAX,27.0
UA,DEN,138.0
UA,LAS,-9.0
UA,ATL,4.0
UA,IAD,-1.0
UA,SFO,-3.0
UA,IAH,2.0
UA,DCA,19.0
UA,PHX,11.0
UA,ORD,-2.0
UA,LAS,-4.0
UA,DEN,72.0
UA,EWR,3.0
UA,IAH,4.0
UA,ORD,6.0
UA,ORD,4.0
UA,LAS,0.0
UA,ALB,-2.0
UA,13930,-4.0
UA,IAH,0.0
UA,EWR,1.0
UA,DCA,-1.0
UA,IAH,9.0
UA,AUS,9.0
UA,EWR,2.0
UA,EWR,-3.0
UA,IAH,0.0
UA,ATL,9.0
UA,13930,0.0
UA,IAH,-1.0
UA,SFO,3.0
UA,13204,-6.0
UA,FLL,-7.0
UA,DEN,-10.0
UA,JFK,0.0
UA,JFK,-6.0
UA,12892,-4.0
UA,PHX,-8.0
UA,DEN,3.0
UA,EWR,70.0
UA,SFO,-6.0
UA,EWR,8.0
UA,LAS,-5.0
UA,ORD,-4.0
UA,LAX,261.0
UA,DEN,21.0
UA,10257,6.0
UA,SFO,-2.0
UA,SFO,60.0
UA,LAS,-3.0
UA,OMA,-11.0
UA,ORD,0.0
UA,IAD,12.0
UA,LGA,385.0
UA,LAX,1.0
UA,IAH,-4.0
UA,IAD,1.0
UA,MIA,-4.0
UA,MSY,-8.0
UA,IAH,-4.0
UA,SAN,2.0
UA,MCO,5.0
UA,ORD,0.0
UA,DFW,3.0
UA,PBI,-3.0
UA,IAH,-1.0
UA,SFO,-4.0
UA,PHX,11.0
UA,SFO,0.0
UA,DEN,25.0
UA,SFO,18.0
UA,14683,-10.0
UA,ORD,0.0
UA,MIA,-9.0
UA,EWR,
UA,13930,-3.0
UA,10257,-1.0
UA,IAH,-2.0
UA,13930,3.0
UA,SAN,-3.0
UA,SFO,16.0
UA,IAD,5.0
UA,IAH,22.0
UA,PHL,7.0
UA,PHX,-5.0
UA,ORD,48.0
UA,12266,3.0
UA,ORD,
UA,SFO,-5.0
UA,SAT,-3.0
UA,SFO,21.0
UA,AUS,-5.0
UA,IAD,17.0
UA,BZN,12.0
UA,LAS,-2.0
UA,SAT,-6.0
UA,IAH,5.0
UA,11618,14.0
UA,SFO,8.0
UA,IAH,-8.0
UA,PBI,-8.0
UA,EWR,42.0
UA,SLC,-7.0
UA,IAH,5.0
UA,EWR,9.0
UA,IAH,-3.0
UA,IAH,10.0
UA,BOS,35.0
UA,ORD,57.0
UA,SAN,2.0
UA,SFO,-6.0
UA,EWR,9.0
UA,IAH,11.0
UA,13495,0.0
UA,EWR,-3.0
UA,EWR,-2.0
UA,ORD,-2.0
UA,12892,0.0
UA,SFO,6.0
UA,LAX,2.0
UA,DEN,3.0
UA,SFO,-6.0
UA,14679,3.0
UA,BWI,-2.0
UA,SFO,5.0
UA,ORD,-6.0
UA,SFO,13.0
UA,AUS,-8.0
UA,SAN,0.0
UA,PDX,8.0
UA,DEN,2.0
UA,LAX,14.0
UA,ORD,2.0
UA,SFO,0.0
UA,PHL,-7.0
UA,LAX,74.0
UA,FLL,-1.0
UA,13204,-1.0
UA,SFO,18.0
UA,SFO,129.0
UA,ORD,-5.0
UA,SAN,-6.0
UA,BOS,2.0
UA,EWR,-6.0
UA,DEN,-3.0
UA,SFO,7.0
UA,IAD,208.0
UA,IAH,34.0
UA,AUS,-9.0
UA,IAD,19.0
UA,LGA,-4.0
UA,SAN,-6.0
UA,EWR,-1.0
UA,SFO,-3.0
UA,IAD,3.0
UA,PDX,247.0
UA,IAH,5.0
UA,IAH,2.0
UA,DFW,-3.0
UA,PHL,-6.0
UA,LAX,26.0
UA,IAH,10.0
UA,SNA,-4.0
UA,ORD,
UA,TPA,-1.0
UA,EWR,7.0
UA,MSP,-2.0
UA,SFO,29.0
UA,SFO,18.0
UA,TPA,-4.0
UA,MSY,0.0
UA,IAH,-2.0
UA,IAD,22.0
UA,ORD,-3.0
UA,DEN,-10.0
UA,DEN,18.0
UA,LAX,5.0
UA,OMA,-4.0
UA,DEN,-2.0
UA,LAS,-1.0
UA,12173,2.0
UA,CLE,27.0
UA,EWR,153.0
UA,DEN,0.0
UA,SFO,2.0
UA,IAD,-2.0
UA,15304,47.0
UA,LAX,-7.0
UA,DCA,6.0
UA,DEN,-6.0
UA,DEN,-2.0
UA,SFO,-3.0
UA,SFO,-3.0
UA,IAD,-2.0
UA,ORD,32.0
UA,LAX,-4.0
UA,ORD,48.0
UA,SLC,97.0
UA,SFO,4.0
UA,11697,19.0
UA,ORD,4.0
UA,EWR,2.0
UA,ATL,15.0
UA,PIT,0.0
UA,SFO,-3.0
UA,IAH,9.0
UA,IAH,23.0
UA,SEA,-7.0
UA,DEN,7.0
UA,IAD,5.0
UA,LGA,3.0
UA,SEA,-2.0
UA,ORD,-5.0
UA,ORD,-8.0
UA,SFO,36.0
UA,SFO,4.0
UA,ORD,-5.0
UA,LAX,-7.0
UA,LAS,-3.0
UA,LGA,123.0
UA,AUS,-6.0
UA,EWR,22.0
UA,IAD,1.0
UA,EWR,-9.0
UA,ORD,-4.0
UA,SAT,-5.0
UA,LGA,67.0
UA,AUS,-10.0
UA,SMF,-1.0
UA,IAD,196.0
UA,ORD,64.0
UA,ORD,51.0
UA,IAH,7.0
UA,DEN,25.0
UA,SFO,15.0
UA,PDX,-4.0
UA,ORD,-1.0
UA,SNA,-10.0
UA,SNA,-2.0
UA,SAN,-1.0
UA,EWR,-2.0
UA,SFO,-3.0
UA,LAX,-1.0
UA,JFK,2.0
UA,SFO,0.0
UA,SFO,21.0
UA,EWR,-5.0
UA,EWR,-1.0
UA,EWR,-4.0
UA,SFO,159.0
UA,14771,-3.0
UA,MSP,3.0
UA,ORD,-1.0
UA,EWR,11.0
UA,ORD,76.0
UA,SFO,2.0
UA,SFO,55.0
UA,IAH,13.0
UA,MCO,3.0
UA,IAH,-3.0
UA,LAS,16.0
UA,DEN,-7.0
UA,SFO,76.0
UA,LAX,-2.0
UA,14771,-2.0
UA,MSP,3.0
UA,IAH,13.0
UA,IAD,2.0
UA,LAS,59.0
UA,SNA,50.0
UA,TPA,36.0
UA,BOS,9.0
UA,PHL,-3.0
UA,ORD,29.0
UA,HNL,1.0
UA,SFO,2.0
UA,EWR,-3.0
UA,SFO,-6.0
UA,SAN,7.0
UA,DEN,5.0
UA,10792,-7.0
UA,EWR,-5.0
UA,IAH,2.0
UA,DCA,169.0
UA,10620,-4.0
UA,MSP,-1.0
UA,SFO,47.0
UA,EWR,29.0
UA,BZN,-6.0
UA,IAD,-9.0
UA,SAN,13.0
UA,14843,-4.0
UA,IAD,-3.0
UA,IAH,-1.0
UA,SFO,36.0
UA,ORD,-5.0
UA,ORD,1.0
UA,LAX,-7.0
UA,SFO,32.0
UA,PHL,29.0
UA,ORD,-1.0
UA,SFO,2.0
UA,EWR,0.0
UA,14771,96.0
UA,PHL,35.0
UA,IAH,0.0
UA,BWI,49.0
UA,MSY,-5.0
UA,TPA,-4.0
UA,IAH,-8.0
UA,ORD,-7.0
UA,SFO,55.0
UA,IND,42.0
UA,PHL,17.0
UA,LGA,15.0
UA,IAD,15.0
UA,DCA,-6.0
UA,IAD,48.0
UA,EWR,1.0
UA,11292,-7.0
UA,MCO,-6.0
UA,LAX,36.0
UA,SFO,-8.0
UA,SFO,15.0
UA,DEN,-3.0
UA,LGA,-3.0
UA,LAS,-1.0
UA,DEN,52.0
UA,JFK,-5.0
UA,BOS,-2.0
UA,SFO,1.0
UA,ORD,-8.0
UA,IAH,15.0
UA,DEN,-6.0
UA,EWR,187.0
UA,11618,54.0
UA,FLL,-5.0
UA,MSY,1.0
UA,IAH,170.0
UA,JAC,39.0
UA,EWR,-1.0
UA,CLE,-6.0
UA,IAH,-2.0
UA,SNA,11.0
UA,DEN,-7.0
UA,SFO,13.0
UA,IAH,5.0
UA,SAT,-1.0
UA,ORD,30.0
UA,DEN,-5.0
UA,EWR,13.0
UA,CLE,-1.0
UA,DEN,-2.0
UA,SFO,-3.0
UA,ORD,17.0
UA,MSY,10.0
UA,IAH,0.0
UA,EWR,28.0
UA,DEN,13.0
UA,LAX,24.0
UA,ORD,-9.0
UA,ORD,-1.0
UA,SAN,0.0
UA,EWR,82.0
UA,ATL,19.0
UA,DTW,1.0
UA,10721,-2.0
UA,IAH,0.0
UA,SFO,-4.0
UA,ORD,-3.0
UA,JFK,-14.0
UA,IAH,212.0
UA,SFO,6.0
UA,DCA,-7.0
UA,IAH,21.0
UA,SFO,67.0
UA,ORD,-3.0
UA,SAN,-2.0
UA,ORD,38.0
UA,11292,-1.0
UA,SEA,-1.0
UA,DEN,118.0
UA,IAH,-2.0
UA,SAT,-4.0
UA,12892,132.0
UA,EWR,20.0
UA,MEM,39.0
UA,EWR,2.0
UA,12266,14.0
UA,MCO,-8.0
UA,IAH,86.0
UA,SFO,-3.0
UA,SFO,3.0
UA,ORD,5.0
UA,14570,32.0
UA,SNA,0.0
UA,IAD,-5.0
UA,12266,-3.0
UA,AUS,2.0
UA,ORD,13.0
UA,EWR,40.0
UA,DSM,-7.0
UA,SEA,73.0
UA,ORD,-2.0
UA,DTW,0.0
UA,SFO,36.0
UA,MCO,-5.0
UA,IAH,-8.0
UA,SFO,-4.0
UA,PHX,-11.0
UA,EWR,-6.0
UA,MIA,1.0
UA,EWR,-1.0
UA,BWI,3.0
UA,DEN,-2.0
UA,LAS,1.0
UA,SEA,0.0
UA,11042,-4.0
UA,DEN,4.0
UA,ORD,-1.0
UA,IAH,-3.0
UA,DEN,6.0
UA,LAS,-6.0
UA,DEN,-4.0
UA,DEN,-5.0
UA,EWR,47.0
UA,PDX,-9.0
UA,14771,5.0
UA,LAX,-7.0
UA,SFO,56.0
UA,JAC,-7.0
UA,SAN,-6.0
UA,EWR,18.0
UA,DEN,75.0
UA,SFO,-10.0
UA,ABQ,-11.0
UA,11618,-3.0
UA,11292,-8.0
OO,11193,-10.0
OO,RKS,-7.0
OO,MCI,125.0
OO,LAN,-2.0
OO,CIU,35.0
OO,PDX,-5.0
OO,IMT,0.0
OO,SLC,-1.0
OO,PHX,-1.0
OO,TUL,0.0
OO,LAX,131.0
OO,EKO,-1.0
OO,ORD,-1.0
OO,BIS,4.0
OO,COS,-3.0
OO,MSP,-3.0
OO,SMF,-9.0
OO,SFO,79.0
OO,LAX,98.0
OO,LAX,-6.0
OO,PHX,6.0
OO,11292,17.0
OO,SEA,-6.0
OO,SFO,
OO,10599,-9.0
OO,ORD,-7.0
OO,PHX,
OO,13476,-6.0
OO,SFO,5.0
OO,EUG,-4.0
OO,LSE,-8.0
OO,BNA,-5.0
OO,BOI,-8.0
OO,SLC,-6.0
OO,10713,-10.0
OO,ORD,
OO,SFO,-4.0
OO,DEN,27.0
OO,ORD,-4.0
OO,ORD,15.0
OO,11638,-6.0
OO,IAH,-4.0
OO,SEA,-6.0
OO,SUN,
OO,COS,-4.0
OO,SFO,-3.0
OO,FAT,-7.0
OO,SBA,0.0
OO,CHO,-5.0
OO,SLC,0.0
OO,11433,-10.0
OO,SMF,5.0
OO,EUG,-9.0
OO,RNO,-5.0
OO,LAX,7.0
OO,BZN,-5.0
OO,DTW,10.0
OO,SMF,-5.0
OO,SBP,-6.0
OO,PIA,12.0
OO,MTJ,31.0
OO,SLC,-6.0
OO,SLC,-5.0
OO,ORD,14.0
OO,SFO,118.0
OO,ABQ,-5.0
OO,GRB,-9.0
OO,SEA,2.0
OO,LAS,-7.0
OO,SAT,-6.0
OO,BFL,-7.0
OO,FAT,-9.0
OO,SBA,1.0
OO,DEN,-7.0
OO,COS,-5.0
OO,SLC,-8.0
OO,DEN,-2.0
OO,DCA,30.0
OO,PDX,-13.0
OO,COS,-8.0
OO,DEN,1.0
OO,SFO,-3.0
OO,DEN,-4.0
OO,DEN,9.0
OO,DEN,10.0
OO,IDA,-5.0
OO,PSC,-1.0
OO,LAX,-3.0
OO,SLC,20.0
OO,SFO,-2.0
OO,BIL,-5.0
OO,13930,-10.0
OO,HLN,-12.0
OO,BOS,1.0
OO,STL,-4.0
OO,ORD,0.0
OO,SEA,-1.0
OO,SLC,-5.0
OO,COS,7.0
OO,ORD,0.0
OO,SEA,62.0
OO,AUS,25.0
OO,CPR,
OO,GRR,-5.0
OO,DEN,-4.0
OO,MFR,-8.0
OO,LAX,-1.0
OO,LAX,7.0
OO,MSP,3.0
OO,BOI,-1.0
OO,DEN,9.0
OO,XNA,77.0
OO,FAT,-12.0
OO,SBA,37.0
OO,BNA,-2.0
OO,MSY,-8.0
OO,SBN,0.0
OO,OKC,-4.0
OO,PHX,34.0
OO,DEN,13.0
OO,11433,3.0
OO,SBA,-2.0
OO,SLC,-5.0
OO,LAX,0.0
OO,MKE,113.0
OO,IAH,0.0
OO,LAX,-5.0
OO,LAX,0.0
OO,ORD,-5.0
OO,SFO,-2.0
OO,DEN,0.0
OO,SEA,38.0
OO,MKE,-2.0
OO,EUG,-3.0
OO,PSC,-6.0
OO,PHX,-4.0
OO,ISN,-10.0
OO,MSP,-2.0
OO,11638,-12.0
OO,ORD,-5.0
OO,MSP,-10.0
OO,14771,1.0
OO,ISN,-3.0
OO,DCA,8.0
OO,DEN,28.0
OO,11471,-4.0
OO,VEL,-3.0
OO,DFW,0.0
OO,SFO,-6.0
OO,SFO,2.0
OO,YUM,0.0
OO,11278,-1.0
OO,ORD,-4.0
OO,FAR,-3.0
OO,MSP,22.0
OO,LNK,-9.0
OO,FAT,0.0
OO,SLC,-5.0
OO,SLC,-1.0
OO,EUG,-4.0
OO,10747,-7.0
OO,SFO,154.0
OO,SUN,11.0
OO,BIL,-7.0
OO,SLC,214.0
OO,ORD,-5.0
OO,MSP,-6.0
OO,SLC,-8.0
OO,IAH,0.0
OO,SNA,20.0
OO,SAT,-6.0
OO,PIT,15.0
OO,SFO,-7.0
OO,SLC,2.0
OO,13930,-1.0
OO,EUG,13.0
OO,LAR,-6.0
OO,11298,-5.0
OO,FSD,-6.0
OO,LAX,-6.0
OO,MSN,-5.0
OO,MKG,-8.0
OO,LAX,10.0
OO,MRY,-4.0
OO,PHX,8.0
OO,SLC,0.0
OO,FAT,0.0
OO,DTW,-10.0
OO,SFO,-1.0
OO,14747,-3.0
OO,LAX,-5.0
OO,ORD,-1.0
OO,MSP,-1.0
OO,PDX,3.0
OO,GFK,6.0
OO,ORD,8.0
OO,DEN,-5.0
OO,PHX,29.0
OO,IAH,-2.0
OO,PSP,-10.0
OO,12896,-10.0
OO,ATW,-7.0
OO,SLC,-11.0
OO,CLT,3.0
OO,ESC,0.0
OO,TUS,-11.0
OO,LAX,-9.0
OO,LAX,-9.0
OO,RNO,11.0
OO,LAX,28.0
OO,ASE,-3.0
OO,DEN,-3.0
OO,FSD,-1.0
OO,FWA,
OO,FAR,-13.0
OO,IAH,-4.0
OO,11097,4.0
OO,BFL,-8.0
OO,BFL,-11.0
OO,SFO,-3.0
OO,IAH,19.0
OO,ORD,-1.0
OO,CMH,0.0
OO,DSM,-11.0
OO,PDX,54.0
OO,LAX,-11.0
OO,DEN,-1.0
OO,ORD,70.0
OO,MSP,0.0
OO,PHX,
OO,SBN,17.0
OO,PHX,-6.0
OO,14771,-4.0
OO,11292,3.0
OO,PHX,-4.0
OO,FWA,0.0
OO,LAX,-7.0
OO,KTN,-9.0
OO,TUS,23.0
OO,CPR,-7.0
OO,FAT,-13.0
OO,SFO,-3.0
OO,DEN,166.0
OO,MSP,-4.0
OO,GEG,19.0
OO,MSP,-2.0
OO,PHX,-4.0
OO,TUL,0.0
OO,DEN,-6.0
OO,MSP,-5.0
OO,MKE,-10.0
OO,SFO,0.0
OO,11292,71.0
OO,SLC,-4.0
OO,PHX,-1.0
OO,PHX,15.0
OO,FAT,
OO,MSP,-5.0
OO,LAS,4.0
OO,DEN,23.0
OO,IAH,-4.0
OO,IAH,-2.0
OO,SMF,8.0
OO,DEN,-5.0
OO,SLC,135.0
OO,DTW,-6.0
OO,ATL,-4.0
OO,DSM,-10.0
OO,YUM,-18.0
OO,DFW,3.0
OO,LAX,-5.0
OO,PHX,-1.0
OO,SLC,-5.0
OO,14869,
OO,MKE,-16.0
OO,PHX,-3.0
OO,DEN,-5.0
OO,LAX,6.0
OO,SFO,-6.0
OO,SMF,-8.0
OO,PHX,1.0
OO,FWA,-4.0
OO,IAH,-9.0
OO,FAR,0.0
OO,DTW,-4.0
OO,SLC,-4.0
OO,DEN,34.0
OO,LAX,4.0
OO,MKE,-12.0
OO,ONT,40.0
OO,ORD,-3.0
OO,ORD,-1.0
OO,MSP,-5.0
OO,DEN,
OO,RDM,-1.0
OO,MSP,-3.0
OO,PSP,-4.0
OO,DTW,-5.0
OO,BUR,41.0
OO,SLC,-7.0
OO,FAT,-8.0
OO,ABE,-10.0
OO,DEN,-5.0
OO,SLC,-6.0
OO,15096,-6.0
OO,SBN,-16.0
OO,SFO,4.0
OO,MSP,72.0
OO,11292,-3.0
OO,JAC,-2.0
OO,IAH,0.0
OO,SLC,-4.0
OO,SLC,-7.0
OO,FAT,-13.0
OO,HLN,-11.0
OO,PHX,-14.0
OO,PHX,-4.0
OO,BFL,-2.0
OO,BIS,-13.0
OO,SFO,-10.0
OO,SFO,-2.0
OO,MSP,7.0
OO,CMX,42.0
OO,DFW,-7.0
OO,SFO,19.0
OO,HYS,0.0
OO,ORD,
OO,SLC,-7.0
OO,EUG,-10.0
OO,SLC,-6.0
OO,SLC,-9.0
OO,ATL,-12.0
OO,CHO,9.0
OO,SAN,0.0
OO,BOI,-4.0
OO,IDA,-8.0
OO,LAX,-3.0
OO,SEA,-1.0
OO,LAX,-5.0
OO,MSP,-1.0
OO,BUR,-4.0
OO,PHX,-4.0
OO,13851,-5.0
OO,SLC,2.0
OO,MSP,48.0
OO,SMF,-5.0
OO,GTF,-4.0
OO,14570,-5.0
OO,RDM,-9.0
OO,SFO,-5.0
OO,ORD,0.0
OO,YUM,0.0
OO,LIT,79.0
OO,SAN,31.0
OO,14262,-8.0
OO,PHX,-8.0
OO,SBP,-6.0
OO,MSP,5.0
OO,CVG,5.0
OO,SLC,-6.0
OO,SNA,-8.0
OO,SLC,-6.0
OO,MLI,-8.0
OO,ABQ,-17.0
OO,EAU,0.0
OO,13487,0.0
OO,LAX,21.0
OO,LAS,-7.0
OO,SAN,-10.0
OO,10849,-6.0
OO,LAX,37.0
OO,DEN,-7.0
OO,MKE,-6.0
OO,SLC,-1.0
OO,ORD,16.0
OO,DTW,37.0
OO,SLC,54.0
OO,GEG,-9.0
OO,LAX,2.0
OO,10693,67.0
OO,IAH,2.0
OO,IAH,-3.0
OO,BIS,7.0
OO,11823,-2.0
OO,MSP,-7.0
OO,SFO,-6.0
OO,OAK,-14.0
OO,SBA,5.0
OO,BUR,14.0
OO,PSC,-6.0
OO,DEN,-9.0
OO,ONT,-11.0
OO,PHX,201.0
OO,BFL,-9.0
OO,ORD,-6.0
OO,10713,-2.0
OO,DEN,7.0
OO,OKC,1.0
OO,SEA,-3.0
OO,ORD,
OO,BHM,21.0
OO,SLC,-8.0
OO,ORD,67.0
OO,EUG,-12.0
OO,MIA,-10.0
OO,DTW,-2.0
OO,ORD,0.0
OO,ORD,24.0
OO,GRR,-7.0
OO,PHX,
OO,ONT,-9.0
OO,SEA,23.0
OO,DLH,10.0
OO,LAX,6.0
OO,FCA,-3.0
OO,DEN,104.0
OO,ICT,-7.0
OO,RDM,72.0
OO,IAH,-2.0
OO,SEA,-2.0
OO,MSP,-10.0
OO,11292,-4.0
OO,SFO,-6.0
OO,OAK,165.0
OO,DFW,26.0
OO,PHX,-5.0
OO,HLN,-7.0
OO,IND,-4.0
OO,SAN,0.0
OO,DSM,-5.0
OO,FLG,0.0
OO,SLC,1.0
OO,LAX,-8.0
OO,PHX,-6.0
OO,ORD,7.0
OO,SAN,-8.0
OO,SLC,-11.0
OO,ORD,123.0
OO,MSP,-5.0
OO,SFO,-10.0
OO,15376,-10.0
OO,PSC,-11.0
OO,11267,-4.0
OO,ORD,2.0
OO,DFW,0.0
OO,FWA,-3.0
OO,PSP,-4.0
OO,11603,-6.0
OO,MSP,4.0
OO,GEG,-23.0
OO,DTW,-5.0
OO,SEA,-4.0
OO,ORD,-5.0
OO,SFO,10.0
OO,SLC,-8.0
OO,11122,-3.0
OO,ORD,11.0
OO,MSO,2.0
OO,DEN,-2.0
OO,ORD,-4.0
OO,AUS,34.0
OO,MAF,-16.0
OO,EUG,-6.0
OO,ICT,91.0
OO,MSP,7.0
OO,COS,0.0
OO,LAS,-2.0
OO,DRO,0.0
OO,ORD,-3.0
OO,SLC,-6.0
OO,DFW,-1.0
OO,LAX,-2.0
OO,13487,0.0
OO,TUL,24.0
OO,ATW,-2.0
OO,IAH,45.0
OO,11433,-3.0
OO,PDX,-7.0
OO,SFO,-10.0
OO,SLC,66.0
OO,13485,-7.0
OO,OAK,32.0
OO,MKE,-6.0
OO,IAH,39.0
OO,HLN,2.0
OO,MCI,6.0
OO,SFO,-4.0
OO,LAX,-2.0
OO,10431,71.0
OO,SFO,-2.0
OO,DTW,-5.0
OO,DEN,-6.0
OO,SLC,-8.0
OO,SLC,-6.0
OO,RKS,-3.0
OO,LAX,-7.0
OO,SLC,38.0
OO,JAC,-5.0
OO,13930,4.0
OO,SEA,-3.0
OO,PHX,122.0
OO,MSP,12.0
OO,DEN,-5.0
OO,LAX,-4.0
OO,SMF,44.0
OO,ATL,-5.0
OO,DEN,-5.0
OO,ORD,-7.0
OO,LAS,-9.0
OO,ORD,-8.0
OO,RHI,-10.0
OO,BFL,-9.0
OO,IAH,-5.0
OO,SEA,-6.0
OO,13891,114.0
OO,DEN,-4.0
OO,DEN,22.0
OO,DEN,-3.0
OO,ORD,-7.0
OO,HLN,-3.0
OO,LAX,-4.0
OO,SLC,-7.0
OO,DEN,27.0
OO,AMA,-2.0
OO,MFR,-5.0
OO,IMT,-10.0
OO,SFO,11.0
OO,FAT,30.0
OO,CLE,-8.0
OO,MSP,-4.0
OO,RDM,-14.0
OO,SFO,2.0
OO,SAN,-5.0
OO,MKE,-12.0
OO,SLC,22.0
OO,DEN,3.0
OO,MSP,-4.0
OO,GRR,-8.0
OO,MSP,-2.0
OO,PHX,-1.0
OO,COD,-13.0
OO,ORD,-2.0
OO,ISN,-8.0
OO,SFO,-4.0
OO,11298,-7.0
OO,LAX,77.0
OO,DFW,38.0
OO,IAH,-3.0
OO,SLC,-7.0
OO,ELP,-10.0
OO,XNA,140.0
OO,IAH,-4.0
OO,GJT,-10.0
OO,IAH,-3.0
OO,LAX,-10.0
OO,OKC,15.0
OO,TUS,-1.0
OO,SBA,4.0
OO,MSY,
OO,14869,-3.0
OO,SFO,-5.0
OO,CVG,-11.0
OO,SEA,-5.0
OO,COS,47.0
OO,PIH,-15.0
OO,FAR,-8.0
OO,DEN,5.0
OO,11447,5.0
OO,BHM,0.0
OO,LNK,-4.0
OO,LAX,-2.0
OO,MDW,-2.0
OO,ORD,-2.0
OO,SFO,9.0
OO,PHX,-4.0
OO,IAH,-1.0
OO,14869,25.0
OO,CPR,-5.0
OO,ABQ,-1.0
OO,SEA,-2.0
OO,JMS,-4.0
OO,GEG,-6.0
OO,OAK,-3.0
OO,VEL,-6.0
OO,DEN,20.0
OO,COS,-4.0
OO,PDX,52.0
OO,SFO,-7.0
OO,JAC,126.0
OO,SAT,-5.0
OO,PSP,41.0
OO,13476,60.0
OO,14683,27.0
OO,OAK,70.0
OO,LAX,21.0
OO,ORD,3.0
OO,BOI,38.0
OO,14747,7.0
OO,PDX,-2.0
OO,LAX,7.0
OO,BOI,-1.0
OO,RHI,-9.0
OO,GEG,0.0
OO,SFO,-7.0
OO,CMH,-7.0
OO,DVL,-4.0
OO,13930,-5.0
OO,DTW,16.0
OO,BNA,-7.0
OO,OMA,43.0
OO,SFO,11.0
OO,ELP,5.0
OO,EUG,96.0
OO,TUS,
OO,PSP,-11.0
OO,IMT,-3.0
OO,LAX,-1.0
OO,LAX,-1.0
OO,SLC,-6.0
OO,PHX,-5.0
OO,DEN,-15.0
OO,PHX,-8.0
OO,COS,-10.0
OO,ONT,-3.0
OO,SLC,-5.0
OO,12266,-7.0
OO,ORD,19.0
OO,LAX,-5.0
OO,LAX,-4.0
OO,14108,-12.0
OO,SLC,13.0
OO,11109,-2.0
OO,IAH,-3.0
OO,SGU,1.0
OO,ONT,-2.0
OO,PHX,-5.0
OO,LAX,-6.0
OO,DEN,27.0
OO,13930,-4.0
OO,SBA,-7.0
OO,DFW,50.0
OO,12892,16.0
OO,ASE,34.0
OO,ORD,-2.0
OO,FAT,26.0
OO,YUM,14.0
OO,SAN,2.0
OO,PHX,0.0
OO,LAX,-6.0
OO,13433,0.0
OO,14107,-2.0
OO,FAT,0.0
OO,MBS,1.0
OO,SLC,-1.0
OO,IAH,-9.0
OO,ORD,-1.0
OO,DEN,77.0
OO,PUB,-10.0
OO,OMA,146.0
OO,14107,-4.0
OO,DEN,-6.0
OO,ASE,39.0
OO,SBA,39.0
OO,GRB,-8.0
OO,13487,12.0
OO,MSP,-5.0
OO,SBN,4.0
OO,ABQ,168.0
OO,LAX,0.0
OO,PSP,-9.0
OO,IAH,-6.0
OO,OKC,-4.0
OO,SFO,0.0
OO,PHX,-7.0
OO,MSP,4.0
OO,11433,1.0
OO,FAT,-6.0
OO,MSP,-5.0
OO,FAT,33.0
OO,SBP,-5.0
OO,LAX,12.0
OO,SFO,3.0
OO,ORD,-3.0
OO,ORD,
OO,LAX,2.0
OO,11122,-7.0
OO,CEC,-1.0
OO,CMX,-13.0
OO,FAT,-10.0
OO,SFO,12.0
OO,ATL,48.0
OO,11433,-7.0
OO,FLG,9.0
OO,12266,-2.0
OO,LAX,-1.0
OO,SEA,-5.0
OO,EUG,27.0
OO,BNA,-9.0
OO,FLG,-9.0
OO,SLC,-2.0
OO,LAS,-4.0
OO,IAH,-4.0
OO,BOI,-4.0
OO,DLH,0.0
OO,FAT,-5.0
OO,11003,-10.0
OO,LAX,86.0
OO,BJI,-10.0
OO,DEN,23.0
OO,15016,0.0
OO,SLC,1.0
OO,13930,-7.0
OO,GEG,-1.0
OO,MOT,82.0
OO,COD,-7.0
OO,ABR,32.0
OO,SMF,-5.0
OO,TUS,42.0
OO,TUL,65.0
OO,MSP,-4.0
OO,ORD,59.0
OO,ORD,135.0
OO,IAH,-2.0
OO,LAX,-3.0
OO,RKS,120.0
OO,BZN,-4.0
OO,15016,-5.0
OO,12892,49.0
OO,CPR,-4.0
OO,PHX,-4.0
OO,SEA,-9.0
OO,SFO,-3.0
OO,SBA,-5.0
OO,SEA,-11.0
OO,ABQ,20.0
OO,FAT,-6.0
OO,ATL,-3.0
OO,IAH,-5.0
OO,GEG,-3.0
OO,BHM,0.0
OO,DLH,-4.0
OO,SBN,-10.0
OO,SBA,-16.0
OO,LAX,-7.0
OO,GJT,-13.0
OO,FAT,-4.0
OO,SLC,8.0
OO,MSO,-6.0
OO,14107,-10.0
OO,SMF,0.0
OO,AUS,8.0
OO,SLC,-2.0
OO,BIL,-12.0
OO,MSO,-2.0
OO,11292,35.0
OO,VEL,-13.0
OO,SFO,-10.0
OO,PHX,189.0
OO,SBN,-2.0
OO,FAT,-2.0
OO,DEN,20.0
OO,LAS,-8.0
OO,IAH,-1.0
OO,COS,0.0
OO,13930,39.0
OO,COS,-5.0
OO,PIA,-8.0
OO,SEA,-5.0
OO,FAT,-3.0
OO,BFL,-7.0
OO,SLC,0.0
OO,ORD,-6.0
OO,ORD,-1.0
OO,FAT,24.0
OO,SBA,-17.0
OO,LWS,-1.0
OO,BOI,147.0
OO,EUG,-2.0
OO,EUG,-5.0
OO,ORD,-1.0
OO,MSP,-9.0
OO,TUS,33.0
OO,DEN,17.0
OO,CHS,19.0
OO,CID,254.0
OO,PHX,-6.0
OO,13344,-11.0
OO,ACV,73.0
OO,SBN,-3.0
OO,MLI,-10.0
OO,SFO,-9.0
OO,DEN,70.0
OO,PHX,-7.0
OO,14107,-11.0
OO,DRO,0.0
OO,SGU,-6.0
OO,DFW,-4.0
OO,10713,-10.0
OO,PHX,-5.0
OO,MCI,-7.0
OO,DEN,4.0
OO,SFO,-7.0
OO,IAH,-11.0
OO,GRB,-4.0
OO,SLC,-6.0
OO,SLC,-6.0
OO,13930,-3.0
OO,MSP,8.0
OO,SLC,-1.0
OO,ORD,15.0
OO,PSP,-6.0
OO,SFO,12.0
OO,CEC,-13.0
OO,SLC,0.0
OO,SBA,-3.0
OO,ELP,-11.0
OO,SJC,-4.0
OO,BOI,-4.0
OO,GEG,-6.0
OO,PHX,-2.0
OO,ATL,-7.0
OO,MSP,-1.0
OO,SFO,3.0
OO,14869,-2.0
OO,PHX,-8.0
OO,DTW,-5.0
OO,MSP,0.0
OO,DEN,29.0
OO,FAT,-1.0
OO,LAX,42.0
OO,MOT,-4.0
OO,LAX,-3.0
OO,LAX,7.0
OO,PSP,55.0
OO,ASE,-5.0
OO,13487,-3.0
OO,SLC,-6.0
OO,LAX,-7.0
OO,SFO,-8.0
OO,DSM,-8.0
OO,LWS,-3.0
OO,14771,27.0
OO,MRY,23.0
OO,SFO,-8.0
OO,EUG,-12.0
OO,SLC,-1.0
OO,RST,45.0
OO,SLC,-5.0
OO,SFO,-3.0
OO,FLG,-11.0
OO,ACV,-9.0
OO,SLC,-6.0
OO,PHX,-6.0
OO,SEA,-5.0
OO,DVL,-12.0
OO,14771,-5.0
OO,HLN,-6.0
OO,SLC,-4.0
OO,MKE,-1.0
OO,SUN,3.0
OO,GRR,-2.0
OO,SFO,3.0
OO,SLC,-5.0
OO,SLC,-8.0
OO,STL,30.0
OO,MSP,-5.0
OO,SLC,-10.0
OO,ORD,-3.0
OO,TUS,-8.0
OO,LAX,1.0
OO,BIS,
OO,FAR,2.0
OO,FAT,18.0
OO,ASE,-9.0
OO,DEN,-10.0
OO,SNA,36.0
OO,SLC,27.0
OO,MSP,47.0
OO,ORD,-2.0
OO,DCA,-7.0
OO,SLC,110.0
OO,DTW,-4.0
OO,IAH,-3.0
OO,MSP,-5.0
OO,PHX,-4.0
OO,ABQ,-10.0
OO,SEA,-4.0
OO,SLC,-6.0
OO,OTH,2.0
OO,DEN,-3.0
OO,OKC,-11.0
OO,TUL,50.0
OO,DEN,3.0
OO,RDM,
OO,MSP,95.0
OO,OKC,25.0
OO,ONT,-8.0
OO,MSP,-5.0
OO,ACV,-9.0
OO,11292,16.0
OO,YUM,-8.0
OO,MKE,-3.0
OO,BOI,-11.0
OO,BUR,-12.0
OO,SLC,-1.0
OO,RDD,-15.0
OO,GCC,0.0
OO,OTH,-12.0
OO,SFO,0.0
OO,BJI,-4.0
OO,CRP,-11.0
OO,PHX,-8.0
OO,SFO,-7.0
OO,SLC,-3.0
OO,MSO,29.0
OO,SLC,-7.0
OO,PHX,86.0
OO,SEA,-7.0
OO,15096,-1.0
OO,MMH,96.0
OO,SLC,-7.0
OO,SLC,-5.0
OO,LAX,-8.0
OO,LAX,-8.0
OO,SFO,-1.0
OO,LAX,-1.0
OO,PHX,88.0
OO,MDW,0.0
OO,ATL,9.0
OO,14869,-4.0
OO,SJC,7.0
OO,CID,-8.0
OO,13433,-15.0
OO,LNK,-11.0
OO,14696,-9.0
OO,RAP,20.0
OO,ORD,36.0
OO,IDA,-8.0
OO,IAH,-2.0
OO,DTW,-3.0
OO,SLC,64.0
OO,MSP,-6.0
OO,ELP,0.0
OO,FAT,142.0
OO,FAT,-3.0
OO,MSP,-4.0
OO,ISN,-7.0
OO,SFO,47.0
OO,DEN,-2.0
OO,SAN,-7.0
OO,13487,-3.0
OO,DEN,6.0
OO,AZO,-12.0
OO,SLC,-20.0
OO,EUG,-4.0
OO,14771,5.0
OO,IAH,76.0
OO,11977,-6.0
OO,LAX,-1.0
OO,CMH,-6.0
OO,LAX,-7.0
OO,LAX,7.0
OO,11292,-4.0
OO,DEN,104.0
OO,PHX,4.0
OO,SNA,-4.0
OO,LBB,-12.0
OO,11471,-1.0
OO,SLC,-5.0
OO,PHX,18.0
OO,DFW,-11.0
OO,IAH,35.0
OO,SLC,-7.0
OO,ORD,43.0
OO,13891,14.0
OO,SMF,-6.0
OO,BTM,-4.0
OO,SLC,-5.0
OO,SLC,-4.0
OO,DEN,9.0
OO,SAN,-10.0
OO,DTW,-2.0
OO,LAX,
OO,ASE,70.0
OO,SAT,
OO,FSD,41.0
OO,SBA,52.0
OO,SMF,36.0
OO,SLC,-3.0
OO,GEG,-4.0
OO,SGU,-6.0
OO,10397,-3.0
OO,PIA,-1.0
OO,ORD,54.0
OO,SNA,11.0
OO,SLC,-8.0
OO,12892,1.0
OO,SLC,7.0
OO,DTW,-8.0
OO,STL,21.0
OO,12339,-3.0
OO,LAX,26.0
OO,14869,4.0
OO,DEN,-10.0
OO,ORD,-5.0
OO,MMH,-9.0
OO,LAX,-1.0
OO,SAN,33.0
OO,IAH,3.0
OO,DEN,-6.0
OO,11292,-12.0
OO,MKE,27.0
OO,BIS,-8.0
OO,RAP,-2.0
OO,LAX,15.0
OO,LAX,-10.0
OO,SEA,-8.0
OO,LAX,-7.0
OO,DTW,1.0
OO,12280,-8.0
OO,LAX,-8.0
OO,ORD,-5.0
OO,LAX,-5.0
OO,13930,4.0
OO,SPI,-1.0
OO,ORD,-7.0
OO,14698,-7.0
OO,SFO,17.0
OO,12892,19.0
OO,PSP,-9.0
OO,IAH,10.0
OO,PHX,-7.0
OO,SFO,-10.0
OO,PDX,-8.0
OO,DEN,0.0
OO,STL,-10.0
OO,RNO,-10.0
OO,PAH,0.0
OO,ATL,0.0
OO,DSM,-7.0
NK,IAH,19.0
NK,LAX,22.0
NK,BOS,-13.0
NK,MCO,-10.0
NK,IAH,-4.0
NK,IAH,
NK,15304,-17.0
NK,FLL,-1.0
NK,PBI,19.0
NK,FLL,14.0
NK,DEN,34.0
NK,DFW,2.0
NK,LAS,2.0
NK,SAN,-4.0
NK,LAS,-2.0
NK,13204,-4.0
NK,11697,-8.0
NK,CLE,-6.0
NK,BOS,-4.0
NK,TPA,-5.0
NK,13930,11.0
NK,12266,-9.0
NK,FLL,6.0
NK,FLL,-3.0
NK,MYR,
NK,ORD,12.0
NK,FLL,22.0
NK,ORD,-8.0
NK,BOS,17.0
NK,LAX,24.0
NK,TPA,-3.0
NK,SAN,57.0
NK,13487,-6.0
NK,MCO,-6.0
NK,MCO,221.0
NK,FLL,9.0
NK,MSP,197.0
NK,11433,1.0
NK,LAS,21.0
NK,LGA,-1.0
NK,FLL,69.0
NK,PDX,-5.0
NK,RSW,-8.0
NK,13487,-5.0
NK,MSY,-4.0
NK,ORD,114.0
NK,FLL,0.0
NK,CLE,131.0
NK,DFW,1.0
NK,CLE,66.0
NK,IAH,25.0
NK,SAN,-5.0
NK,IAH,11.0
NK,DTW,16.0
NK,ACY,-4.0
NK,OAK,1.0
NK,14679,-4.0
NK,FLL,-8.0
NK,DFW,2.0
NK,FLL,-1.0
NK,FLL,-5.0
NK,DFW,-4.0
NK,MSP,45.0
NK,LAS,62.0
NK,MCO,22.0
NK,DFW,-5.0
NK,ATL,40.0
NK,ATL,-2.0
NK,ATL,-2.0
NK,DFW,-3.0
NK,ACY,38.0
NK,DFW,-7.0
NK,MCO,169.0
NK,MSY,-11.0
NK,DFW,-2.0
NK,MSP,-9.0
NK,DEN,0.0
NK,11697,-2.0
NK,DEN,25.0
NK,RSW,-4.0
NK,ORD,-10.0
NK,IAH,125.0
NK,ORD,1.0
NK,ACY,-6.0
NK,DFW,1.0
NK,LAS,13.0
NK,FLL,33.0
NK,FLL,-8.0
NK,ATL,-3.0
NK,LGA,4.0
NK,MCI,70.0
NK,FLL,0.0
NK,MYR,-6.0
NK,13930,13.0
NK,10158,-7.0
NK,13930,-8.0
NK,12892,-5.0
NK,BOS,-2.0
NK,ATL,-4.0
NK,DFW,-5.0
NK,IAH,-3.0
NK,MYR,-8.0
NK,PHL,-4.0
NK,SAN,-3.0
NK,DTW,0.0
NK,FLL,75.0
NK,LGA,-19.0
NK,LAS,-9.0
NK,RSW,10.0
NK,LAX,6.0
NK,DEN,17.0
NK,LAS,-8.0
NK,FLL,40.0
NK,MCO,-8.0
NK,IAH,-4.0
NK,MSP,8.0
NK,MCO,-7.0
NK,ACY,-9.0
NK,LGA,-5.0
NK,LAX,-3.0
NK,FLL,-4.0
NK,MYR,-5.0
NK,14679,-3.0
NK,FLL,1.0
NK,LBE,-6.0
NK,13198,-13.0
NK,IAH,0.0
NK,SAN,-6.0
NK,DTW,-4.0
NK,DTW,11.0
NK,MSY,105.0
NK,IAH,242.0
NK,BWI,4.0
NK,ORD,-4.0
NK,ACY,-9.0
NK,DFW,32.0
NK,MSP,-3.0
NK,MSY,-3.0
NK,ORD,-1.0
NK,ATL,7.0
NK,BWI,13.0
NK,ORD,42.0
NK,12953,48.0
NK,FLL,-2.0
NK,ACY,-9.0
NK,MCO,-6.0
NK,14679,-2.0
NK,ATL,1.0
NK,ATL,-2.0
NK,DFW,-1.0
NK,LAX,-5.0
NK,DFW,-6.0
NK,DFW,-3.0
NK,OAK,-2.0
NK,PHX,-5.0
NK,MSY,63.0
NK,DTW,-4.0
NK,FLL,-2.0
NK,MYR,83.0
NK,MSP,33.0
NK,FLL,-11.0
NK,11292,-4.0
NK,DEN,-9.0
NK,ORD,1.0
NK,CLE,-4.0
NK,LAX,-6.0
NK,FLL,7.0
NK,LAS,76.0
NK,TPA,7.0
NK,OAK,-4.0
NK,ATL,0.0
NK,ATL,-3.0
NK,SAN,-2.0
NK,LAX,-2.0
NK,BWI,21.0
NK,12266,-8.0
NK,CLE,55.0
NK,CLE,-6.0
NK,DEN,45.0
NK,IAH,-9.0
NK,IAH,41.0
NK,DFW,60.0
NK,DFW,-7.0
NK,ORD,116.0
NK,ATL,24.0
NK,BWI,-3.0
NK,ORD,96.0
NK,ORD,2.0
NK,PBI,5.0
NK,TPA,-6.0
NK,ACY,1.0
NK,LAS,5.0
NK,FLL,-2.0
NK,LAS,0.0
NK,FLL,4.0
NK,DFW,6.0
NK,FLL,-7.0
NK,MYR,-10.0
NK,ATL,55.0
NK,MSP,55.0
NK,BWI,-3.0
NK,MCO,-1.0
MQ,BUF,
MQ,11618,
MQ,ORD,29.0
MQ,DSM,47.0
MQ,ORD,-1.0
MQ,ORD,-3.0
MQ,ABI,-9.0
MQ,GRR,-7.0
MQ,14783,-8.0
MQ,DFW,-5.0
MQ,TUL,-11.0
MQ,DFW,0.0
MQ,12448,-7.0
MQ,DFW,-3.0
MQ,14108,-8.0
MQ,FWA,0.0
MQ,CMH,-4.0
MQ,ORD,0.0
MQ,14108,-5.0
MQ,CLL,-13.0
MQ,MLI,-3.0
MQ,CID,-8.0
MQ,10821,-7.0
MQ,ORD,-7.0
MQ,HPN,22.0
MQ,DFW,-3.0
MQ,ORD,3.0
MQ,MSN,36.0
MQ,ORD,-4.0
MQ,DFW,51.0
MQ,LAW,-7.0
MQ,13367,-10.0
MQ,ORD,-5.0
MQ,ORD,70.0
MQ,DFW,-5.0
MQ,ORD,48.0
MQ,OKC,91.0
MQ,SGF,-3.0
MQ,XNA,17.0
MQ,ORD,0.0
MQ,BNA,107.0
MQ,ORD,17.0
MQ,SDF,-5.0
MQ,LAW,78.0
MQ,XNA,53.0
MQ,HOU,-8.0
MQ,ORD,-3.0
MQ,DFW,-3.0
MQ,DFW,
MQ,ORD,-5.0
MQ,DTW,-4.0
MQ,DSM,-11.0
MQ,ORD,12.0
MQ,DFW,-3.0
MQ,DFW,-8.0
MQ,OKC,-6.0
MQ,DFW,0.0
MQ,BNA,
MQ,DFW,70.0
MQ,ORD,-2.0
MQ,JFK,-4.0
MQ,DFW,-5.0
MQ,DTW,5.0
MQ,RIC,-7.0
MQ,DFW,14.0
MQ,SAV,-3.0
MQ,AZO,-8.0
MQ,DFW,-5.0
MQ,DFW,-1.0
MQ,SYR,-2.0
MQ,AZO,-5.0
MQ,ORD,1.0
MQ,ORD,-6.0
MQ,RIC,-4.0
MQ,13930,-2.0
MQ,DFW,-1.0
MQ,DFW,-5.0
MQ,GRR,-9.0
MQ,DFW,-4.0
MQ,CVG,-2.0
MQ,AMA,-1.0
MQ,MEM,132.0
MQ,MGM,-7.0
MQ,ORD,-1.0
MQ,DFW,13.0
MQ,MEM,
MQ,ORD,-7.0
MQ,GRR,-2.0
MQ,ORD,
MQ,BNA,80.0
MQ,TYS,-3.0
MQ,SJT,-8.0
MQ,TOL,4.0
MQ,ORD,-2.0
MQ,ORD,101.0
MQ,DFW,-2.0
MQ,BIS,0.0
MQ,MSP,6.0
MQ,DFW,56.0
MQ,MOB,-8.0
MQ,ORD,12.0
MQ,ORD,-2.0
MQ,GRI,-1.0
MQ,CID,
MQ,LIT,-7.0
MQ,FAR,-9.0
MQ,LRD,8.0
MQ,DFW,20.0
MQ,DFW,-5.0
MQ,CLE,
MQ,AMA,4.0
MQ,DFW,-7.0
MQ,STL,108.0
MQ,SDF,-4.0
MQ,LCH,-6.0
MQ,SPS,-6.0
MQ,ORD,11.0
MQ,14524,28.0
MQ,GSO,16.0
MQ,DFW,-4.0
MQ,DFW,-6.0
MQ,EYW,-2.0
MQ,CID,-9.0
MQ,RST,-7.0
MQ,DFW,16.0
MQ,DFW,-8.0
MQ,10627,-8.0
MQ,GSO,36.0
MQ,13930,0.0
MQ,ORD,54.0
MQ,DFW,2.0
MQ,DBQ,-7.0
MQ,JFK,
MQ,DFW,-5.0
MQ,ORD,-3.0
MQ,11986,-10.0
MQ,14674,-1.0
MQ,COU,10.0
MQ,CVG,23.0
MQ,LBB,2.0
MQ,13930,7.0
MQ,13367,-8.0
MQ,DFW,-2.0
MQ,PIA,-9.0
MQ,13303,9.0
MQ,PIA,-9.0
MQ,SPS,-8.0
MQ,ORD,
MQ,GRR,17.0
MQ,15380,150.0
MQ,DFW,-4.0
MQ,ORD,0.0
MQ,GRR,8.0
MQ,SPS,16.0
MQ,ORD,-1.0
MQ,MEM,-5.0
MQ,DFW,26.0
MQ,MAF,-7.0
MQ,ORD,-3.0
MQ,OKC,1.0
MQ,12339,11.0
MQ,ORD,111.0
MQ,SUX,-5.0
MQ,CLE,7.0
MQ,ORD,12.0
MQ,MHK,-5.0
MQ,BNA,-5.0
MQ,FWA,-5.0
MQ,LGA,
MQ,CWA,33.0
MQ,MIA,-6.0
MQ,TYS,22.0
MQ,MSN,-11.0
MQ,PIT,
MQ,LGA,0.0
MQ,MSN,-2.0
MQ,DFW,6.0
MQ,XNA,-7.0
MQ,MIA,
MQ,BNA,-1.0
MQ,CVG,-5.0
MQ,ATL,48.0
MQ,CMH,0.0
MQ,LSE,-5.0
MQ,ORD,10.0
MQ,DFW,3.0
MQ,ORD,-3.0
MQ,OKC,40.0
MQ,JFK,0.0
MQ,ORD,-3.0
MQ,13930,-3.0
MQ,CLL,-12.0
MQ,LRD,-5.0
MQ,13930,-3.0
MQ,ROC,-4.0
MQ,LGA,89.0
MQ,DFW,51.0
MQ,OKC,-5.0
MQ,XNA,-11.0
MQ,SJT,-8.0
MQ,ORD,-5.0
MQ,DFW,2.0
MQ,ORD,8.0
MQ,ORD,-7.0
MQ,DFW,0.0
MQ,CLE,117.0
MQ,ORD,4.0
MQ,ORD,-4.0
MQ,LGA,-6.0
MQ,DFW,-4.0
MQ,ORD,-6.0
MQ,XNA,0.0
MQ,AZO,-4.0
MQ,XNA,-4.0
MQ,ORD,-5.0
MQ,DFW,24.0
MQ,FAR,-3.0
MQ,LFT,-2.0
MQ,DFW,-6.0
MQ,PIA,74.0
MQ,ORD,-2.0
MQ,DFW,-5.0
MQ,MEM,-5.0
MQ,LGA,-3.0
MQ,ORD,-1.0
MQ,ORD,0.0
MQ,DFW,0.0
MQ,DFW,2.0
MQ,11267,-1.0
MQ,DFW,0.0
MQ,BNA,-5.0
MQ,SGF,-8.0
MQ,ORD,0.0
MQ,IND,-11.0
MQ,DFW,-4.0
MQ,LIT,-8.0
MQ,DFW,0.0
MQ,DFW,17.0
MQ,FAR,58.0
MQ,BNA,-7.0
MQ,ORD,25.0
MQ,BMI,-5.0
MQ,JFK,
MQ,CMH,-8.0
MQ,11980,-4.0
MQ,RIC,-3.0
MQ,ROC,
MQ,GRR,-7.0
MQ,DCA,
MQ,XNA,
MQ,BMI,-9.0
MQ,XNA,-6.0
MQ,DSM,-11.0
MQ,DTW,424.0
MQ,SAV,-6.0
MQ,DFW,-2.0
MQ,JFK,28.0
MQ,LFT,-5.0
MQ,CLL,
MQ,BIS,0.0
MQ,MQT,18.0
MQ,PIA,33.0
MQ,PIT,-7.0
MQ,LIT,-8.0
MQ,CHO,18.0
MQ,13930,-5.0
MQ,TYR,316.0
MQ,MSN,-7.0
MQ,LGA,40.0
MQ,CVG,-8.0
MQ,ORD,-3.0
MQ,ORD,42.0
MQ,MIA,-2.0
MQ,ORD,-1.0
MQ,IND,2.0
MQ,TOL,0.0
MQ,PNS,-8.0
MQ,ORD,30.0
MQ,TXK,2.0
MQ,ORD,9.0
MQ,GRI,-5.0
MQ,ORD,-3.0
MQ,AZO,-1.0
MQ,CHS,97.0
MQ,DTW,15.0
MQ,13851,1.0
MQ,CMI,-8.0
MQ,FWA,12.0
MQ,RAP,-10.0
MQ,15411,-11.0
MQ,BWI,-6.0
MQ,JFK,40.0
MQ,SAF,-8.0
MQ,11267,45.0
MQ,DFW,-6.0
MQ,ORD,196.0
MQ,GRK,34.0
MQ,TYS,-7.0
MQ,LFT,-7.0
MQ,LFT,8.0
MQ,XNA,-10.0
MQ,LGA,-7.0
MQ,ORD,-5.0
MQ,DFW,-3.0
MQ,DFW,-7.0
MQ,FNT,-2.0
MQ,XNA,-8.0
MQ,RIC,18.0
MQ,BDL,148.0
MQ,SDF,-5.0
MQ,DFW,56.0
MQ,13930,-2.0
MQ,DFW,88.0
MQ,MQT,-5.0
MQ,LAW,-5.0
MQ,XNA,94.0
MQ,GRK,-2.0
MQ,ORD,3.0
MQ,BNA,-8.0
MQ,DFW,39.0
MQ,DFW,-3.0
MQ,DFW,15.0
MQ,CMH,0.0
MQ,ORD,-1.0
MQ,DFW,-2.0
MQ,LGA,9.0
MQ,ORD,8.0
MQ,LGA,12.0
MQ,PIA,-7.0
MQ,GRR,-6.0
MQ,DFW,-5.0
MQ,DFW,-5.0
MQ,GRB,3.0
MQ,DAY,-7.0
MQ,BMI,
MQ,ORD,44.0
MQ,ORD,-7.0
MQ,DFW,115.0
MQ,DFW,137.0
MQ,11298,-1.0
MQ,DFW,
MQ,BIS,43.0
MQ,JAN,12.0
MQ,PIA,27.0
MQ,CID,-5.0
MQ,12448,-9.0
MQ,DFW,
MQ,DTW,70.0
MQ,ORD,-1.0
MQ,RDU,-5.0
MQ,DSM,
MQ,LFT,5.0
MQ,DFW,54.0
MQ,DFW,1.0
MQ,LFT,4.0
MQ,ORD,-1.0
MQ,TXK,0.0
MQ,XNA,-12.0
MQ,DFW,0.0
MQ,ABI,6.0
MQ,ICT,-2.0
MQ,GSP,-7.0
MQ,13930,-3.0
MQ,ORD,21.0
MQ,PIA,7.0
MQ,JFK,101.0
MQ,ABI,143.0
MQ,LGA,-3.0
MQ,COU,-1.0
MQ,ORD,24.0
MQ,CHS,130.0
MQ,DAY,5.0
MQ,ORD,-8.0
MQ,ROW,-9.0
MQ,DSM,-8.0
MQ,BMI,
MQ,CHS,0.0
MQ,LGA,-4.0
MQ,RDU,134.0
MQ,AMA,100.0
MQ,ORD,-3.0
MQ,FWA,-13.0
MQ,DFW,3.0
MQ,ORD,-2.0
MQ,10627,1.0
MQ,CVG,-11.0
MQ,ORD,6.0
MQ,EVV,4.0
MQ,ORD,-1.0
MQ,CID,-13.0
MQ,DFW,0.0
MQ,MIA,-7.0
MQ,ORD,
MQ,DFW,2.0
MQ,MEM,7.0
MQ,SAV,53.0
MQ,LGA,-10.0
MQ,12217,-7.0
MQ,13930,-3.0
MQ,DFW,-7.0
MQ,ORD,2.0
MQ,ORD,17.0
MQ,SAF,-12.0
MQ,15380,-10.0
MQ,LGA,-9.0
MQ,GRR,-7.0
MQ,LGA,50.0
MQ,CWA,-9.0
MQ,SGF,-8.0
MQ,ORD,90.0
MQ,ORD,70.0
MQ,DFW,69.0
MQ,TLH,-3.0
MQ,BWI,-8.0
MQ,DFW,-3.0
MQ,ORD,4.0
MQ,DFW,-6.0
MQ,11298,11.0
MQ,DFW,-8.0
MQ,ORD,27.0
MQ,ORD,0.0
MQ,CID,91.0
MQ,15919,-6.0
MQ,DFW,52.0
MQ,DSM,-6.0
MQ,LAW,
MQ,FAR,-7.0
MQ,ORD,-2.0
MQ,DFW,-4.0
MQ,CID,-5.0
MQ,ORD,-8.0
MQ,CID,177.0
MQ,DFW,-2.0
MQ,DFW,-6.0
MQ,CMI,-12.0
MQ,CVG,-7.0
MQ,ORD,-5.0
MQ,JFK,-4.0
MQ,ICT,-3.0
MQ,DFW,5.0
MQ,MDT,347.0
MQ,DFW,28.0
MQ,11433,3.0
MQ,ORD,-1.0
MQ,12951,-3.0
MQ,JFK,21.0
MQ,DFW,0.0
MQ,CMI,-5.0
MQ,IND,-9.0
MQ,11298,-5.0
MQ,ORD,8.0
MQ,DFW,-3.0
MQ,SPS,
MQ,GRK,349.0
MQ,XNA,21.0
MQ,GJT,-11.0
MQ,MLI,-4.0
MQ,ORD,25.0
MQ,ALO,-7.0
MQ,DFW,-1.0
MQ,FWA,-8.0
MQ,ELP,
MQ,ORD,-1.0
MQ,DFW,-4.0
MQ,CVG,-5.0
MQ,13930,15.0
MQ,GCK,-6.0
MQ,FWA,-8.0
MQ,CID,-5.0
MQ,SUX,-11.0
MQ,ORD,32.0
MQ,DFW,-2.0
MQ,ORD,
MQ,DFW,45.0
MQ,DFW,-1.0
MQ,CVG,-8.0
MQ,DSM,-6.0
MQ,SPS,37.0
MQ,OKC,32.0
MQ,ORD,-1.0
MQ,13930,-3.0
MQ,DFW,37.0
MQ,CMI,-5.0
MQ,OKC,
MQ,GNV,-13.0
MQ,AZO,-8.0
MQ,ORD,10.0
MQ,DFW,3.0
MQ,MAF,
MQ,AEX,4.0
MQ,MGM,-8.0
MQ,DFW,0.0
MQ,BWI,-5.0
MQ,11298,-5.0
MQ,13930,-3.0
MQ,CLE,79.0
MQ,PIT,208.0
MQ,LGA,164.0
HA,12173,-6.0
HA,HNL,-4.0
HA,SJC,-7.0
HA,HNL,0.0
HA,HNL,16.0
HA,ITO,-8.0
HA,OGG,-9.0
HA,OGG,-2.0
HA,OGG,12.0
HA,OGG,6.0
HA,PHX,111.0
HA,OGG,-5.0
HA,ITO,-1.0
HA,HNL,4.0
HA,HNL,5.0
HA,OGG,11.0
HA,12173,-6.0
HA,SJC,-1.0
HA,KOA,11.0
HA,SFO,961.0
HA,ITO,9.0
HA,KOA,-6.0
HA,KOA,-2.0
HA,HNL,-6.0
HA,KOA,-5.0
HA,12173,-6.0
HA,HNL,-5.0
HA,KOA,-8.0
HA,12173,-3.0
HA,HNL,6.0
HA,HNL,69.0
HA,HNL,-5.0
HA,HNL,-4.0
HA,HNL,-3.0
HA,HNL,-2.0
HA,HNL,-5.0
HA,HNL,16.0
HA,HNL,12.0
HA,LIH,1.0
HA,ITO,-17.0
HA,HNL,-7.0
HA,OGG,-10.0
HA,OGG,-12.0
HA,SEA,-3.0
HA,ITO,2.0
HA,HNL,0.0
HA,OGG,1.0
HA,ITO,8.0
HA,HNL,-8.0
HA,12982,-3.0
HA,HNL,-3.0
HA,ITO,5.0
HA,LIH,-4.0
HA,KOA,-7.0
HA,HNL,-1.0
HA,OGG,13.0
HA,HNL,-12.0
HA,OGG,-1.0
HA,HNL,-6.0
HA,HNL,-7.0
HA,12173,2.0
HA,ITO,-12.0
HA,ITO,-3.0
HA,HNL,7.0
HA,OGG,10.0
HA,HNL,11.0
HA,HNL,-7.0
HA,KOA,-4.0
HA,OGG,-3.0
HA,12982,-7.0
HA,PHX,3.0
HA,PDX,-6.0
HA,HNL,0.0
HA,HNL,-6.0
HA,HNL,25.0
HA,OGG,-7.0
HA,HNL,-3.0
HA,ITO,-12.0
HA,HNL,-5.0
HA,ITO,24.0
HA,HNL,-3.0
HA,HNL,-5.0
HA,HNL,-1.0
HA,KOA,-1.0
HA,HNL,-5.0
HA,HNL,-5.0
HA,HNL,0.0
HA,HNL,-6.0
HA,OGG,-9.0
HA,HNL,-4.0
HA,SEA,4.0
HA,HNL,-7.0
HA,PHX,-6.0
HA,PDX,5.0
HA,SFO,8.0
HA,HNL,-14.0
HA,HNL,6.0
HA,LAX,205.0
HA,OGG,-2.0
HA,OAK,19.0
HA,LIH,-7.0
HA,HNL,-3.0
HA,OGG,-6.0
HA,KOA,-1.0
HA,OGG,-7.0
HA,ITO,-8.0
HA,OGG,15.0
HA,OGG,26.0
HA,12758,-9.0
HA,OGG,-11.0
HA,HNL,-4.0
HA,KOA,-6.0
HA,HNL,0.0
HA,HNL,-4.0
HA,HNL,-5.0
HA,HNL,-3.0
HA,HNL,-7.0
HA,OGG,-8.0
HA,HNL,0.0
HA,HNL,3.0
HA,OGG,-8.0
HA,HNL,-5.0
HA,13830,-7.0
HA,LIH,-7.0
HA,HNL,-1.0
HA,ITO,-4.0
HA,12173,2.0
HA,HNL,-7.0
HA,HNL,-6.0
HA,12892,-4.0
HA,HNL,-6.0
HA,HNL,-4.0
HA,HNL,10.0
HA,HNL,-4.0
HA,SEA,-8.0
HA,HNL,-8.0
HA,13830,0.0
HA,HNL,-7.0
HA,HNL,-4.0
HA,LIH,9.0
HA,HNL,-2.0
HA,LAS,-1.0
HA,12758,-2.0
HA,OGG,-6.0
F9,ORD,-7.0
F9,SAN,-7.0
F9,DEN,14.0
F9,MCO,22.0
F9,MIA,17.0
F9,CLE,51.0
F9,14771,50.0
F9,LAS,103.0
F9,RDU,53.0
F9,DEN,-5.0
F9,PHX,9.0
F9,ORD,-9.0
F9,DEN,-10.0
F9,CVG,141.0
F9,RSW,45.0
F9,STL,1.0
F9,DEN,-10.0
F9,DEN,-7.0
F9,PHX,-13.0
F9,AUS,-5.0
F9,LAX,-5.0
F9,DEN,3.0
F9,SFO,-6.0
F9,DEN,-10.0
F9,PDX,25.0
F9,PHL,2.0
F9,MSY,0.0
F9,BNA,16.0
F9,MSP,-8.0
F9,ATL,0.0
F9,LAS,-4.0
F9,12266,-4.0
F9,LAS,7.0
F9,DEN,-3.0
F9,DFW,14.0
F9,SLC,23.0
F9,CLE,-5.0
F9,CVG,-5.0
F9,PHL,-1.0
F9,DEN,-5.0
F9,PHL,2.0
F9,DEN,-5.0
F9,SAN,-9.0
F9,PHL,31.0
F9,MIA,3.0
F9,PHX,8.0
F9,DEN,4.0
F9,DEN,0.0
F9,DEN,34.0
F9,11697,-8.0
F9,MCO,-9.0
F9,AUS,-4.0
F9,PHL,-3.0
F9,LAX,77.0
F9,MCO,-6.0
F9,FSD,-3.0
F9,ATL,190.0
F9,LAS,-3.0
F9,DEN,1.0
F9,SAN,-14.0
F9,RDU,95.0
F9,IAD,7.0
F9,DEN,-3.0
F9,11193,-5.0
F9,DEN,7.0
F9,IND,-8.0
F9,LAX,39.0
F9,PHL,68.0
F9,DEN,-4.0
F9,PHX,-10.0
F9,AUS,-9.0
F9,MIA,-5.0
F9,TTN,-4.0
F9,DEN,-6.0
F9,TPA,-8.0
F9,FLL,31.0
F9,DEN,-8.0
F9,PHL,43.0
F9,IAD,11.0
F9,ORD,9.0
F9,DEN,7.0
F9,MIA,22.0
F9,SEA,2.0
F9,MCO,-8.0
F9,MSY,-10.0
F9,DEN,-4.0
F9,PHX,26.0
F9,CLE,44.0
F9,CLE,-3.0
F9,MCO,-9.0
F9,LAS,4.0
F9,DEN,-7.0
F9,DEN,11.0
F9,ORD,-8.0
F9,DEN,-11.0
F9,AUS,-1.0
F9,ORD,5.0
F9,DEN,4.0
F9,TPA,1.0
F9,DEN,-5.0
F9,SLC,-12.0
F9,DEN,-1.0
F9,DEN,-12.0
F9,TPA,3.0
F9,SFO,153.0
F9,ORD,36.0
F9,LAS,-14.0
F9,DEN,-6.0
F9,BNA,-5.0
F9,DEN,14.0
F9,ATL,11.0
F9,IAH,1.0
F9,ORD,-4.0
F9,14869,-6.0
F9,TTN,2.0
F9,DEN,6.0
F9,ORD,48.0
F9,MSP,-7.0
F9,14100,252.0
F9,DEN,-1.0
F9,CVG,21.0
F9,MSP,127.0
F9,13930,-10.0
F9,DEN,-5.0
F9,LAS,-1.0
F9,LAS,-5.0
F9,10423,7.0
F9,DEN,-7.0
F9,RSW,-10.0
F9,AUS,-2.0
F9,ORD,15.0
F9,MCO,-6.0
F9,BNA,-6.0
F9,LAS,-9.0
F9,ORD,-6.0
F9,ATL,15.0
F9,ATL,-3.0
F9,DEN,-9.0
F9,DEN,-9.0
F9,LAS,-7.0
F9,SEA,-5.0
F9,SLC,-11.0
F9,DEN,-5.0
F9,SNA,24.0
F9,STL,-14.0
F9,PHX,-2.0
F9,SFO,18.0
F9,LAS,-4.0
F9,PHL,-4.0
F9,CLE,-8.0
F9,10397,-4.0
F9,MIA,-6.0
F9,SNA,-11.0
F9,CVG,-13.0
EV,IAH,-3.0
EV,OMA,-10.0
EV,CLE,-7.0
EV,ORD,-7.0
EV,TRI,11.0
EV,LEX,-8.0
EV,PHF,8.0
EV,LGA,83.0
EV,ABY,-8.0
EV,14685,-8.0
EV,LFT,-12.0
EV,ORD,13.0
EV,EWR,-7.0
EV,MAF,-8.0
EV,CAE,-5.0
EV,BTV,74.0
EV,ATL,145.0
EV,ATL,3.0
EV,MKE,-5.0
EV,ORD,-7.0
EV,ORD,-3.0
EV,13930,-6.0
EV,SCE,-5.0
EV,IAH,-2.0
EV,ABQ,-8.0
EV,EWR,9.0
EV,10397,-5.0
EV,ORD,126.0
EV,GSO,-1.0
EV,EWR,252.0
EV,CLT,-3.0
EV,12266,10.0
EV,ATL,152.0
EV,EWR,-5.0
EV,ORF,-9.0
EV,BPT,-9.0
EV,CRP,-7.0
EV,ATW,30.0
EV,EWR,
EV,ORD,-7.0
EV,DEN,29.0
EV,TRI,-4.0
EV,CLE,-4.0
EV,ATL,-3.0
EV,ATL,-1.0
EV,LFT,-1.0
EV,STL,72.0
EV,IAD,-6.0
EV,15016,-3.0
EV,ORD,-2.0
EV,CLE,-10.0
EV,10397,-9.0
EV,PIB,-15.0
EV,CLE,24.0
EV,LGA,-4.0
EV,ATL,30.0
EV,ATW,-8.0
EV,IAH,-2.0
EV,LFT,-10.0
EV,DFW,-7.0
EV,PNS,27.0
EV,EWR,-6.0
EV,MSY,-8.0
EV,DTW,14.0
EV,DCA,-5.0
EV,GSP,-9.0
EV,DTW,-3.0
EV,ORD,-11.0
EV,STL,59.0
EV,CLT,-1.0
EV,MEI,97.0
EV,CLT,-6.0
EV,IAH,-3.0
EV,IAH,-9.0
EV,ORD,4.0
EV,BTR,0.0
EV,PVD,-1.0
EV,MKE,-5.0
EV,ORD,-2.0
EV,DFW,-1.0
EV,RDU,
EV,EWR,-3.0
EV,CRP,-8.0
EV,DCA,-2.0
EV,DTW,-3.0
EV,DTW,-7.0
EV,EWR,11.0
EV,11433,-9.0
EV,IAH,-5.0
EV,CAK,8.0
EV,IAH,-6.0
EV,LIT,-12.0
EV,ORD,-2.0
EV,CRW,0.0
EV,ATL,9.0
EV,LEX,-13.0
EV,IAH,2.0
EV,DFW,-4.0
EV,SDF,-9.0
EV,HSV,-4.0
EV,LEX,-9.0
EV,LGA,-3.0
EV,DTW,-2.0
EV,ATL,0.0
EV,ORD,-2.0
EV,DFW,-9.0
EV,CAE,-9.0
EV,ORD,-3.0
EV,MAF,-1.0
EV,MOB,-7.0
EV,ROC,-2.0
EV,BTR,-11.0
EV,IAH,0.0
EV,EWR,18.0
EV,OKC,2.0
EV,EWR,23.0
EV,TRI,-7.0
EV,ORD,-4.0
EV,ATL,-6.0
EV,DFW,6.0
EV,GJT,-7.0
EV,IAH,-7.0
EV,MGM,-5.0
EV,CLT,-5.0
EV,IAH,-7.0
EV,SHV,-8.0
EV,BRO,-13.0
EV,MKE,-12.0
EV,ATL,-3.0
EV,13577,-5.0
EV,CLE,-6.0
EV,BTR,-10.0
EV,IAH,-3.0
EV,ATL,-8.0
EV,EWR,-12.0
EV,DEN,-4.0
EV,ATL,41.0
EV,EWR,12.0
EV,CAE,-4.0
EV,10781,155.0
EV,10994,-12.0
EV,DTW,-5.0
EV,IAH,-6.0
EV,ATL,-3.0
EV,DFW,-7.0
EV,IAH,-4.0
EV,SHV,-8.0
EV,LGA,-11.0
EV,GUC,-18.0
EV,ATL,136.0
EV,EWR,0.0
EV,IAH,-3.0
EV,EWR,55.0
EV,CHO,-4.0
EV,EWR,33.0
EV,ATL,-8.0
EV,13485,102.0
EV,ATL,116.0
EV,10397,37.0
EV,10728,11.0
EV,MLU,-10.0
EV,DTW,-3.0
EV,SAV,0.0
EV,DEN,-8.0
EV,AGS,-10.0
EV,ORD,124.0
EV,IAH,145.0
EV,DTW,-3.0
EV,SHV,-9.0
EV,MSP,-4.0
EV,EWR,-4.0
EV,ORD,2.0
EV,CAK,-10.0
EV,11618,-4.0
EV,ATL,-3.0
EV,BHM,-4.0
EV,CLE,25.0
EV,GRK,-5.0
EV,EWR,-3.0
EV,12266,66.0
EV,EWR,
EV,JAN,12.0
EV,IAH,-10.0
EV,11042,-3.0
EV,IAH,-8.0
EV,DTW,-6.0
EV,13930,-1.0
EV,ICT,2.0
EV,DTW,44.0
EV,DFW,-2.0
EV,LBB,-5.0
EV,IAH,16.0
EV,LRD,2.0
EV,EYW,-7.0
EV,CAE,-5.0
EV,ATL,5.0
EV,MHT,-7.0
EV,ATL,-2.0
EV,MGM,-2.0
EV,BOS,-2.0
EV,10980,-3.0
EV,13930,-10.0
EV,ORD,27.0
EV,12951,-3.0
EV,XNA,-7.0
EV,EWR,
EV,EWR,-7.0
EV,MKE,
EV,SAV,-16.0
EV,ATL,50.0
EV,ORD,1.0
EV,SCE,-10.0
EV,IAH,-4.0
EV,DFW,-5.0
EV,EWR,-5.0
EV,ATL,13.0
EV,CLE,-3.0
EV,GRK,-1.0
EV,EWR,0.0
EV,VPS,107.0
EV,ORD,133.0
EV,EWR,-7.0
EV,GPT,-6.0
EV,ATL,-3.0
EV,IAH,-10.0
EV,DFW,25.0
EV,LFT,-4.0
EV,BNA,
EV,IND,64.0
EV,CLE,50.0
EV,PHF,-5.0
EV,ORD,-7.0
EV,ATL,0.0
EV,IAH,-5.0
EV,DTW,10.0
EV,TYR,-3.0
EV,MGM,3.0
EV,12266,-1.0
EV,BDL,64.0
EV,GSO,6.0
EV,ORD,-3.0
EV,GRK,-5.0
EV,BWI,37.0
EV,ORD,17.0
EV,13930,1.0
EV,ABE,-5.0
EV,ATL,-3.0
EV,BTR,-7.0
EV,ATL,-4.0
EV,DFW,-4.0
EV,ATL,89.0
EV,XNA,-7.0
EV,DTW,-5.0
EV,DTW,-4.0
EV,ATL,23.0
EV,IAH,26.0
EV,ATW,-7.0
EV,SPI,8.0
EV,EWR,-7.0
EV,ATL,-2.0
EV,LRD,-8.0
EV,LRD,-7.0
EV,LCH,-13.0
EV,ORD,20.0
EV,SHV,-10.0
EV,TVC,-19.0
EV,IAH,1.0
EV,GJT,-9.0
EV,OMA,5.0
EV,DFW,-4.0
EV,10397,-4.0
EV,EWR,-1.0
EV,13198,-8.0
EV,DFW,0.0
EV,SHV,-12.0
EV,DTW,-8.0
EV,MSN,-2.0
EV,ATL,-5.0
EV,13485,-7.0
EV,DTW,-1.0
EV,ATL,-3.0
EV,RDU,30.0
EV,BQK,0.0
EV,EWR,-5.0
EV,OKC,-8.0
EV,DFW,-2.0
EV,ORD,-5.0
EV,MGM,2.0
EV,ORD,-4.0
EV,15412,-4.0
EV,ORD,11.0
EV,XNA,133.0
EV,EWR,-2.0
EV,EWR,-9.0
EV,12266,-1.0
EV,DFW,-4.0
EV,ATL,-6.0
EV,DTW,-2.0
EV,ATL,-5.0
EV,IAH,-3.0
EV,OMA,2.0
EV,DCA,-3.0
EV,EWR,25.0
EV,DTW,-4.0
EV,11973,-8.0
EV,ATL,-2.0
EV,LGA,
EV,DFW,0.0
EV,ATL,-6.0
EV,IAH,43.0
EV,BRO,-8.0
EV,13930,91.0
EV,ILM,-5.0
EV,ATL,0.0
EV,MAF,-11.0
EV,DTW,-3.0
EV,DEN,-3.0
EV,CAE,1.0
EV,PWM,-5.0
EV,MOB,-3.0
EV,BOS,24.0
EV,TYR,-6.0
EV,MSY,-2.0
EV,IAH,-3.0
EV,DFW,11.0
EV,CRW,-4.0
EV,DTW,-2.0
EV,DFW,-4.0
EV,ATL,37.0
EV,IAH,137.0
EV,LGA,-4.0
EV,DAY,-11.0
EV,FSD,-3.0
EV,IAH,-3.0
EV,DTW,24.0
EV,ATL,-6.0
EV,DFW,55.0
EV,IAH,0.0
EV,CMH,-11.0
EV,ATL,-5.0
EV,CRP,19.0
EV,ORD,10.0
EV,ATL,-5.0
EV,CLE,-13.0
EV,10208,2.0
EV,ORD,41.0
EV,TLH,3.0
EV,ORD,142.0
EV,ATL,1.0
EV,IAH,-6.0
EV,IND,-5.0
EV,CAE,-6.0
EV,IAH,-11.0
EV,ATL,8.0
EV,13241,-7.0
EV,TUL,-9.0
EV,ATL,-1.0
EV,DFW,-4.0
EV,IAH,-4.0
EV,CRP,-1.0
EV,ATL,0.0
EV,FNT,-10.0
EV,IAH,-8.0
EV,DTW,-8.0
EV,12266,-5.0
EV,ATL,26.0
EV,LGA,-3.0
EV,PIT,13.0
EV,HPN,-6.0
EV,13061,-1.0
EV,LEX,17.0
EV,BHM,-10.0
EV,SPI,-7.0
EV,LEX,-11.0
EV,JAX,-4.0
EV,CLE,-8.0
EV,10397,27.0
EV,MGM,-1.0
EV,12448,-11.0
EV,LIT,-5.0
EV,OAJ,-10.0
EV,ORD,-4.0
EV,MOB,10.0
EV,GTR,-5.0
EV,DIK,-10.0
EV,DEN,-10.0
EV,ATL,-2.0
EV,ATL,79.0
EV,DTW,-5.0
EV,PNS,-1.0
EV,EWR,12.0
EV,EWR,-9.0
EV,DTW,-7.0
EV,DFW,25.0
EV,10397,6.0
EV,ATL,5.0
EV,HOB,-13.0
EV,ATL,-3.0
EV,SDF,-12.0
EV,DFW,63.0
EV,TRI,21.0
EV,CAK,-10.0
EV,TYS,-10.0
EV,ATL,-4.0
EV,TRI,-4.0
EV,ATL,-2.0
EV,BTR,-11.0
EV,EWR,-3.0
EV,DFW,-5.0
EV,EWR,5.0
EV,PIA,2.0
EV,DTW,-6.0
EV,MSP,-4.0
EV,AEX,-5.0
EV,CVG,80.0
EV,DTW,-9.0
EV,13485,-6.0
EV,EWR,-4.0
EV,GRK,-11.0
EV,FAY,-3.0
EV,VPS,-7.0
EV,DTW,-3.0
EV,DEN,-4.0
EV,AMA,-3.0
EV,ABE,-7.0
EV,DTW,-3.0
EV,LEX,-2.0
EV,EWR,-7.0
EV,SDF,4.0
EV,GRK,-1.0
EV,ATL,0.0
EV,HOU,-3.0
EV,CMH,-8.0
EV,ATW,-4.0
EV,ORD,-1.0
EV,ATL,-5.0
EV,MLU,-5.0
EV,CLE,-2.0
EV,PIT,68.0
EV,IAH,-1.0
EV,MHT,11.0
EV,10785,-4.0
EV,SHV,-5.0
EV,ORD,0.0
EV,IAH,-3.0
EV,ATL,2.0
EV,ORD,1.0
EV,GRB,6.0
EV,BTR,8.0
EV,ATL,-6.0
EV,VPS,0.0
EV,MAF,-13.0
EV,GNV,-6.0
EV,ATL,51.0
EV,STL,-3.0
EV,BUF,-7.0
EV,10397,-1.0
EV,CSG,-3.0
EV,IAH,-1.0
EV,IAH,-4.0
EV,PVD,-8.0
EV,MDW,-3.0
EV,ORD,-6.0
EV,IAH,-4.0
EV,ERI,-8.0
EV,MAF,66.0
EV,DFW,109.0
EV,MSP,399.0
EV,DTW,-8.0
EV,IAH,49.0
EV,HSV,-4.0
EV,ORD,28.0
EV,ORD,29.0
EV,GSP,-6.0
EV,HSV,9.0
EV,CHO,-6.0
EV,IAH,-9.0
EV,ATL,-3.0
EV,HSV,-4.0
EV,CLT,-5.0
EV,LGA,-8.0
EV,IAH,0.0
EV,IAH,7.0
EV,10146,-6.0
EV,IAH,-8.0
EV,CHS,-2.0
EV,MCI,-7.0
EV,IAH,1.0
EV,MTJ,11.0
EV,14193,-5.0
EV,MHT,32.0
EV,SHV,-3.0
EV,DTW,-1.0
EV,ATL,-1.0
EV,BIS,-2.0
EV,TXK,-2.0
EV,DFW,-6.0
EV,ATL,30.0
EV,CLE,-3.0
EV,ATL,22.0
EV,DFW,-5.0
EV,DFW,-5.0
EV,ALB,8.0
EV,EWN,-1.0
EV,DTW,-2.0
EV,SAV,-6.0
EV,MAF,-14.0
EV,ATL,-2.0
EV,DHN,-5.0
EV,SGF,51.0
EV,IAH,3.0
EV,PVD,-7.0
EV,BHM,-1.0
EV,LIT,-13.0
EV,DFW,-7.0
EV,DTW,-8.0
EV,11618,-4.0
EV,DTW,-3.0
EV,IAH,49.0
EV,CLE,23.0
EV,ORD,0.0
EV,DTW,-5.0
EV,LGA,36.0
EV,10980,-11.0
EV,ORD,-6.0
EV,HSV,-2.0
EV,EWR,-4.0
EV,ATL,-4.0
EV,TYS,-2.0
EV,MGM,4.0
EV,DTW,-3.0
EV,SCE,173.0
EV,IAH,-4.0
EV,ATL,-7.0
EV,IAD,-7.0
EV,ORD,-5.0
EV,IAH,0.0
EV,EVV,34.0
EV,MSP,
EV,JAN,-4.0
EV,ORD,3.0
EV,MOB,6.0
EV,JAX,50.0
EV,IAD,-11.0
EV,IAH,1.0
EV,IAD,-6.0
EV,ATL,-7.0
EV,MGM,-5.0
EV,COS,-9.0
EV,DTW,41.0
EV,IAH,-6.0
EV,EWR,-16.0
EV,12266,-5.0
EV,12896,-11.0
EV,ORD,26.0
EV,12266,-6.0
EV,ORD,0.0
EV,ATL,85.0
EV,LGA,101.0
EV,CHS,-13.0
EV,ORD,-4.0
EV,CHS,-8.0
EV,ATL,17.0
EV,DTW,-3.0
EV,ORD,5.0
EV,EWR,61.0
EV,MCI,
EV,CID,-5.0
EV,MHT,-7.0
EV,ORD,-12.0
EV,PWM,50.0
EV,ELM,-1.0
EV,CHA,-2.0
EV,FSM,-6.0
EV,14492,-2.0
EV,EWR,16.0
EV,DAL,-1.0
EV,HSV,18.0
EV,ORD,5.0
EV,CAK,-6.0
EV,DAL,-1.0
EV,LAW,-15.0
EV,DEN,137.0
EV,BOS,7.0
EV,JAN,-2.0
EV,DAY,-10.0
EV,EWR,-2.0
EV,BTR,-15.0
EV,TYS,43.0
EV,LGA,-4.0
EV,EWR,
EV,CHA,5.0
EV,IAH,-2.0
EV,CVG,-2.0
EV,PIB,14.0
EV,MSP,-8.0
EV,CHA,-3.0
EV,ORD,0.0
EV,10135,-6.0
EV,LBB,-2.0
EV,ATL,-4.0
EV,ATL,-3.0
EV,ATL,43.0
EV,ORD,-8.0
EV,DTW,24.0
EV,LGA,-4.0
EV,CRP,-4.0
EV,ATL,81.0
EV,12323,-11.0
EV,ATL,4.0
EV,DFW,-2.0
EV,IAH,-5.0
EV,LRD,-3.0
EV,MGM,43.0
EV,XNA,-7.0
EV,ICT,-7.0
EV,ATL,33.0
EV,EVV,-9.0
EV,LGA,-7.0
EV,SBN,7.0
EV,ATL,34.0
EV,BTV,13.0
EV,IAH,42.0
EV,SGF,1.0
EV,ORD,47.0
EV,CLT,-2.0
EV,ORD,7.0
EV,LEX,6.0
EV,11537,-10.0
EV,SHV,-7.0
EV,BRO,-6.0
EV,LEX,-5.0
EV,CMH,-5.0
EV,FSD,-10.0
EV,ATL,-3.0
EV,DFW,-1.0
EV,AMA,197.0
EV,MCI,-6.0
EV,TYS,-1.0
EV,CLE,-3.0
EV,IAH,2.0
EV,DFW,-3.0
EV,ROC,147.0
EV,EWR,-9.0
EV,GSP,87.0
EV,ORD,-3.0
EV,TYR,-3.0
EV,ORD,27.0
EV,15249,-3.0
EV,TUS,15.0
EV,IAH,2.0
EV,ATL,-3.0
EV,11618,-5.0
EV,BTR,-6.0
EV,CRW,10.0
EV,ATL,3.0
EV,CVG,-10.0
EV,MCI,-2.0
EV,ATL,3.0
EV,DHN,-7.0
EV,GTR,-4.0
EV,IAH,1.0
EV,IAH,-5.0
EV,ATL,-3.0
EV,IAH,-2.0
EV,ORD,-6.0
EV,CLE,-5.0
EV,13930,-2.0
EV,11973,-11.0
EV,MLU,0.0
EV,GSP,-4.0
EV,XNA,-6.0
EV,DTW,-4.0
EV,IAH,-3.0
EV,DTW,-9.0
EV,IAH,-1.0
EV,CLE,-10.0
EV,ORD,7.0
EV,VPS,134.0
EV,ELP,-3.0
EV,ATL,-3.0
EV,ATL,-4.0
EV,IAH,-2.0
EV,JAX,5.0
EV,LIT,-2.0
EV,12266,-4.0
EV,SDF,-1.0
EV,SDF,0.0
EV,DFW,-9.0
EV,OMA,21.0
EV,ORD,-10.0
EV,ELP,-7.0
EV,EWR,-4.0
EV,LNK,-5.0
EV,SAV,1.0
EV,ATL,-8.0
EV,BTR,46.0
EV,ATL,
EV,11617,0.0
EV,ORD,-1.0
EV,GSP,-3.0
EV,11433,-2.0
EV,CLE,-7.0
EV,IND,-9.0
EV,10980,-8.0
EV,13930,-3.0
EV,ROC,-12.0
EV,IAH,0.0
EV,AEX,81.0
EV,IAH,-6.0
EV,ATL,0.0
EV,MDT,-14.0
EV,LGA,-7.0
EV,EWR,-1.0
EV,IAH,167.0
EV,RDU,10.0
EV,DEN,37.0
EV,ORD,-4.0
EV,ECP,-5.0
EV,10185,-3.0
EV,IAH,-3.0
EV,IAH,24.0
EV,IAH,89.0
EV,IAH,-8.0
EV,DTW,-7.0
EV,ABY,-1.0
EV,EWR,2.0
EV,GRB,-3.0
EV,IAH,-2.0
EV,LIT,-5.0
EV,MFE,-12.0
EV,STL,21.0
EV,TUL,-8.0
EV,IAH,-4.0
EV,MYR,-9.0
EV,IAH,0.0
EV,MLU,82.0
EV,ORD,29.0
EV,ATL,-4.0
EV,GSP,-6.0
EV,IAH,-4.0
EV,IAH,-2.0
EV,MEM,24.0
EV,ATL,10.0
EV,ORD,-2.0
EV,ATL,80.0
EV,DFW,-7.0
EV,ATL,-3.0
EV,ORD,65.0
EV,DTW,-3.0
EV,IAH,-5.0
EV,XNA,120.0
EV,DHN,-3.0
EV,CID,-13.0
EV,IAH,-10.0
EV,HOB,-13.0
EV,IAH,-3.0
EV,CMH,-6.0
EV,MKE,-3.0
EV,CLE,-4.0
EV,SBN,23.0
EV,ATL,44.0
EV,ORD,-7.0
EV,CRW,15.0
EV,11618,-1.0
EV,10397,36.0
EV,OMA,-22.0
EV,BUF,
EV,11298,73.0
EV,DSM,3.0
EV,IND,-5.0
EV,HSV,2.0
EV,FSD,10.0
EV,LFT,32.0
EV,11537,-2.0
EV,CLE,88.0
EV,CHA,-1.0
EV,SHV,-5.0
EV,BHM,-5.0
EV,LGA,-2.0
EV,DFW,185.0
EV,ATL,110.0
EV,CRP,-11.0
EV,CRW,-9.0
EV,MCI,102.0
EV,MDT,-8.0
EV,SHV,-6.0
EV,IAH,-3.0
EV,PIA,4.0
EV,ORD,-7.0
EV,CLE,9.0
EV,ECP,-9.0
EV,LGA,10.0
EV,ORD,-6.0
EV,ORD,-10.0
EV,ATL,7.0
EV,ATL,-5.0
EV,DTW,-3.0
EV,LBB,-3.0
EV,IAH,128.0
EV,FSD,54.0
EV,RDU,25.0
EV,HSV,-5.0
EV,IAH,-6.0
EV,EWR,-2.0
EV,SGF,1.0
EV,ATL,118.0
EV,DIK,-5.0
EV,MLI,-7.0
EV,10994,-3.0
EV,DTW,-2.0
EV,ORD,-10.0
EV,14576,5.0
EV,10781,-3.0
EV,IAH,-6.0
EV,MSY,11.0
EV,ORF,77.0
EV,12953,-12.0
EV,CHA,-1.0
EV,PIA,
EV,ATL,-4.0
EV,GNV,-7.0
EV,DFW,
EV,LFT,-4.0
EV,ATL,-1.0
EV,RIC,-2.0
EV,BTR,-11.0
EV,TUL,-8.0
EV,AEX,8.0
EV,15370,34.0
EV,IND,23.0
EV,EWR,-2.0
EV,CMH,-7.0
EV,BMI,4.0
EV,TUL,-4.0
EV,GSP,-3.0
EV,IAH,-5.0
EV,HSV,42.0
EV,IAH,4.0
EV,13061,-10.0
EV,ATW,
EV,DTW,-2.0
EV,TUL,10.0
EV,EWR,-8.0
EV,GNV,6.0
EV,GSO,-5.0
EV,BHM,-1.0
EV,HSV,110.0
EV,IAH,-9.0
EV,ORD,0.0
EV,CVG,-10.0
EV,ORD,-1.0
EV,11977,29.0
EV,ORD,13.0
EV,LEX,-10.0
EV,EWR,-7.0
EV,EWR,27.0
EV,ORD,-4.0
EV,LGA,25.0
EV,DCA,
EV,EWR,2.0
EV,IAH,-2.0
EV,MDT,16.0
EV,MSP,92.0
EV,IAH,-4.0
EV,EWR,
EV,GRB,-1.0
EV,11298,-2.0
EV,BTR,-12.0
EV,SAV,-2.0
EV,DTW,-2.0
EV,MEM,7.0
EV,ORD,2.0
EV,DTW,-9.0
EV,MAF,-11.0
EV,DFW,21.0
EV,DFW,-2.0
EV,ATL,-3.0
EV,MCI,
EV,ORD,23.0
EV,ATL,-4.0
EV,LGA,-6.0
EV,ORD,-7.0
EV,LGA,-11.0
EV,11057,0.0
EV,DFW,-5.0
EV,TYR,
EV,EWR,-3.0
EV,IAH,-3.0
EV,PIA,-6.0
EV,BTV,-9.0
EV,IAH,5.0
EV,IAH,-5.0
EV,FSD,48.0
EV,BTR,-5.0
EV,ATL,0.0
EV,GNV,28.0
EV,ATL,-2.0
EV,HSV,11.0
EV,13930,-9.0
EV,GRR,-10.0
EV,IAH,-3.0
EV,DTW,8.0
EV,12992,1.0
EV,IAH,36.0
EV,DAY,101.0
EV,DTW,-5.0
EV,EWR,29.0
EV,IAH,4.0
EV,IAH,-7.0
EV,CAE,
EV,ORD,-3.0
EV,DTW,30.0
EV,11537,-4.0
EV,IAH,96.0
EV,OMA,39.0
EV,EWR,-4.0
EV,MSN,-17.0
EV,AEX,18.0
EV,DFW,22.0
EV,ATL,42.0
EV,DFW,-1.0
EV,ORD,-4.0
EV,CLT,104.0
EV,BQK,
EV,ILM,-4.0
EV,MCI,-6.0
EV,13487,-4.0
EV,TLH,-6.0
EV,VLD,8.0
EV,BTR,15.0
EV,ORD,14.0
EV,ORD,-4.0
EV,EWR,7.0
EV,MSP,-4.0
EV,IAH,-10.0
EV,SHV,-11.0
EV,CVG,28.0
EV,DTW,-1.0
EV,MAF,1.0
EV,EWR,-7.0
EV,DAY,-2.0
EV,11298,80.0
EV,SCE,-5.0
EV,ORD,-5.0
EV,CLT,-6.0
EV,11618,-8.0
EV,IAH,4.0
EV,ORD,-7.0
EV,ORD,-1.0
EV,DFW,-3.0
EV,13851,-11.0
EV,ATL,-6.0
EV,LNK,-10.0
EV,DTW,-3.0
EV,GTR,-4.0
EV,EWR,14.0
EV,EWR,-6.0
EV,ORD,-2.0
EV,JAN,59.0
EV,CRW,10.0
EV,GSO,-9.0
EV,ORD,96.0
EV,12953,-6.0
EV,DAL,-6.0
EV,11618,17.0
EV,ORD,-3.0
EV,CHS,0.0
EV,ATL,7.0
EV,ATL,2.0
EV,CRW,22.0
EV,ATL,-2.0
EV,IAH,-5.0
EV,ELM,-4.0
EV,MHT,277.0
EV,ATL,-4.0
EV,MLU,-8.0
EV,HOU,105.0
EV,IAH,-5.0
EV,EWR,18.0
EV,AGS,0.0
EV,ORD,12.0
EV,SAV,-3.0
EV,11298,-6.0
EV,IAH,36.0
EV,EWR,1.0
EV,10135,-7.0
EV,PHF,-3.0
EV,DFW,-2.0
EV,SHV,-5.0
EV,EWR,-8.0
EV,GRK,-4.0
EV,DTW,-11.0
EV,ATL,-1.0
EV,IAH,-5.0
EV,EWN,25.0
EV,IAH,1.0
EV,AVP,-9.0
EV,LAN,31.0
EV,JAX,0.0
EV,EWR,-3.0
EV,CVG,-6.0
EV,IAH,-3.0
EV,AEX,-1.0
EV,DEN,50.0
EV,PIA,
EV,CLT,-2.0
EV,ATL,-3.0
EV,DTW,-4.0
EV,ATL,-4.0
EV,IAH,33.0
EV,ATL,-10.0
EV,AVP,-5.0
EV,ATL,-3.0
EV,BOS,-7.0
EV,IAH,0.0
EV,VLD,-4.0
DL,SLC,-6.0
DL,TPA,-8.0
DL,SFO,13.0
DL,LAS,12.0
DL,DTW,-6.0
DL,LAX,-8.0
DL,DCA,-5.0
DL,TPA,0.0
DL,ATL,1.0
DL,MSP,-1.0
DL,IND,12.0
DL,PBI,26.0
DL,ATL,0.0
DL,SEA,-7.0
DL,ATL,9.0
DL,FLL,-2.0
DL,ATL,0.0
DL,MSP,-6.0
DL,SEA,14.0
DL,MCO,19.0
DL,BDL,-2.0
DL,13930,40.0
DL,SJC,-3.0
DL,BOI,-2.0
DL,BIL,-5.0
DL,DCA,0.0
DL,FLL,-3.0
DL,CMH,2.0
DL,LAX,0.0
DL,CVG,-4.0
DL,DTW,-3.0
DL,CVG,169.0
DL,JFK,30.0
DL,ATL,6.0
DL,ATL,26.0
DL,DEN,-1.0
DL,TPA,-4.0
DL,RNO,-3.0
DL,LGA,-3.0
DL,JFK,-8.0
DL,ATL,31.0
DL,PBI,18.0
DL,ATL,0.0
DL,ATL,-1.0
DL,EWR,-1.0
DL,PDX,27.0
DL,SEA,-1.0
DL,DFW,7.0
DL,VPS,-3.0
DL,MSP,0.0
DL,MSP,1.0
DL,ATL,6.0
DL,ATL,65.0
DL,SLC,-2.0
DL,ATL,-1.0
DL,SFO,1.0
DL,SJU,-13.0
DL,SEA,-2.0
DL,PNS,-6.0
DL,OKC,-7.0
DL,MKE,-6.0
DL,SFO,0.0
DL,JFK,-9.0
DL,PBI,-6.0
DL,ATL,95.0
DL,CVG,-4.0
DL,ATL,18.0
DL,FLL,31.0
DL,MSP,46.0
DL,DFW,10.0
DL,ATL,23.0
DL,ATL,60.0
DL,VPS,-6.0
DL,KOA,10.0
DL,SAN,-7.0
DL,SFO,6.0
DL,LIT,-3.0
DL,10140,-1.0
DL,ATL,-4.0
DL,DCA,-12.0
DL,DAY,-3.0
DL,ATL,7.0
DL,ATL,8.0
DL,LAX,0.0
DL,11042,-2.0
DL,ATL,21.0
DL,TLH,-4.0
DL,BNA,17.0
DL,BNA,-7.0
DL,DEN,3.0
DL,ATL,8.0
DL,ATL,1.0
DL,ATL,-1.0
DL,SAT,-3.0
DL,SLC,-1.0
DL,BOS,-3.0
DL,RSW,-3.0
DL,SLC,-2.0
DL,MSP,-3.0
DL,ATL,-3.0
DL,GRR,-2.0
DL,CLT,-6.0
DL,ECP,-4.0
DL,ATL,1.0
DL,MSP,-5.0
DL,RSW,17.0
DL,ATL,0.0
DL,MSN,2.0
DL,MSY,8.0
DL,ATL,1.0
DL,ATL,-1.0
DL,JFK,8.0
DL,BOI,-3.0
DL,ATL,13.0
DL,11996,-2.0
DL,10721,12.0
DL,ATL,10.0
DL,ATL,-2.0
DL,ATL,-2.0
DL,SJC,-1.0
DL,EWR,-1.0
DL,ATL,10.0
DL,FLL,-5.0
DL,ATL,15.0
DL,ELP,1.0
DL,ATL,5.0
DL,ATL,22.0
DL,SAN,-6.0
DL,MSP,-5.0
DL,ATL,0.0
DL,13495,-10.0
DL,SAV,-2.0
DL,EYW,-6.0
DL,ORD,7.0
DL,BDL,-3.0
DL,PHL,0.0
DL,10397,-1.0
DL,MSP,-1.0
DL,ATL,-4.0
DL,PHX,-3.0
DL,ATL,-5.0
DL,ATL,-3.0
DL,SFO,-6.0
DL,LAX,-4.0
DL,DEN,-2.0
DL,BOS,-3.0
DL,IAH,12.0
DL,ATL,-1.0
DL,IND,-4.0
DL,BDL,-3.0
DL,MSP,-4.0
DL,BDL,-2.0
DL,ATL,-4.0
DL,ATL,46.0
DL,ATL,-2.0
DL,GSO,-1.0
DL,MSN,-5.0
DL,ATL,-1.0
DL,PDX,-2.0
DL,SLC,-1.0
DL,ANC,-1.0
DL,DCA,-4.0
DL,DTW,-1.0
DL,STL,-5.0
DL,MCO,-2.0
DL,LGA,-7.0
DL,CLT,13.0
DL,ATL,2.0
DL,ATL,-3.0
DL,10397,-1.0
DL,10397,8.0
DL,SGF,9.0
DL,ATL,8.0
DL,DTW,-4.0
DL,OMA,-4.0
DL,DTW,-1.0
DL,ATL,1.0
DL,ALB,40.0
DL,ATL,33.0
DL,ATL,-2.0
DL,JFK,-6.0
DL,RSW,30.0
DL,ATL,1.0
DL,BOS,2.0
DL,12992,-3.0
DL,MSP,-1.0
DL,ATL,45.0
DL,DTW,17.0
DL,SYR,-7.0
DL,DCA,25.0
DL,SLC,-1.0
DL,MSP,2.0
DL,14107,0.0
DL,13487,-3.0
DL,LGA,-1.0
DL,PBI,-2.0
DL,MSP,-2.0
DL,SLC,98.0
DL,ATL,-3.0
DL,ORF,16.0
DL,DTW,20.0
DL,SAT,14.0
DL,MIA,11.0
DL,MSP,-4.0
DL,ATL,-5.0
DL,BNA,-5.0
DL,MCO,-3.0
DL,10423,-1.0
DL,DCA,-4.0
DL,ATL,-1.0
DL,FNT,32.0
DL,12892,-5.0
DL,SEA,0.0
DL,10397,42.0
DL,LAX,20.0
DL,FLL,11.0
DL,ATL,112.0
DL,EWR,-5.0
DL,10821,-6.0
DL,STL,71.0
DL,HNL,-2.0
DL,AUS,-5.0
DL,BNA,-4.0
DL,MSP,-2.0
DL,ATL,-1.0
DL,SLC,-5.0
DL,PHX,-3.0
DL,FLL,4.0
DL,ATL,25.0
DL,DFW,-4.0
DL,DTW,79.0
DL,SAN,-4.0
DL,TPA,11.0
DL,SFO,-1.0
DL,FLL,-2.0
DL,MSP,-3.0
DL,LGA,0.0
DL,MIA,-3.0
DL,DTW,3.0
DL,LGA,7.0
DL,BWI,-4.0
DL,ATL,-3.0
DL,ATL,-2.0
DL,PHL,-1.0
DL,DTW,-8.0
DL,ROC,0.0
DL,ORD,-5.0
DL,MIA,7.0
DL,ABQ,-8.0
DL,PHX,0.0
DL,BOS,-3.0
DL,DFW,-1.0
DL,ATL,-3.0
DL,PDX,-4.0
DL,ATL,0.0
DL,DTW,6.0
DL,ATL,117.0
DL,PHX,-6.0
DL,ATL,-1.0
DL,ORF,-5.0
DL,MSP,4.0
DL,ATL,-11.0
DL,CLT,9.0
DL,PBI,20.0
DL,DTW,-4.0
DL,DTW,-5.0
DL,MEM,-3.0
DL,MSP,0.0
DL,IAH,-4.0
DL,DEN,-5.0
DL,BNA,2.0
DL,ATL,-2.0
DL,ATL,16.0
DL,LGA,-10.0
DL,ATL,11.0
DL,ATL,0.0
DL,BOS,41.0
DL,DTW,0.0
DL,SLC,-2.0
DL,DTW,19.0
DL,ATL,-1.0
DL,PDX,-10.0
DL,SFO,-11.0
DL,10397,9.0
DL,DTW,73.0
DL,IAD,2.0
DL,SEA,6.0
DL,ATL,-4.0
DL,FLL,-11.0
DL,JFK,-3.0
DL,DTW,18.0
DL,ATL,-1.0
DL,FAY,-10.0
DL,DTW,-3.0
DL,JFK,-5.0
DL,10397,1.0
DL,LGA,21.0
DL,EWR,-5.0
DL,ATL,-4.0
DL,MSP,-3.0
DL,LAX,1.0
DL,HOU,-2.0
DL,ATL,-1.0
DL,LAX,-3.0
DL,RDU,-9.0
DL,ATL,-2.0
DL,ECP,-2.0
DL,ATL,6.0
DL,PHX,-3.0
DL,MSP,-6.0
DL,MEM,-7.0
DL,PBI,-5.0
DL,ATL,-3.0
DL,ATL,0.0
DL,GPT,8.0
DL,ATL,-2.0
DL,JFK,6.0
DL,SEA,-3.0
DL,MSP,-5.0
DL,BOS,53.0
DL,ATL,0.0
DL,TLH,-4.0
DL,SEA,2.0
DL,ORD,40.0
DL,ATL,-4.0
DL,ATL,11.0
DL,ATL,-2.0
DL,ATL,-1.0
DL,ATL,-1.0
DL,ATL,-3.0
DL,DTW,-3.0
DL,LGA,-4.0
DL,MSP,12.0
DL,ATL,-1.0
DL,MSP,0.0
DL,SLC,10.0
DL,ATL,-1.0
DL,LAX,-4.0
DL,BOS,103.0
DL,ATL,27.0
DL,DAB,62.0
DL,SEA,-5.0
DL,IAH,-10.0
DL,ATL,-4.0
DL,MIA,-7.0
DL,DTW,2.0
DL,JFK,7.0
DL,DFW,-7.0
DL,ATL,4.0
DL,14771,55.0
DL,DAY,-3.0
DL,IND,-8.0
DL,ATL,-3.0
DL,DFW,-2.0
DL,BOS,-3.0
DL,MSP,57.0
DL,LAS,2.0
DL,MSP,78.0
DL,BOS,-5.0
DL,PBI,-4.0
DL,MDW,-6.0
DL,ATL,-4.0
DL,ATL,0.0
DL,SLC,-11.0
DL,BHM,-5.0
DL,ATL,3.0
DL,MSP,-9.0
DL,ATL,16.0
DL,14685,-6.0
DL,BOS,1.0
DL,ALB,1.0
DL,JFK,16.0
DL,SFO,-1.0
DL,ABE,-7.0
DL,ATL,-4.0
DL,PIT,-9.0
DL,IAD,-4.0
DL,ATL,-5.0
DL,PHX,-3.0
DL,BHM,-9.0
DL,RDU,-1.0
DL,SLC,-5.0
DL,MDW,27.0
DL,DEN,-10.0
DL,JFK,-1.0
DL,HNL,-5.0
DL,ATL,27.0
DL,ATL,0.0
DL,DTW,-2.0
DL,BUF,-1.0
DL,LGA,46.0
DL,SLC,0.0
DL,MCO,38.0
DL,SLC,-1.0
DL,ATL,7.0
DL,MSP,-3.0
DL,ATL,20.0
DL,SJU,0.0
DL,EWR,-5.0
DL,ATL,1.0
DL,JFK,-8.0
DL,BOS,-3.0
DL,10397,-6.0
DL,PHL,-1.0
DL,SYR,9.0
DL,MSP,-3.0
DL,HSV,-8.0
DL,CMH,16.0
DL,CAE,-2.0
DL,MCO,-5.0
DL,ATL,-1.0
DL,LAX,1.0
DL,DTW,-4.0
DL,PIT,-2.0
DL,13487,-6.0
DL,14524,1.0
DL,MSY,-4.0
DL,GEG,0.0
DL,TRI,-5.0
DL,ATL,3.0
DL,ATL,37.0
DL,ATL,0.0
DL,PHX,-5.0
DL,HSV,132.0
DL,10397,3.0
DL,LAX,64.0
DL,DTW,0.0
DL,GSO,-2.0
DL,JFK,-6.0
DL,10397,-1.0
DL,JFK,-3.0
DL,MSP,-1.0
DL,DTW,24.0
DL,10397,-5.0
DL,DTW,9.0
DL,MSP,43.0
DL,ATL,9.0
DL,ATL,-1.0
DL,ATL,44.0
DL,ATL,-2.0
DL,10397,-4.0
DL,BOS,-3.0
DL,MSY,-1.0
DL,BOS,-4.0
DL,DFW,-1.0
DL,12892,-6.0
DL,FLL,-7.0
DL,ATL,0.0
DL,ATL,-4.0
DL,ATL,40.0
DL,LGA,0.0
DL,BOS,16.0
DL,SLC,32.0
DL,SLC,-1.0
DL,ATL,-4.0
DL,SAV,-1.0
DL,DTW,-5.0
DL,SLC,-4.0
DL,TPA,-4.0
DL,MSP,-3.0
DL,ATL,-2.0
DL,10397,4.0
DL,MIA,-3.0
DL,ATL,-2.0
DL,DTW,-1.0
DL,BOS,-11.0
DL,LGA,1.0
DL,14869,0.0
DL,PIT,-5.0
DL,13204,1.0
DL,LGA,-4.0
DL,FLL,-9.0
DL,ANC,-1.0
DL,BOS,29.0
DL,DTW,1.0
DL,ATL,-2.0
DL,CMH,-2.0
DL,GRR,-5.0
DL,BNA,-2.0
DL,TPA,3.0
DL,BOS,-5.0
DL,PDX,-2.0
DL,SAT,-6.0
DL,ATL,-5.0
DL,MSP,-2.0
DL,ATL,-1.0
DL,ATL,1.0
DL,MCO,-2.0
DL,RSW,-7.0
DL,CHS,-2.0
DL,ATL,8.0
DL,LAX,13.0
DL,TPA,1.0
DL,ICT,16.0
DL,SLC,0.0
DL,ATL,-6.0
DL,ABQ,-4.0
DL,LAX,-1.0
DL,ATL,-1.0
DL,DCA,3.0
DL,IND,-3.0
DL,SFO,-5.0
DL,FSD,-6.0
DL,MSP,-2.0
DL,ATL,-2.0
DL,MSP,-4.0
DL,ATL,-2.0
DL,SLC,-4.0
DL,ATL,0.0
DL,13487,-8.0
DL,ANC,0.0
DL,JFK,-7.0
DL,ATL,-2.0
DL,ATL,-1.0
DL,10397,-1.0
DL,BNA,0.0
DL,13486,-2.0
DL,PDX,-4.0
DL,ATL,1.0
DL,TRI,0.0
DL,AUS,5.0
DL,SLC,-3.0
DL,TUL,-2.0
DL,ATL,-7.0
DL,ATL,5.0
DL,10397,-2.0
DL,LAX,8.0
DL,BIS,-6.0
DL,SLC,-1.0
DL,ATL,-3.0
DL,SEA,-4.0
DL,ATL,6.0
DL,MSY,-7.0
DL,ATL,-4.0
DL,LAS,2.0
DL,11697,-6.0
DL,10397,-2.0
DL,ATL,10.0
DL,RDU,-5.0
DL,DFW,-4.0
DL,MCI,11.0
DL,LAS,-5.0
DL,ATL,-1.0
DL,BOS,12.0
DL,TUS,-10.0
DL,10397,17.0
DL,MIA,10.0
DL,SLC,-1.0
DL,LAX,0.0
DL,PBI,-5.0
DL,BWI,-4.0
DL,STL,-10.0
DL,DTW,45.0
DL,BWI,-6.0
DL,PBI,48.0
DL,PHX,-4.0
DL,MSP,-6.0
DL,ATL,-4.0
DL,LGA,1.0
DL,12478,25.0
DL,13487,-9.0
DL,LGA,-1.0
DL,SLC,-2.0
DL,DTW,15.0
DL,BOS,-1.0
DL,ATL,100.0
DL,MSP,-3.0
DL,ATL,-2.0
DL,DTW,9.0
DL,ATL,-2.0
DL,FLL,-2.0
DL,11973,10.0
DL,SMF,42.0
DL,SAT,2.0
DL,ALB,-5.0
DL,BWI,-1.0
DL,SLC,-4.0
DL,ATL,-6.0
DL,12892,-4.0
DL,ICT,-9.0
DL,LAX,2.0
DL,ATL,11.0
DL,MSP,12.0
DL,JAN,9.0
DL,MCI,-5.0
DL,DTW,-1.0
DL,ATL,37.0
DL,MSP,-2.0
DL,MIA,-4.0
DL,10397,-2.0
DL,MSP,-5.0
DL,MCI,-6.0
DL,ATL,-2.0
DL,ATL,-7.0
DL,10423,16.0
DL,ATL,-3.0
DL,SLC,-6.0
DL,ATL,4.0
DL,PHX,-4.0
DL,10397,-1.0
DL,ATL,-6.0
DL,CHS,-5.0
DL,15304,-6.0
DL,MSP,-2.0
DL,ATL,0.0
DL,LAX,15.0
DL,MSP,3.0
DL,MSP,1.0
DL,ATL,-2.0
DL,12953,20.0
DL,ATL,7.0
DL,SEA,29.0
DL,LGA,-4.0
DL,ATL,-2.0
DL,JAX,-5.0
DL,ATL,-2.0
DL,MDW,-7.0
DL,11884,-7.0
DL,DTW,-2.0
DL,MSP,-2.0
DL,JFK,2.0
DL,11481,-1.0
DL,TVC,-7.0
DL,ATL,12.0
DL,SLC,-5.0
DL,MDW,-6.0
DL,LAX,-2.0
DL,ATL,-2.0
DL,LGA,-2.0
DL,ATL,1.0
DL,ORD,23.0
DL,ATL,-1.0
DL,DCA,-6.0
DL,SLC,-3.0
DL,LAX,5.0
DL,CLT,-5.0
DL,ATL,-6.0
DL,LEX,-3.0
DL,LAS,0.0
DL,IAH,-5.0
DL,STL,-5.0
DL,SLC,-1.0
DL,SLC,0.0
DL,SEA,-1.0
DL,14869,12.0
DL,MLB,-4.0
DL,JFK,-1.0
DL,ATL,-3.0
DL,SNA,-6.0
DL,IAD,10.0
DL,ATL,-2.0
DL,10994,-3.0
DL,ATL,0.0
DL,HNL,-2.0
DL,ATL,7.0
DL,LAS,-5.0
DL,ATL,239.0
DL,PDX,7.0
DL,TPA,-1.0
DL,LAX,6.0
DL,ATL,-1.0
DL,VPS,-1.0
DL,ATL,150.0
DL,MIA,-3.0
DL,10397,-4.0
DL,DTW,-3.0
DL,ATL,-3.0
DL,BWI,-2.0
DL,MSP,-1.0
DL,DTW,-7.0
DL,MSP,-6.0
DL,DEN,-6.0
DL,SLC,-3.0
DL,ATL,-1.0
DL,ATL,-3.0
DL,10599,-4.0
DL,MSP,-1.0
DL,MSP,-2.0
DL,ATL,-4.0
DL,15304,-4.0
DL,PDX,7.0
DL,ATL,-3.0
DL,MSP,0.0
DL,AUS,-6.0
DL,MSP,-4.0
DL,SAV,0.0
DL,TRI,-1.0
DL,LEX,-6.0
DL,DTW,31.0
DL,JFK,-3.0
DL,ATL,4.0
DL,ROC,79.0
DL,LAS,-1.0
DL,DAB,-3.0
DL,ATL,33.0
DL,ATL,88.0
DL,MSP,-2.0
DL,MSP,35.0
DL,PBI,-2.0
DL,ATL,-8.0
DL,10397,-5.0
DL,LEX,-7.0
DL,HOU,-3.0
DL,ATL,-5.0
DL,MOB,6.0
DL,BHM,-5.0
DL,SAN,-3.0
DL,BOS,-3.0
DL,ATL,35.0
DL,SJU,-4.0
DL,11697,2.0
DL,SLC,-5.0
DL,MKE,-6.0
DL,LAX,15.0
DL,RIC,-4.0
DL,DTW,-5.0
DL,ATL,0.0
DL,ATL,18.0
DL,MSP,-9.0
DL,10397,5.0
DL,ATL,-1.0
DL,DTW,-3.0
DL,ATL,2.0
DL,LGA,-2.0
DL,MSP,-4.0
DL,SFO,37.0
DL,MSY,13.0
DL,DTW,18.0
DL,CHS,-5.0
DL,11996,0.0
DL,13487,-5.0
DL,ATL,3.0
DL,BTR,-3.0
DL,PHX,-7.0
DL,ATL,-3.0
DL,ATL,-4.0
DL,ATL,-1.0
DL,ATL,-1.0
DL,ATL,-4.0
DL,11637,4.0
DL,BWI,13.0
DL,ATL,-1.0
DL,ATL,-1.0
DL,10397,-1.0
DL,MCO,-8.0
DL,ATL,20.0
DL,PHX,0.0
DL,12892,0.0
DL,BIL,-2.0
DL,MSP,-7.0
DL,ATL,-3.0
DL,ATL,10.0
DL,ATL,31.0
DL,ATL,-1.0
DL,ATL,14.0
DL,DCA,4.0
DL,MLB,-10.0
DL,ATL,-3.0
DL,ATL,-1.0
DL,GPT,4.0
DL,LGA,205.0
DL,ATL,33.0
DL,DTW,0.0
DL,MSP,-2.0
DL,ATL,4.0
DL,MIA,20.0
DL,JFK,-2.0
DL,SLC,-2.0
DL,ATL,1.0
DL,SLC,0.0
DL,FAY,4.0
DL,SAV,-7.0
DL,DTW,16.0
DL,SLC,-7.0
DL,ATL,-5.0
DL,CMH,-3.0
DL,PHF,-2.0
DL,MCO,65.0
DL,ATL,7.0
DL,DTW,-3.0
DL,SLC,-1.0
DL,SLC,-2.0
DL,DTW,-1.0
DL,ATL,-1.0
DL,SEA,-4.0
DL,SEA,49.0
DL,MHT,-3.0
DL,10397,-1.0
DL,MSY,-4.0
DL,BOS,27.0
DL,ATL,0.0
DL,RDU,214.0
DL,HSV,-3.0
DL,DTW,3.0
DL,10397,-2.0
DL,JFK,-6.0
DL,DTW,-3.0
DL,MSP,-2.0
DL,LAX,-5.0
DL,ATL,-1.0
DL,12953,-8.0
DL,PHL,-4.0
DL,DEN,-6.0
DL,ATL,0.0
DL,ATL,-2.0
DL,SDF,-7.0
DL,DTW,1.0
DL,14100,-5.0
DL,LAX,-2.0
DL,SLC,-1.0
DL,JAX,0.0
DL,14100,-4.0
DL,LGA,5.0
DL,MSP,-6.0
DL,CHS,-10.0
DL,RIC,-5.0
DL,MEM,-2.0
DL,10397,-3.0
DL,ATL,-1.0
DL,BDL,-1.0
DL,ATL,-3.0
DL,DTW,-1.0
DL,ATL,-6.0
DL,ATL,1.0
DL,ATL,-5.0
DL,MDW,-4.0
DL,11433,33.0
DL,ATL,11.0
DL,DTW,5.0
DL,10397,-2.0
DL,JFK,12.0
DL,MSP,33.0
DL,ATL,0.0
DL,PDX,-2.0
DL,ATL,-2.0
DL,MCO,-6.0
DL,TPA,-2.0
DL,10693,-1.0
DL,MSN,-2.0
DL,SAV,-1.0
DL,MEM,-3.0
DL,BHM,-2.0
DL,CVG,-9.0
DL,STL,5.0
DL,MSP,0.0
DL,ANC,-6.0
DL,FLL,-7.0
DL,CAE,-5.0
DL,STL,79.0
DL,13931,-9.0
DL,ATL,16.0
DL,RSW,-3.0
DL,CMH,38.0
DL,LIT,-4.0
DL,ATL,0.0
DL,RDU,-2.0
DL,ATL,-3.0
DL,ATL,-3.0
DL,LAX,30.0
DL,LAS,1.0
DL,MSP,17.0
DL,PHL,-4.0
DL,SEA,-5.0
DL,MSP,-1.0
DL,SLC,27.0
DL,ATL,0.0
DL,LAX,-1.0
DL,GRB,-3.0
DL,ATL,7.0
DL,11433,37.0
DL,FLL,-4.0
DL,AUS,-5.0
DL,ECP,-6.0
DL,FLL,103.0
DL,DTW,14.0
DL,10397,-3.0
DL,FLL,8.0
DL,DTW,-8.0
DL,ATL,8.0
DL,ATL,0.0
DL,BHM,-5.0
DL,ATL,0.0
DL,DTW,162.0
DL,MSP,-6.0
DL,MSY,-1.0
DL,TPA,-4.0
DL,IND,-1.0
DL,ATL,-3.0
DL,LGA,0.0
DL,LAX,-6.0
DL,PBI,-2.0
DL,JAX,-6.0
DL,IND,10.0
DL,RDU,1.0
DL,ATL,3.0
DL,ATL,-1.0
DL,MCI,-5.0
DL,LAS,19.0
DL,ATL,-4.0
DL,TPA,-5.0
DL,PDX,6.0
DL,13487,-9.0
DL,ATL,1.0
DL,11995,-1.0
DL,SLC,
DL,MSP,-4.0
DL,MSP,4.0
DL,10397,0.0
DL,ATL,-2.0
DL,MEM,-9.0
DL,ATL,-4.0
DL,JFK,-7.0
DL,SEA,-2.0
DL,ATL,-1.0
DL,ATL,159.0
DL,BNA,-4.0
DL,MSP,-5.0
DL,12953,16.0
DL,10397,-4.0
DL,ATL,-5.0
DL,LAX,-4.0
DL,ATL,-1.0
DL,JAN,
DL,CMH,-5.0
DL,ATL,-3.0
DL,ATL,38.0
DL,DTW,5.0
DL,13495,-3.0
DL,DTW,-6.0
DL,LGA,1.0
DL,MSP,6.0
DL,BUF,-2.0
DL,LGA,4.0
DL,LGA,-1.0
DL,BNA,-6.0
DL,MCO,-3.0
DL,ATL,-2.0
DL,10397,13.0
DL,LAX,-1.0
DL,ATL,19.0
DL,MSP,-2.0
DL,MSP,-3.0
DL,MSP,-1.0
DL,ATL,2.0
DL,ATL,-5.0
DL,ATL,31.0
DL,PVD,363.0
DL,DEN,-6.0
DL,ATL,-2.0
DL,LGA,-5.0
DL,ATL,-3.0
DL,DTW,-6.0
DL,SAN,-8.0
DL,ATL,-4.0
DL,ATL,5.0
DL,SLC,-8.0
DL,ATL,16.0
DL,ATL,-5.0
DL,ATL,4.0
DL,ATL,-1.0
DL,ATL,-4.0
DL,SEA,1.0
DL,SAN,-4.0
DL,TPA,-6.0
DL,ATL,-2.0
DL,SAT,2.0
DL,LGA,-1.0
DL,DFW,-6.0
DL,ATL,0.0
DL,TPA,26.0
DL,BHM,-4.0
DL,JFK,-2.0
DL,PNS,-3.0
DL,ATL,1.0
DL,ATL,0.0
DL,SLC,0.0
DL,MSP,0.0
DL,10397,0.0
DL,ATL,2.0
DL,PHX,10.0
DL,ATL,31.0
DL,DTW,-5.0
DL,BOS,6.0
DL,SRQ,-3.0
DL,LAS,19.0
DL,MSP,0.0
DL,ORD,-2.0
DL,ATL,0.0
DL,MSP,0.0
DL,ATL,6.0
DL,MSP,-6.0
DL,ATL,-2.0
DL,MSP,-2.0
DL,CVG,-6.0
DL,LAX,15.0
DL,LAS,-5.0
DL,SEA,-3.0
DL,ABQ,-1.0
DL,MSP,-2.0
DL,ATL,-1.0
DL,ATL,-5.0
DL,DEN,-6.0
DL,10397,0.0
DL,ELP,-2.0
DL,DTW,12.0
DL,MIA,-10.0
DL,LAS,-7.0
DL,BOI,-6.0
DL,ATL,-1.0
DL,BNA,246.0
DL,LAX,-5.0
DL,HSV,-5.0
DL,ATL,0.0
DL,FLL,-7.0
DL,IAH,-1.0
DL,ABQ,-4.0
DL,IND,-4.0
DL,EYW,12.0
DL,MSP,-3.0
DL,FLL,1.0
DL,ATL,-7.0
DL,SLC,142.0
DL,CLT,-4.0
DL,ATL,-2.0
DL,ATL,-3.0
DL,FLL,-7.0
DL,LGA,0.0
DL,MSP,30.0
DL,MSY,-6.0
DL,MCI,-4.0
DL,DFW,-4.0
DL,ATL,9.0
DL,DTW,1.0
DL,JFK,-10.0
DL,MIA,-2.0
DL,ATL,-3.0
DL,TPA,88.0
DL,LAX,-4.0
DL,13830,-4.0
DL,JFK,-6.0
DL,MSY,-2.0
DL,PDX,-1.0
DL,GSO,-6.0
DL,12953,9.0
DL,STT,0.0
DL,DTW,-5.0
DL,BIL,-3.0
DL,MSP,-5.0
DL,SLC,1.0
DL,SLC,-1.0
DL,SLC,-1.0
DL,DTW,-4.0
DL,ATL,-3.0
DL,LAX,-2.0
DL,BOS,76.0
DL,ATL,-4.0
DL,GSP,-4.0
DL,MKE,1.0
DL,ATL,100.0
DL,11973,-4.0
DL,TPA,-1.0
DL,MSP,-2.0
DL,ATL,-2.0
DL,RSW,-5.0
DL,ATL,-4.0
DL,DTW,96.0
DL,15016,-1.0
DL,MSP,0.0
DL,JFK,45.0
DL,SAT,25.0
DL,ATL,0.0
DL,JAN,
DL,MSP,86.0
DL,STL,-2.0
DL,ATL,2.0
DL,BOS,106.0
DL,BOS,5.0
DL,11193,-4.0
DL,ATL,-3.0
DL,BHM,0.0
DL,DCA,-6.0
DL,MSP,-3.0
DL,JFK,-10.0
DL,SEA,-5.0
DL,DTW,-2.0
DL,CLT,28.0
DL,BNA,0.0
DL,LAX,22.0
DL,ALB,17.0
DL,SRQ,34.0
DL,ATL,-3.0
DL,SAN,-4.0
DL,MSP,-4.0
DL,11618,0.0
DL,ATL,1.0
DL,TUL,0.0
DL,ATL,0.0
DL,LGA,0.0
DL,LAX,-1.0
DL,GSP,-3.0
DL,ROC,30.0
DL,ATL,-6.0
DL,PHX,0.0
DL,LGA,56.0
DL,MCO,-5.0
DL,DTW,8.0
DL,MSP,-1.0
DL,ATL,-1.0
DL,DAY,-4.0
DL,ATL,-4.0
DL,BOS,-1.0
DL,MSP,1.0
DL,MCO,4.0
DL,ALB,-15.0
DL,LGA,0.0
DL,10397,10.0
DL,ATL,-2.0
DL,PHX,-6.0
DL,DTW,-1.0
DL,PHX,-8.0
DL,JFK,-5.0
DL,PDX,13.0
DL,LGA,-6.0
DL,10397,3.0
DL,ATL,-1.0
DL,ATL,1.0
DL,SLC,-2.0
DL,JAN,-5.0
DL,BOS,22.0
DL,ANC,-15.0
DL,DTW,-2.0
DL,ATL,113.0
DL,ATL,-6.0
DL,SAV,24.0
DL,EWR,-3.0
DL,ATL,-3.0
DL,LAX,0.0
DL,MSP,-7.0
DL,ATL,-1.0
DL,DTW,-2.0
DL,IAD,-4.0
DL,JAX,-7.0
DL,STT,
DL,BNA,19.0
DL,ATL,2.0
DL,EWR,-1.0
DL,PWM,-2.0
DL,DEN,-4.0
DL,SEA,-4.0
DL,CHS,-4.0
DL,10397,-5.0
DL,LFT,62.0
DL,MCO,-5.0
DL,DTW,0.0
DL,LGA,10.0
DL,ATL,0.0
DL,PHX,-3.0
DL,DTW,-7.0
DL,EWR,-1.0
DL,BOS,-7.0
DL,SAN,0.0
DL,TPA,-4.0
DL,LIT,86.0
DL,DTW,-2.0
DL,JAX,-6.0
DL,ATL,123.0
DL,DTW,3.0
DL,ATL,-5.0
DL,SRQ,-6.0
DL,ATL,14.0
DL,MCO,4.0
DL,MCI,-3.0
DL,CHO,-6.0
DL,LAX,0.0
DL,ATL,-2.0
DL,MSP,7.0
DL,DTW,-8.0
DL,ATL,-3.0
DL,CMH,-2.0
DL,MSP,-5.0
DL,AVL,-4.0
DL,ATL,-1.0
DL,FAI,-5.0
DL,SEA,-2.0
DL,DTW,8.0
DL,PBI,-2.0
DL,EWR,38.0
DL,JFK,-1.0
DL,DTW,74.0
DL,DFW,6.0
DL,MSP,4.0
DL,IND,127.0
DL,ATL,98.0
DL,ATL,22.0
DL,DTW,-1.0
DL,LAX,59.0
DL,DTW,1.0
DL,ATL,-4.0
DL,ATL,-4.0
DL,OKC,26.0
DL,DTW,-4.0
DL,FSD,1.0
DL,FLL,-3.0
DL,LGA,32.0
DL,ATL,-2.0
DL,SRQ,-7.0
DL,MSP,-1.0
DL,DEN,-2.0
DL,12217,16.0
DL,ATL,-3.0
DL,CHS,32.0
DL,ATL,-7.0
DL,DTW,-1.0
DL,HOU,-4.0
DL,MEM,-5.0
DL,SLC,12.0
DL,LAX,6.0
DL,11278,-1.0
DL,SLC,4.0
DL,MCO,6.0
DL,SLC,137.0
DL,ATL,-2.0
DL,ORF,-1.0
DL,GEG,-5.0
DL,DTW,97.0
DL,ATL,-2.0
DL,JFK,-3.0
DL,ABQ,5.0
DL,ATL,32.0
DL,ATL,4.0
DL,BNA,-3.0
DL,DCA,-4.0
DL,TPA,-4.0
DL,MLB,-3.0
DL,ATL,-5.0
DL,ATL,39.0
DL,JFK,4.0
DL,MSP,-3.0
DL,DTW,250.0
DL,ATL,14.0
DL,DCA,4.0
DL,AUS,-3.0
DL,OKC,-1.0
DL,ATL,0.0
DL,JAC,-12.0
DL,ATL,-3.0
DL,SLC,-1.0
DL,ATL,-1.0
DL,MIA,-6.0
DL,ORD,-3.0
DL,13487,25.0
DL,MDW,-5.0
DL,OKC,30.0
DL,TPA,-6.0
DL,ATL,-4.0
DL,ATL,-1.0
DL,ATL,7.0
DL,MCI,9.0
DL,ATL,-3.0
DL,ROC,-2.0
DL,MCO,-11.0
DL,EWR,-2.0
DL,ATL,-5.0
DL,12478,-5.0
DL,MIA,-5.0
DL,CLT,-9.0
DL,ATL,-2.0
DL,ATL,0.0
DL,DAL,-3.0
DL,BUF,-3.0
DL,LAX,7.0
DL,BWI,5.0
DL,KOA,21.0
DL,ATL,-1.0
DL,MSP,2.0
DL,ATL,-3.0
DL,14570,-4.0
DL,EWR,-5.0
DL,CLT,0.0
DL,SDF,-4.0
DL,ATL,0.0
DL,ATL,-7.0
DL,ATL,6.0
DL,SEA,-2.0
DL,ORD,28.0
DL,GNV,-3.0
DL,ATL,-3.0
DL,BNA,0.0
DL,RDU,-1.0
DL,ATL,7.0
DL,PDX,9.0
DL,11066,-3.0
DL,MSP,-3.0
DL,MEM,-2.0
DL,ATL,220.0
DL,MIA,1.0
DL,SAT,-5.0
DL,ATL,0.0
DL,MCO,-3.0
DL,TPA,-3.0
DL,SHV,-5.0
DL,DCA,-2.0
DL,EWR,216.0
DL,LAX,-3.0
DL,SEA,-6.0
DL,ATL,-3.0
DL,DTW,-1.0
DL,LGA,-3.0
DL,13487,-1.0
DL,DTW,-2.0
DL,GRR,-5.0
DL,MCO,4.0
DL,DTW,-3.0
DL,11433,-3.0
DL,14747,81.0
DL,MCO,-5.0
DL,MSY,-2.0
DL,ATL,-1.0
DL,12217,0.0
DL,SLC,17.0
DL,CLT,-2.0
DL,LGA,-5.0
DL,FLL,-1.0
DL,ATL,-4.0
DL,PNS,7.0
DL,ATL,0.0
DL,ATL,11.0
DL,ATL,45.0
DL,DTW,-2.0
DL,GPT,-7.0
DL,14683,-3.0
DL,LAX,9.0
DL,FLL,-4.0
DL,MCO,-6.0
DL,ATL,162.0
DL,BOS,-7.0
DL,ATL,105.0
DL,10397,-1.0
DL,ATL,22.0
DL,CLE,-2.0
DL,BDL,-5.0
DL,IAH,-3.0
DL,MSP,-4.0
DL,TPA,74.0
DL,LGA,-1.0
DL,MSP,-2.0
DL,CLT,11.0
DL,LGA,11.0
DL,PHX,3.0
DL,ATL,11.0
DL,BOS,112.0
DL,ATL,-4.0
DL,ABE,-4.0
DL,JFK,-1.0
DL,SFO,-6.0
DL,MSY,0.0
DL,SLC,-5.0
DL,MKE,15.0
DL,ATL,-1.0
DL,HNL,-4.0
DL,SAT,-3.0
DL,SFO,-1.0
DL,SRQ,-6.0
DL,ATL,-2.0
DL,MHT,-1.0
DL,14679,4.0
DL,BWI,-3.0
DL,ATL,8.0
DL,10397,-6.0
DL,LAS,-4.0
DL,CVG,5.0
DL,ATL,-6.0
DL,DCA,1.0
DL,SFO,1.0
DL,SAV,3.0
DL,FLL,-5.0
DL,DCA,-4.0
DL,STL,-5.0
DL,ATL,-2.0
DL,ATL,-1.0
DL,RDU,-3.0
DL,ATL,26.0
DL,MCO,-2.0
DL,ATL,-3.0
DL,ORD,4.0
DL,ATL,-3.0
DL,SLC,-3.0
DL,ATL,-3.0
DL,ATL,-7.0
DL,CLE,-2.0
DL,ATL,0.0
DL,FSD,-6.0
DL,SFO,-6.0
DL,ATL,81.0
DL,ATL,4.0
DL,ATL,24.0
DL,ATL,-2.0
DL,SNA,-4.0
DL,DEN,-9.0
DL,ATL,-5.0
DL,ATL,-3.0
DL,MSP,-11.0
DL,DTW,-5.0
DL,MKE,-5.0
DL,ATL,-5.0
DL,ATL,17.0
DL,SJC,-1.0
DL,SNA,0.0
DL,DTW,143.0
DL,SEA,4.0
DL,LAS,-6.0
DL,ATL,-4.0
DL,JAN,-3.0
DL,14107,-4.0
DL,MIA,-3.0
DL,IND,6.0
DL,LGA,-7.0
DL,PHL,-4.0
DL,GEG,-7.0
DL,ATL,3.0
DL,10397,9.0
DL,ATL,34.0
DL,LGA,-4.0
DL,LIT,-4.0
DL,GRR,-2.0
DL,DTW,5.0
DL,LGA,128.0
DL,DTW,-7.0
DL,ATL,1.0
DL,GRR,-7.0
DL,LAX,-1.0
DL,FLL,33.0
DL,LGA,0.0
DL,ATL,-1.0
DL,SMF,-2.0
DL,LAX,-1.0
DL,SLC,-4.0
DL,LGA,66.0
DL,ATL,-6.0
DL,TPA,41.0
DL,ATL,-2.0
DL,14869,0.0
DL,JFK,-8.0
DL,BOS,3.0
DL,LIT,-3.0
DL,ATL,48.0
DL,LGA,-5.0
DL,ATL,0.0
DL,DTW,0.0
DL,CLT,55.0
DL,DTW,-1.0
DL,TPA,-1.0
DL,DTW,0.0
DL,MSP,-2.0
DL,PDX,55.0
DL,CVG,-5.0
DL,MSN,-4.0
DL,STL,-6.0
DL,LAX,15.0
DL,ATL,1.0
DL,LIT,-4.0
DL,ATL,-3.0
DL,ATL,2.0
DL,ATL,0.0
DL,LGA,0.0
DL,10693,-3.0
DL,DTW,-3.0
DL,DTW,-5.0
DL,JFK,5.0
DL,ATL,-2.0
DL,DTW,-1.0
DL,MCO,-2.0
DL,JFK,1.0
DL,MSP,52.0
DL,ATL,5.0
DL,RNO,-5.0
DL,SLC,60.0
DL,ATL,-4.0
DL,JFK,-5.0
DL,ATL,-3.0
DL,SAN,290.0
DL,MSY,139.0
DL,PBI,-3.0
DL,MSP,-4.0
DL,ATL,-5.0
DL,ORD,35.0
DL,JFK,35.0
DL,PVD,-5.0
DL,DFW,0.0
DL,RNO,-2.0
DL,BDL,0.0
DL,DTW,-2.0
DL,MSP,-1.0
DL,14679,-7.0
DL,ATL,-1.0
DL,PHX,-6.0
DL,SEA,11.0
DL,CLT,-3.0
DL,MSO,-6.0
DL,EVV,-11.0
DL,DCA,-4.0
DL,MSP,-4.0
DL,SRQ,-1.0
DL,ATL,-2.0
DL,ATL,27.0
DL,MCO,-9.0
DL,MSP,-6.0
DL,DCA,-8.0
DL,ATL,-2.0
DL,13487,-5.0
DL,PHL,-6.0
DL,ORF,194.0
DL,ORD,0.0
DL,10620,-5.0
DL,MHT,-8.0
DL,PBI,1072.0
DL,PHL,-3.0
DL,SLC,-5.0
DL,ATL,29.0
DL,PDX,0.0
DL,TPA,-4.0
DL,BNA,6.0
DL,MSY,-7.0
DL,ATL,-1.0
DL,DTW,-6.0
DL,LGA,
DL,ATL,-6.0
DL,DEN,292.0
DL,JFK,85.0
DL,PDX,-2.0
DL,SFO,9.0
DL,FLL,-4.0
DL,PBI,-5.0
DL,ABQ,-3.0
DL,JFK,-3.0
DL,SEA,11.0
DL,SJU,-12.0
DL,DTW,65.0
DL,ATL,1.0
DL,MCO,-2.0
DL,LGA,-2.0
DL,ATL,4.0
DL,SLC,-6.0
DL,LGA,-7.0
DL,LGA,1.0
DL,10693,-7.0
DL,MSP,-2.0
DL,DTW,0.0
DL,BOS,-2.0
DL,DCA,-1.0
DL,MCO,-5.0
DL,DFW,-7.0
DL,JFK,-4.0
DL,MDW,-4.0
DL,SMF,-3.0
DL,SLC,-1.0
DL,SLC,0.0
DL,ATL,4.0
DL,DTW,5.0
DL,MSP,0.0
DL,ATL,6.0
DL,CLE,-6.0
DL,SAN,-8.0
DL,BOS,-1.0
DL,MSP,-3.0
B6,ROC,-9.0
B6,SJU,3.0
B6,JFK,12.0
B6,MCO,21.0
B6,IAD,-7.0
B6,JFK,7.0
B6,JAX,-10.0
B6,JFK,-5.0
B6,SJU,30.0
B6,EWR,-2.0
B6,FLL,17.0
B6,JFK,-13.0
B6,CHS,-3.0
B6,BOS,-6.0
B6,BOS,-4.0
B6,ORH,-5.0
B6,JFK,0.0
B6,SJU,-4.0
B6,FLL,-2.0
B6,FLL,-15.0
B6,DCA,53.0
B6,12478,-1.0
B6,FLL,17.0
B6,BOS,-1.0
B6,SFO,12.0
B6,LGA,-5.0
B6,BOS,27.0
B6,BOS,-3.0
B6,DFW,-6.0
B6,MCO,-10.0
B6,DCA,-2.0
B6,SFO,0.0
B6,STX,120.0
B6,LGB,-7.0
B6,JFK,-5.0
B6,SJU,11.0
B6,PBI,16.0
B6,SJU,16.0
B6,FLL,15.0
B6,10994,53.0
B6,BOS,9.0
B6,DCA,8.0
B6,LAS,0.0
B6,SJU,-5.0
B6,SLC,-4.0
B6,BOS,0.0
B6,PSE,-3.0
B6,BOS,-6.0
B6,JFK,15.0
B6,BOS,1.0
B6,JFK,25.0
B6,FLL,-10.0
B6,PBI,22.0
B6,SFO,17.0
B6,11618,-8.0
B6,EWR,-10.0
B6,FLL,-1.0
B6,DCA,7.0
B6,PDX,20.0
B6,HOU,-7.0
B6,CHS,-6.0
B6,PHL,-7.0
B6,BUF,-4.0
B6,JFK,-7.0
B6,FLL,0.0
B6,SJU,1.0
B6,HOU,10.0
B6,13204,1.0
B6,JFK,-4.0
B6,HOU,-6.0
B6,BOS,-1.0
B6,LAS,5.0
B6,BOS,-2.0
B6,RDU,-10.0
B6,MCO,-4.0
B6,ROC,-4.0
B6,10721,-6.0
B6,ANC,-2.0
B6,PWM,-10.0
B6,JFK,23.0
B6,RDU,96.0
B6,BUF,-6.0
B6,RIC,-3.0
B6,BUF,-3.0
B6,LGB,-9.0
B6,LGA,0.0
B6,FLL,-6.0
B6,FLL,2.0
B6,FLL,-5.0
B6,BUF,-4.0
B6,LGB,-2.0
B6,CHS,-2.0
B6,JAX,-7.0
B6,JFK,-6.0
B6,HPN,8.0
B6,FLL,-7.0
B6,BOS,123.0
B6,FLL,-11.0
B6,LAX,38.0
B6,MCO,47.0
B6,STT,-3.0
B6,RSW,-10.0
B6,BOS,-3.0
B6,JFK,40.0
B6,FLL,-8.0
B6,HPN,-7.0
B6,SJU,2.0
B6,LAX,-1.0
B6,PHL,-2.0
B6,JFK,-12.0
B6,FLL,-11.0
B6,BDL,27.0
B6,BOS,-7.0
B6,FLL,
B6,LAX,-1.0
B6,JFK,0.0
B6,PBI,-8.0
B6,14524,-7.0
B6,LGB,-6.0
B6,13796,-5.0
B6,BOS,-6.0
B6,TPA,-10.0
B6,BUF,-3.0
B6,LGA,25.0
B6,JFK,20.0
B6,PHL,2.0
B6,OAK,-5.0
B6,SFO,222.0
B6,DEN,-4.0
B6,MCO,83.0
B6,CLT,-6.0
B6,BOS,-9.0
B6,BOS,5.0
B6,11433,-8.0
B6,JFK,-4.0
B6,SJU,-2.0
B6,10721,-5.0
B6,JFK,-5.0
B6,PHX,11.0
B6,CLT,5.0
B6,LAX,3.0
B6,LGA,25.0
B6,JFK,96.0
B6,TPA,-8.0
B6,LAS,-6.0
B6,BOS,2.0
B6,JAX,-12.0
B6,MCO,
B6,BOS,-2.0
B6,FLL,-6.0
B6,SJU,-12.0
B6,MCO,36.0
B6,FLL,-7.0
B6,JFK,-6.0
B6,BOS,-4.0
B6,BUF,
B6,MCO,9.0
B6,MCO,-3.0
B6,RSW,23.0
B6,MCO,-5.0
B6,EWR,226.0
B6,SYR,-21.0
B6,RSW,1.0
B6,SFO,-3.0
B6,BUF,-12.0
B6,EWR,-7.0
B6,BOS,15.0
B6,RDU,0.0
B6,SEA,-7.0
B6,BOS,56.0
B6,TPA,92.0
B6,DCA,-5.0
B6,TPA,63.0
B6,JFK,2.0
B6,DCA,-16.0
B6,BOS,-6.0
B6,BOS,-4.0
B6,14027,58.0
B6,BQN,-9.0
B6,SJU,66.0
B6,12478,52.0
B6,SJC,-10.0
B6,JFK,-10.0
B6,BWI,-13.0
B6,TPA,-9.0
B6,PBI,50.0
B6,BWI,49.0
B6,LGA,57.0
B6,JFK,0.0
B6,BOS,1.0
B6,PWM,-7.0
B6,10721,3.0
B6,BWI,-12.0
B6,SFO,97.0
B6,FLL,
B6,HPN,-3.0
B6,EWR,1.0
B6,FLL,0.0
B6,LGA,2.0
B6,BOS,-2.0
B6,PIT,-10.0
B6,PHL,-9.0
B6,SAV,117.0
B6,SJU,6.0
B6,SJU,14.0
B6,HPN,5.0
B6,LGA,-4.0
B6,JFK,-7.0
B6,10721,-4.0
B6,MCO,9.0
B6,JFK,-3.0
B6,JFK,20.0
B6,BOS,13.0
B6,RDU,8.0
B6,JFK,-5.0
B6,FLL,14.0
B6,JFK,
B6,PBI,12.0
B6,10721,-1.0
B6,LAX,-12.0
B6,DCA,-6.0
B6,SFO,-2.0
B6,PHX,-6.0
B6,DCA,-7.0
B6,DCA,-3.0
B6,SFO,16.0
B6,JFK,46.0
B6,PVD,-5.0
B6,DCA,-8.0
B6,JAX,-7.0
B6,JFK,-7.0
B6,OAK,-2.0
B6,JFK,52.0
B6,SJU,256.0
B6,BOS,6.0
B6,BUF,-9.0
B6,11697,97.0
B6,JFK,-3.0
B6,EWR,-9.0
B6,JFK,-4.0
B6,JFK,-4.0
B6,JFK,22.0
B6,JFK,-10.0
B6,SYR,-7.0
B6,12892,9.0
B6,FLL,-2.0
B6,SJU,-2.0
B6,BOS,17.0
B6,PIT,-7.0
B6,BDL,-10.0
B6,JFK,23.0
B6,LGB,-6.0
B6,JFK,-1.0
B6,PBI,95.0
B6,BOS,-1.0
B6,PDX,-3.0
B6,BOS,38.0
B6,PBI,98.0
B6,HOU,30.0
B6,BOS,-8.0
B6,BOS,-9.0
B6,BOS,-7.0
B6,PVD,-14.0
B6,SFO,-5.0
B6,DCA,0.0
B6,JFK,-11.0
B6,JFK,1.0
B6,JFK,126.0
B6,FLL,35.0
B6,LGB,8.0
B6,JFK,-1.0
B6,SJU,33.0
B6,JFK,5.0
B6,LGB,-6.0
B6,JFK,-4.0
B6,PBI,0.0
B6,FLL,-3.0
B6,SYR,0.0
B6,PBI,-14.0
B6,SEA,0.0
B6,JFK,-6.0
B6,BOS,14.0
B6,MSY,-7.0
B6,IAD,
B6,BOS,-6.0
B6,JFK,-7.0
B6,14685,-14.0
B6,BOS,-4.0
B6,LGB,11.0
B6,BDL,-1.0
B6,BOS,19.0
B6,11618,12.0
B6,FLL,-6.0
B6,JFK,85.0
B6,TPA,180.0
B6,RSW,0.0
B6,SEA,-4.0
B6,11697,-1.0
B6,JFK,-4.0
B6,RDU,5.0
B6,12478,10.0
B6,HPN,34.0
B6,DFW,
B6,FLL,-15.0
B6,FLL,62.0
B6,RSW,62.0
B6,LAX,15.0
B6,SJU,-9.0
B6,LGA,19.0
B6,10721,0.0
B6,MCO,2.0
B6,JFK,22.0
B6,LGB,-6.0
B6,BOS,0.0
B6,PBI,-10.0
B6,DTW,6.0
B6,JFK,3.0
B6,BOS,-3.0
B6,FLL,-6.0
B6,FLL,0.0
B6,IAD,
B6,12478,0.0
B6,FLL,10.0
B6,FLL,-4.0
B6,JFK,-3.0
B6,DCA,-10.0
B6,TPA,4.0
B6,MCO,14.0
B6,JFK,28.0
B6,PIT,-6.0
B6,PHL,12.0
B6,SAV,-3.0
B6,RIC,10.0
B6,JFK,-6.0
B6,FLL,36.0
B6,BOS,25.0
B6,ORD,-3.0
B6,ORD,35.0
B6,FLL,124.0
B6,14027,-5.0
B6,ROC,-8.0
B6,BOS,0.0
B6,LAX,44.0
B6,TPA,28.0
B6,IAD,7.0
B6,JFK,-4.0
B6,FLL,8.0
B6,JFK,88.0
B6,BOS,-5.0
B6,LGB,-1.0
B6,FLL,-1.0
B6,DCA,-2.0
B6,BOS,4.0
B6,MCO,2.0
B6,FLL,16.0
B6,14679,0.0
B6,14843,8.0
B6,EWR,-9.0
B6,EWR,3.0
B6,BWI,-15.0
B6,EWR,48.0
B6,10529,6.0
B6,BDL,-12.0
B6,BOS,-8.0
B6,JFK,-5.0
B6,PBI,-6.0
B6,ANC,-5.0
B6,JFK,18.0
B6,MCO,42.0
B6,JFK,8.0
B6,BOS,-10.0
B6,PIT,2.0
B6,FLL,9.0
B6,PBI,74.0
B6,PDX,1.0
B6,JAX,13.0
B6,EWR,40.0
B6,SRQ,-5.0
B6,MCO,-7.0
B6,PSE,-7.0
B6,FLL,-4.0
B6,12478,-2.0
B6,FLL,39.0
B6,TPA,-3.0
B6,PBI,-10.0
B6,PDX,-1.0
B6,JFK,0.0
B6,LGA,-1.0
B6,FLL,4.0
B6,SAN,66.0
B6,CLT,-5.0
B6,AUS,-2.0
B6,TPA,2.0
B6,DCA,0.0
B6,JFK,160.0
B6,JFK,18.0
B6,BOS,8.0
B6,BOS,9.0
B6,JFK,-6.0
B6,BOS,-4.0
B6,RSW,1.0
B6,BOS,
B6,PBI,-5.0
B6,10721,0.0
B6,MCO,-5.0
B6,JFK,-3.0
B6,LGA,7.0
B6,JFK,-1.0
B6,TPA,42.0
B6,10721,-6.0
B6,BOS,-4.0
B6,RIC,-6.0
B6,SYR,-9.0
B6,SRQ,156.0
B6,BOS,1.0
B6,11433,12.0
B6,MCO,-5.0
B6,JFK,17.0
B6,LGA,-2.0
B6,JFK,24.0
B6,11057,4.0
B6,LGA,7.0
B6,JFK,-1.0
B6,BOS,5.0
B6,BOS,9.0
B6,MCO,28.0
B6,SFO,24.0
B6,JFK,-9.0
B6,ORD,-4.0
B6,DCA,15.0
B6,DCA,-5.0
B6,BOS,69.0
B6,RSW,-8.0
B6,JFK,-2.0
B6,TPA,-9.0
B6,BOS,-3.0
B6,JFK,-6.0
B6,LAX,-3.0
B6,10721,-4.0
B6,CLT,-17.0
B6,JFK,-6.0
B6,13204,-5.0
B6,BUF,203.0
B6,FLL,-3.0
B6,SEA,20.0
B6,MCO,-6.0
B6,LAS,90.0
B6,SJU,0.0
B6,DCA,27.0
B6,STT,-7.0
B6,RDU,-6.0
B6,BOS,0.0
B6,JFK,1.0
AS,DEN,56.0
AS,PDX,-1.0
AS,PDX,-6.0
AS,ANC,-9.0
AS,SEA,-2.0
AS,ANC,-9.0
AS,ORD,21.0
AS,SCC,-8.0
AS,SEA,18.0
AS,MSP,-8.0
AS,14747,-3.0
AS,LAS,-9.0
AS,SEA,5.0
AS,CDV,-26.0
AS,JNU,-11.0
AS,SEA,-3.0
AS,14747,-6.0
AS,SEA,16.0
AS,SEA,-5.0
AS,ADQ,-5.0
AS,JNU,-20.0
AS,SEA,2.0
AS,MCO,4.0
AS,SMF,1.0
AS,SEA,19.0
AS,PDX,-8.0
AS,SEA,-1.0
AS,14747,2.0
AS,JNU,-9.0
AS,SEA,-2.0
AS,SLC,-9.0
AS,SEA,-5.0
AS,SEA,0.0
AS,BET,0.0
AS,SEA,20.0
AS,JNU,-7.0
AS,SEA,0.0
AS,FAI,-7.0
AS,SEA,5.0
AS,SEA,0.0
AS,SJC,-7.0
AS,PDX,-3.0
AS,KTN,14.0
AS,ANC,-9.0
AS,ADQ,-12.0
AS,14057,1.0
AS,SEA,-7.0
AS,SEA,108.0
AS,SEA,-3.0
AS,SEA,8.0
AS,ONT,-4.0
AS,LAS,-4.0
AS,MSP,18.0
AS,SEA,-3.0
AS,ANC,-1.0
AS,ANC,-2.0
AS,SEA,11.0
AS,PDX,-2.0
AS,11298,-5.0
AS,SEA,-14.0
AS,SEA,-6.0
AS,PDX,-8.0
AS,SEA,-6.0
AS,SAN,-8.0
AS,PHX,7.0
AS,SEA,46.0
AS,SEA,-2.0
AS,SJC,-5.0
AS,SEA,0.0
AS,BRW,-20.0
AS,SEA,2.0
AS,14057,63.0
AS,ANC,-8.0
AS,PHX,13.0
AS,BRW,-5.0
AS,SMF,-12.0
AS,PDX,-7.0
AS,SEA,-4.0
AS,10299,0.0
AS,SAN,-7.0
AS,12819,5.0
AS,OGG,-11.0
AS,10721,-3.0
AS,SJC,0.0
AS,SEA,-3.0
AS,14747,-2.0
AS,ANC,-7.0
AS,SCC,-4.0
AS,PDX,-4.0
AS,PHX,-19.0
AS,ANC,-9.0
AS,SJC,-6.0
AS,PDX,-5.0
AS,OTZ,3.0
AS,ORD,-8.0
AS,SEA,4.0
AS,LAS,-12.0
AS,15016,-9.0
AS,PDX,-4.0
AS,SLC,6.0
AS,SEA,-2.0
AS,SEA,4.0
AS,KTN,163.0
AS,SCC,88.0
AS,SFO,60.0
AS,12892,51.0
AS,SEA,5.0
AS,SEA,4.0
AS,OAK,-14.0
AS,OAK,37.0
AS,SFO,-3.0
AS,SJC,-7.0
AS,ANC,-5.0
AS,JNU,69.0
AS,ONT,71.0
AS,SEA,-10.0
AS,PSP,-4.0
AS,PSG,-19.0
AS,FAI,-7.0
AS,14747,-12.0
AS,DEN,-9.0
AS,SEA,-3.0
AS,SEA,-2.0
AS,SEA,-1.0
AS,HNL,-10.0
AS,ANC,1.0
AS,OGG,0.0
AS,SEA,8.0
AS,EWR,-3.0
AS,LAX,-1.0
AS,SEA,-6.0
AS,SEA,-1.0
AS,SMF,-3.0
AS,ANC,2.0
AS,LAX,39.0
AS,FAI,-12.0
AS,10754,-8.0
AS,14057,5.0
AS,KOA,-14.0
AS,SEA,-2.0
AS,SEA,0.0
AS,SEA,-3.0
AS,SEA,5.0
AS,SAN,24.0
AS,SEA,9.0
AS,14908,-14.0
AS,SEA,-4.0
AS,SFO,-14.0
AS,DEN,-10.0
AS,KTN,-11.0
AS,OGG,-8.0
AS,LAS,-9.0
AS,14747,-4.0
AS,SNA,-9.0
AS,SEA,20.0
AS,SAN,52.0
AS,SFO,11.0
AS,OAK,29.0
AS,SEA,0.0
AS,PDX,27.0
AS,SEA,21.0
AS,SEA,-6.0
AS,SCC,-3.0
AS,ANC,-3.0
AS,OAK,-6.0
AS,14679,-15.0
AS,HNL,2.0
AS,SEA,2.0
AS,ANC,0.0
AS,KOA,-5.0
AS,KTN,-10.0
AS,SAN,9.0
AS,ANC,-3.0
AS,ANC,-2.0
AS,SEA,-6.0
AS,SMF,5.0
AS,BWI,11.0
AS,OGG,-15.0
AS,SEA,-2.0
AS,PHX,-17.0
AS,DCA,-5.0
AS,KTN,33.0
AS,SEA,9.0
AS,KTN,-10.0
AS,OME,-9.0
AS,14747,-3.0
AS,SMF,-10.0
AS,JNU,-18.0
AS,SEA,1.0
AS,SMF,17.0
AS,SEA,-2.0
AS,SFO,0.0
AS,KOA,1.0
AS,GEG,11.0
AS,SIT,-10.0
AS,ONT,-6.0
AS,ANC,-8.0
AS,SEA,-3.0
AS,PDX,-4.0
AS,PDX,-9.0
AS,SEA,-2.0
AS,PDX,-6.0
AS,ANC,0.0
AS,14747,-5.0
AS,SEA,36.0
AS,OAK,-6.0
AS,LAX,8.0
AS,14747,-3.0
AS,SEA,12.0
AS,OGG,-6.0
AS,14747,-3.0
AS,SEA,2.0
AS,PDX,0.0
AS,SEA,-9.0
AS,SEA,15.0
AS,JNU,-4.0
AS,SEA,2.0
AS,SEA,11.0
AS,SEA,0.0
AS,PDX,-6.0
AS,SEA,0.0
AS,SNA,31.0
AS,MSP,-3.0
AS,SNA,38.0
AS,LAX,-16.0
AS,SAN,-1.0
AS,PDX,-7.0
AS,PDX,-4.0
AS,ONT,-8.0
AS,HNL,-6.0
AS,SAN,-9.0
AS,SEA,-6.0
AS,SAN,-6.0
AS,SEA,-7.0
AS,PDX,-7.0
AS,LAS,-5.0
AS,ANC,-2.0
AS,SEA,5.0
AS,12819,10.0
AS,SAN,6.0
AS,PDX,-1.0
AS,SEA,-3.0
AS,SEA,-5.0
AS,SEA,-15.0
AS,ANC,-5.0
AS,SEA,-14.0
AS,GEG,-8.0
AS,LAX,-2.0
AS,FAI,3.0
AS,PDX,-2.0
AS,SEA,-7.0
AS,SEA,-7.0
AS,LAS,-3.0
AS,KTN,-15.0
AS,SAN,-5.0
AS,14747,5.0
AS,SEA,-1.0
AS,SEA,45.0
AS,JNU,-4.0
AS,LAX,119.0
AS,ORD,-12.0
AS,DCA,-4.0
AS,11697,30.0
AS,PSG,8.0
AS,SEA,-2.0
AS,KOA,-10.0
AS,LAX,8.0
AS,PDX,-4.0
AS,SFO,-3.0
AS,DCA,-5.0
AS,LIH,-4.0
AS,SEA,-6.0
AS,SMF,-5.0
AS,SEA,-5.0
AS,LAX,-6.0
AS,CDV,-26.0
AS,LAS,-12.0
AS,ANC,16.0
AS,ATL,11.0
AS,ANC,-6.0
AA,DFW,-3.0
AA,TPA,131.0
AA,MCI,48.0
AA,14100,-5.0
AA,JAC,-5.0
AA,BDL,10.0
AA,PHX,-10.0
AA,ORD,-5.0
AA,DFW,-6.0
AA,SJU,6.0
AA,PHL,-6.0
AA,DEN,-6.0
AA,LAX,-4.0
AA,DFW,0.0
AA,MSP,2.0
AA,ORD,37.0
AA,PHX,-4.0
AA,DCA,-3.0
AA,IND,-7.0
AA,ORD,2.0
AA,BWI,9.0
AA,RSW,-3.0
AA,SNA,-6.0
AA,LAX,-5.0
AA,ORD,72.0
AA,SAN,-6.0
AA,ORD,30.0
AA,SEA,-5.0
AA,ATL,-8.0
AA,MIA,165.0
AA,DFW,-6.0
AA,MIA,-5.0
AA,PBI,-10.0
AA,12953,-2.0
AA,LGA,74.0
AA,STX,-3.0
AA,DEN,2.0
AA,LAS,-4.0
AA,ORD,-2.0
AA,ATL,-4.0
AA,SFO,-4.0
AA,11057,-1.0
AA,PHL,4.0
AA,PDX,-4.0
AA,11298,16.0
AA,DFW,-5.0
AA,ONT,153.0
AA,PVD,6.0
AA,13487,-3.0
AA,OMA,-9.0
AA,SFO,7.0
AA,SNA,9.0
AA,BWI,-1.0
AA,MCO,-4.0
AA,SFO,4.0
AA,COS,16.0
AA,BOS,-2.0
AA,LAX,-2.0
AA,MCO,36.0
AA,LAX,-5.0
AA,14635,-7.0
AA,DFW,-1.0
AA,ONT,7.0
AA,LGA,-1.0
AA,MIA,61.0
AA,PWM,-4.0
AA,ROC,2.0
AA,BOS,-6.0
AA,RDU,-4.0
AA,LAS,64.0
AA,BOS,24.0
AA,DFW,-14.0
AA,JFK,96.0
AA,12892,0.0
AA,DFW,1.0
AA,BOS,7.0
AA,DFW,-2.0
AA,PHX,1.0
AA,TPA,6.0
AA,PHX,8.0
AA,PHX,-5.0
AA,LAX,-6.0
AA,LAX,-12.0
AA,11057,21.0
AA,MIA,10.0
AA,MKE,-5.0
AA,DFW,-6.0
AA,PVD,1.0
AA,DFW,-6.0
AA,PHX,0.0
AA,DEN,-6.0
AA,DFW,9.0
AA,LAS,-5.0
AA,DFW,6.0
AA,MIA,10.0
AA,13303,-6.0
AA,SFO,-9.0
AA,ORF,-2.0
AA,OGG,-9.0
AA,ORD,-2.0
AA,LAS,-5.0
AA,14100,-2.0
AA,10529,-4.0
AA,CLT,-6.0
AA,SAT,-3.0
AA,ORD,56.0
AA,DFW,-3.0
AA,DFW,-3.0
AA,RSW,0.0
AA,DFW,6.0
AA,BOS,26.0
AA,MIA,1.0
AA,DFW,60.0
AA,LAX,-3.0
AA,ORD,30.0
AA,DFW,15.0
AA,JAC,234.0
AA,12478,-6.0
AA,LGA,-10.0
AA,DFW,-5.0
AA,CLT,2.0
AA,PHX,63.0
AA,CLT,-5.0
AA,SFO,56.0
AA,DFW,1.0
AA,HNL,-13.0
AA,DFW,4.0
AA,10140,-6.0
AA,MIA,14.0
AA,DTW,-3.0
AA,PHL,127.0
AA,MSP,-6.0
AA,DFW,-5.0
AA,PNS,-7.0
AA,PHX,-9.0
AA,LAX,-7.0
AA,BWI,175.0
AA,PHL,-2.0
AA,LGA,-7.0
AA,MSY,-5.0
AA,ORD,-4.0
AA,MCI,-3.0
AA,MIA,4.0
AA,MFE,1.0
AA,LAX,1.0
AA,MIA,
AA,LGA,39.0
AA,DFW,-5.0
AA,PDX,20.0
AA,LAS,-7.0
AA,BOS,-4.0
AA,DFW,27.0
AA,DFW,44.0
AA,STT,-4.0
AA,SNA,20.0
AA,TPA,23.0
AA,DFW,11.0
AA,BWI,-6.0
AA,LAX,-2.0
AA,ORD,-2.0
AA,DFW,-4.0
AA,DFW,2.0
AA,CLT,2.0
AA,AUS,-13.0
AA,PHL,65.0
AA,MIA,25.0
AA,DFW,10.0
AA,DFW,235.0
AA,ORD,-4.0
AA,TPA,-6.0
AA,DFW,-2.0
AA,LAX,-1.0
AA,ORD,-8.0
AA,ORD,-2.0
AA,DFW,-2.0
AA,14492,-3.0
AA,STL,-1.0
AA,MSP,-11.0
AA,CLT,27.0
AA,HNL,-2.0
AA,MIA,-4.0
AA,TPA,-5.0
AA,14107,-7.0
AA,SFO,-7.0
AA,LGA,
AA,12266,-2.0
AA,LAX,-4.0
AA,LAS,-3.0
AA,LGA,-7.0
AA,IND,-1.0
AA,DFW,-5.0
AA,ORD,-2.0
AA,ORD,-7.0
AA,FLL,-2.0
AA,DFW,31.0
AA,HNL,0.0
AA,11278,-4.0
AA,DFW,-6.0
AA,14635,-6.0
AA,DFW,1.0
AA,IAH,-8.0
AA,IAH,-8.0
AA,MIA,55.0
AA,BOS,-7.0
AA,PHX,23.0
AA,CLT,-5.0
AA,LAX,-3.0
AA,CLT,-2.0
AA,ORD,-5.0
AA,MCO,2.0
AA,CLT,-3.0
AA,CLE,-2.0
AA,CLT,-1.0
AA,DFW,-3.0
AA,PBI,-4.0
AA,PIT,14.0
AA,TUL,-3.0
AA,14100,2.0
AA,DFW,-7.0
AA,ORD,-7.0
AA,DFW,
AA,DEN,1.0
AA,ORD,13.0
AA,BDL,-5.0
AA,STL,1.0
AA,DFW,-2.0
AA,14107,-6.0
AA,12892,0.0
AA,LAX,-5.0
AA,DFW,-1.0
AA,MIA,-1.0
AA,MCO,14.0
AA,DFW,-4.0
AA,12892,
AA,DFW,9.0
AA,AUS,6.0
AA,LGA,-8.0
AA,BWI,0.0
AA,MIA,14.0
AA,MIA,-7.0
AA,CLT,-2.0
AA,CLT,5.0
AA,CLT,-7.0
AA,CMH,58.0
AA,SAN,0.0
AA,MCO,-3.0
AA,DFW,25.0
AA,JFK,-6.0
AA,DFW,-7.0
AA,BOS,-2.0
AA,DFW,-6.0
AA,DFW,-1.0
AA,IAD,10.0
AA,BOI,2.0
AA,BNA,75.0
AA,DFW,-6.0
AA,ORD,-4.0
AA,DTW,-7.0
AA,LAX,-7.0
AA,BOS,56.0
AA,DFW,-5.0
AA,PHL,-5.0
AA,DCA,-8.0
AA,SAN,2.0
AA,PHL,-2.0
AA,ORD,-5.0
AA,PHX,-5.0
AA,SFO,3.0
AA,AUS,49.0
AA,SJC,-11.0
AA,LAS,1.0
AA,DFW,-5.0
AA,PDX,-1.0
AA,LAX,-5.0
AA,ORD,-5.0
AA,PHX,-6.0
AA,DFW,23.0
AA,LGA,2.0
AA,DFW,75.0
AA,DFW,79.0
AA,DFW,-1.0
AA,ONT,44.0
AA,ORD,-8.0
AA,11066,3.0
AA,DFW,-5.0
AA,CLT,11.0
AA,DFW,68.0
AA,ORD,73.0
AA,DFW,-5.0
AA,10721,-6.0
AA,IAD,-6.0
AA,MCI,7.0
AA,MFE,-4.0
AA,BOS,-7.0
AA,DFW,13.0
AA,RDU,-6.0
AA,DEN,4.0
AA,DFW,73.0
AA,BOS,5.0
AA,DFW,-7.0
AA,DTW,-6.0
AA,PHX,-12.0
AA,SNA,-1.0
AA,14100,-3.0
AA,DFW,
AA,DFW,-6.0
AA,SAT,-8.0
AA,DCA,0.0
AA,SJU,-3.0
AA,ORD,-1.0
AA,ORD,-3.0
AA,AUS,-6.0
AA,MIA,6.0
AA,LGA,-5.0
AA,MSY,-4.0
AA,SEA,-11.0
AA,DFW,-5.0
AA,MIA,2.0
AA,PHL,-5.0
AA,DFW,-3.0
AA,DFW,2.0
AA,DFW,-3.0
AA,DFW,-1.0
AA,13930,-7.0
AA,JFK,-3.0
AA,ORD,54.0
AA,ORD,-1.0
AA,PHX,-3.0
AA,DFW,-3.0
AA,11298,-5.0
AA,DCA,-3.0
AA,HNL,-5.0
AA,14100,11.0
AA,DCA,-3.0
AA,TPA,-4.0
AA,BNA,-6.0
AA,11298,-7.0
AA,DEN,-6.0
AA,12892,-4.0
AA,LAX,-7.0
AA,ORD,22.0
AA,DFW,4.0
AA,JFK,-3.0
AA,HNL,-9.0
AA,MIA,-4.0
AA,LGA,1.0
AA,DFW,-4.0
AA,DFW,-1.0
AA,DFW,9.0
AA,MIA,8.0
AA,ORD,-3.0
AA,MIA,-5.0
AA,SEA,-3.0
AA,DFW,35.0
AA,RDU,105.0
AA,CLT,9.0
AA,MIA,-2.0
AA,MIA,-4.0
AA,DFW,-4.0
AA,LAX,1.0
AA,DFW,45.0
AA,LAX,1.0
AA,DFW,86.0
AA,IAH,-8.0
AA,MCO,11.0
AA,ORD,1.0
AA,DFW,18.0
AA,DFW,-6.0
AA,CLT,-3.0
AA,LAS,-8.0
AA,PHL,-3.0
AA,DFW,-7.0
AA,MCO,10.0
AA,DFW,39.0
AA,LAX,-6.0
AA,MIA,-5.0
AA,ORD,-3.0
AA,DFW,26.0
AA,SJC,-7.0
AA,MCO,-1.0
AA,ONT,44.0
AA,IAH,-5.0
AA,LAX,-6.0
AA,DFW,-4.0
AA,BDL,-5.0
AA,AUS,-5.0
AA,ORD,-5.0
AA,LAX,26.0
AA,LAX,-9.0
AA,LGA,-2.0
AA,MIA,-4.0
AA,DFW,10.0
AA,LGA,-2.0
AA,ORD,97.0
AA,LAX,1.0
AA,DEN,-5.0
AA,DFW,8.0
AA,FLL,0.0
AA,DFW,-6.0
AA,DFW,20.0
AA,DCA,-2.0
AA,RNO,-1.0
AA,11298,67.0
AA,DFW,-12.0
AA,ORD,2.0
AA,DFW,-4.0
AA,AUS,44.0
AA,AUS,-8.0
AA,LGA,-4.0
AA,DFW,63.0
AA,DFW,-3.0
AA,CLT,-7.0
AA,LGA,
AA,SNA,-2.0
AA,LAX,-1.0
AA,DFW,20.0
AA,DCA,
AA,ORD,6.0
AA,MIA,8.0
AA,14107,0.0
AA,BUF,-2.0
AA,CLE,-4.0
AA,DFW,7.0
AA,RDU,-7.0
AA,BOS,-4.0
AA,DFW,-4.0
AA,BOS,-7.0
AA,LAX,-4.0
AA,DFW,15.0
AA,DFW,-5.0
AA,DFW,-6.0
AA,BOS,-2.0
AA,DEN,4.0
AA,SAN,-5.0
AA,DFW,22.0
AA,AUS,9.0
AA,JFK,29.0
AA,CMH,-8.0
AA,TPA,88.0
AA,DFW,-3.0
AA,DFW,-5.0
AA,DFW,-4.0
AA,DCA,13.0
AA,MIA,-2.0
AA,PHL,-6.0
AA,BOS,155.0
AA,DFW,66.0
AA,JAX,-1.0
AA,JFK,0.0
AA,AUS,-8.0
AA,SJC,-2.0
AA,MCO,-6.0
AA,JAX,87.0
AA,DFW,2.0
AA,DFW,-3.0
AA,EWR,3.0
AA,ORD,-9.0
AA,ORD,9.0
AA,MIA,0.0
AA,DFW,-5.0
AA,MCO,-11.0
AA,RDU,8.0
AA,LAX,139.0
AA,LAX,-7.0
AA,TPA,-1.0
AA,EWR,51.0
AA,ORF,36.0
AA,BOS,-10.0
AA,PIT,-5.0
AA,DCA,51.0
AA,DFW,-2.0
AA,DFW,92.0
AA,LAX,-6.0
AA,DFW,-8.0
AA,TPA,53.0
AA,EWR,-7.0
AA,CLT,0.0
AA,CLT,-6.0
AA,DFW,0.0
AA,LAX,-2.0
AA,DFW,-2.0
AA,CLT,-12.0
AA,14107,0.0
AA,DFW,3.0
AA,RDU,13.0
AA,LAX,-7.0
AA,BWI,-5.0
AA,DFW,1.0
AA,13303,32.0
AA,TPA,-3.0
AA,STL,
AA,BNA,-4.0
AA,ORD,22.0
AA,ORD,-8.0
AA,TPA,6.0
AA,MIA,-6.0
AA,MSP,11.0
AA,CLT,9.0
AA,BNA,-2.0
AA,CLT,0.0
AA,MCO,-10.0
AA,11057,1.0
AA,DEN,
AA,CLT,9.0
AA,PHL,0.0
AA,PHX,47.0
AA,PHL,-3.0
AA,DFW,-1.0
AA,ATL,113.0
AA,PHL,-4.0
AA,DCA,-1.0
AA,CMH,-10.0
AA,LAX,-6.0
AA,JFK,52.0
AA,ELP,-6.0
AA,MSP,-9.0
AA,DEN,17.0
AA,13198,-2.0
AA,LAX,21.0
AA,ORD,-4.0
AA,TPA,-1.0
AA,DFW,-4.0
AA,LAX,-4.0
AA,LGA,-4.0
AA,PHX,-5.0
AA,DFW,-5.0
AA,DFW,10.0
AA,14107,-3.0
AA,PHL,15.0
AA,MEM,6.0
AA,FLL,-2.0
AA,DFW,-6.0
AA,ORD,37.0
AA,LAX,5.0
AA,PHX,-7.0
AA,LAX,-4.0
AA,JFK,-2.0
AA,ORD,194.0
AA,SFO,-10.0
AA,ORD,97.0
AA,CLT,27.0
AA,MIA,55.0
AA,RDU,-7.0
AA,PHL,-5.0
AA,ORD,23.0
AA,13930,-3.0
AA,LAS,-5.0
AA,GEG,-2.0
AA,11298,20.0
AA,TUS,-8.0
AA,PHL,-7.0
AA,11057,-7.0
AA,RDU,-2.0
AA,LAS,-5.0
AA,DFW,-5.0
AA,AUS,-6.0
AA,CLT,0.0
AA,PHL,-9.0
AA,DFW,-4.0
AA,ORD,59.0
AA,MKE,-5.0
AA,DFW,-6.0
AA,DFW,-3.0
AA,MSP,-4.0
AA,ORD,-7.0
AA,BOS,-8.0
AA,DFW,-2.0
AA,SEA,-2.0
AA,MIA,-4.0
AA,10721,-3.0
AA,MIA,5.0
AA,MIA,4.0
AA,ORD,-2.0
AA,LAS,0.0
AA,DFW,195.0
AA,DEN,
AA,EWR,-4.0
AA,PHX,-1.0
AA,MSY,-5.0
AA,DFW,22.0
AA,MIA,88.0
AA,DFW,16.0
AA,DFW,-4.0
AA,SJU,-3.0
AA,BNA,61.0
AA,CLT,-8.0
AA,LAX,-3.0
AA,LGA,-10.0
AA,LAX,19.0
AA,BNA,-4.0
AA,DFW,0.0
AA,DFW,-3.0
AA,COS,-5.0
AA,ORD,-6.0
AA,DFW,-5.0
AA,MCO,-6.0
AA,13930,-7.0
AA,CLE,-4.0
AA,JFK,-3.0
AA,ORD,-4.0
AA,BOS,-7.0
AA,DTW,8.0
AA,11298,40.0
AA,ORD,-5.0
AA,MIA,9.0
AA,LAS,-7.0
AA,ABQ,-6.0
AA,11433,-6.0
AA,DFW,-4.0
AA,SAT,52.0
AA,TUS,-4.0
AA,14122,-1.0
AA,IAD,-3.0
AA,MIA,5.0
AA,EWR,58.0
AA,ORD,37.0
AA,DFW,1.0
AA,CLT,26.0
AA,ATL,-1.0
AA,DFW,-6.0
AA,DFW,-2.0
AA,JFK,2.0
AA,PHX,-1.0
AA,MIA,-3.0
AA,LAX,-5.0
AA,DFW,-1.0
AA,FLL,-2.0
AA,SJU,-14.0
AA,DCA,1.0
AA,LAX,40.0
AA,DEN,5.0
AA,DFW,-1.0
AA,CLT,2.0
AA,DFW,-6.0
AA,MIA,-2.0
AA,TPA,-9.0
AA,ATL,-7.0
AA,DFW,-4.0
AA,DTW,-5.0
AA,DCA,-5.0
AA,DFW,2.0
AA,DFW,5.0
AA,MIA,-5.0
AA,STT,-7.0
AA,SAN,-8.0
AA,MIA,-2.0
AA,PHX,-6.0
AA,TPA,-5.0
AA,MSP,-1.0
AA,ORD,-4.0
AA,BOS,-6.0
AA,SLC,-2.0
AA,SJU,-6.0
AA,TUL,143.0
AA,CLT,160.0
AA,DFW,14.0
AA,SAN,1.0
AA,DFW,-4.0
AA,TPA,66.0
AA,BOS,29.0
AA,ORD,1.0
AA,EWR,-3.0
AA,14107,-2.0
AA,LAX,-12.0
AA,JAX,8.0
AA,CLT,-6.0
AA,ONT,-6.0
AA,DCA,-2.0
AA,DFW,-6.0
AA,ORD,2.0
AA,DFW,15.0
AA,RDU,-15.0
AA,MCO,-5.0
AA,BWI,-4.0
AA,MIA,-2.0
AA,13303,-6.0
AA,DFW,6.0
AA,EWR,-9.0
AA,DFW,-1.0
AA,PHX,22.0
AA,LAS,12.0
AA,JAX,11.0
AA,DFW,-2.0
AA,DFW,-8.0
AA,DFW,-5.0
AA,DCA,98.0
AA,BWI,-10.0
AA,11057,1.0
AA,DFW,0.0
AA,MCO,10.0
AA,PHX,37.0
AA,PHX,-6.0
AA,11298,-6.0
AA,14100,-5.0
AA,MKE,9.0
AA,LAX,58.0
AA,DFW,-2.0
AA,12953,-5.0
AA,MIA,5.0
AA,MCI,-3.0
AA,CLT,18.0
AA,MCO,11.0
AA,11292,-3.0
AA,LBB,-10.0
AA,OGG,2.0
AA,PHX,14.0
AA,CLT,23.0
AA,DFW,1.0
AA,LGA,-4.0
AA,ORD,8.0
AA,BOS,15.0
AA,DCA,71.0
AA,ORD,144.0
AA,SJU,-3.0
AA,14771,-3.0
AA,MSP,-3.0
AA,13930,-6.0
AA,CLT,-4.0
AA,CLT,-4.0
AA,TUL,-8.0
AA,DFW,40.0
AA,14843,-2.0
AA,11298,2.0
AA,IAH,-7.0
AA,BDL,3.0
AA,DCA,-10.0
AA,MIA,-8.0
AA,14524,-2.0
AA,11057,-3.0
AA,PHX,76.0
AA,LAS,-4.0
AA,CLT,31.0
AA,SEA,9.0
AA,DFW,-6.0
AA,DCA,-3.0
AA,SFO,3.0
AA,ORD,-4.0
AA,LAX,-4.0
AA,DFW,141.0
AA,11423,-2.0
AA,SMF,-8.0
AA,DFW,13.0
AA,MIA,36.0
AA,CLT,-4.0
AA,DFW,-7.0
AA,PHL,59.0
AA,TUL,-2.0
AA,MIA,7.0
AA,PHX,7.0
AA,CLT,-5.0
AA,DCA,-4.0
AA,11042,-6.0
AA,AUS,-5.0
AA,SFO,-1.0
AA,DFW,51.0
AA,13930,25.0
AA,14635,-5.0
AA,DFW,-5.0
AA,MIA,2.0
AA,ORD,-3.0
AA,DFW,8.0
AA,LAS,-2.0
AA,DFW,148.0
AA,DFW,76.0
AA,DFW,2.0
AA,EWR,-5.0
AA,LAX,52.0
AA,MCO,-6.0
AA,13204,19.0
AA,13930,-4.0
AA,DFW,1.0
AA,LAX,1.0
AA,PHX,-9.0
AA,LAX,-6.0
AA,LAS,66.0
AA,DCA,-2.0
AA,PHL,20.0
AA,PIT,-6.0
AA,ORD,28.0
AA,ORD,0.0
AA,STX,16.0
AA,LAS,-4.0
AA,MKE,-5.0
AA,MIA,
AA,DEN,-2.0
AA,MCO,-3.0
AA,14122,-6.0
AA,DFW,-1.0
AA,CLT,-1.0
AA,DFW,-4.0
AA,DFW,0.0
AA,SFO,22.0
AA,PHL,-3.0
AA,ORD,-6.0
AA,JFK,-3.0
AA,MIA,-4.0
AA,DFW,5.0
AA,IAH,-10.0
AA,PHX,-3.0
AA,IAH,-4.0
AA,ORD,0.0
AA,EWR,-7.0
AA,BOS,8.0
AA,OGG,72.0
AA,RDU,-3.0
AA,DFW,15.0
AA,LAX,12.0
AA,JFK,-7.0
AA,DAY,-2.0
AA,DFW,-5.0
AA,PHX,26.0
AA,DFW,-9.0
AA,DFW,-5.0
AA,JAX,-6.0
AA,DCA,2.0
AA,PHL,-7.0
AA,DFW,-6.0
AA,13930,6.0
AA,CLT,3.0
AA,ORD,-2.0
AA,DFW,16.0
AA,11292,-4.0
AA,BWI,-4.0
AA,PHX,119.0
AA,LAX,-7.0
AA,10397,-6.0
AA,CLE,-5.0
AA,11298,-5.0
AA,OMA,5.0
AA,DFW,-7.0
AA,PHL,135.0
AA,AUS,-5.0
AA,LGA,122.0
AA,RSW,8.0
AA,PHX,7.0
AA,DFW,0.0
AA,DFW,-8.0
AA,JFK,-5.0
AA,CLT,-4.0
AA,LGA,-1.0
AA,DFW,-2.0
AA,SDF,-2.0
AA,MIA,-1.0
AA,DFW,-6.0
AA,11298,
AA,SJC,-6.0
AA,LAS,16.0
AA,CLT,-3.0
AA,11057,35.0
AA,ORD,168.0
AA,MCI,-3.0
AA,LGA,-3.0
AA,14100,-5.0
AA,IND,-11.0
AA,MCO,-6.0
AA,DFW,-5.0
AA,PHX,-6.0
AA,SAN,48.0
AA,IAH,-4.0
AA,JFK,-2.0
AA,ORD,-4.0
AA,RSW,-9.0
AA,ORD,58.0
AA,ORD,-1.0
AA,13303,-5.0
AA,MIA,-3.0
AA,MIA,5.0
AA,STL,-6.0
AA,ORD,41.0
AA,CLT,-9.0
AA,DEN,-7.0
AA,PHX,-6.0
AA,BOS,67.0
AA,MIA,5.0
AA,DFW,35.0
AA,BOS,47.0
AA,MSP,-3.0
AA,PSP,-2.0
AA,MSP,-6.0
AA,TPA,-10.0
AA,DFW,4.0
AA,DCA,-7.0
AA,ONT,1.0
AA,ONT,5.0
AA,MIA,87.0
AA,FLL,-3.0
AA,TPA,-3.0
AA,MIA,-6.0
AA,PHX,-7.0
AA,DFW,25.0
AA,RIC,-5.0
AA,PHL,131.0
AA,DFW,15.0
AA,PHL,-6.0
AA,DFW,-1.0
AA,DFW,28.0
AA,SNA,-1.0
AA,SMF,-5.0
AA,14683,0.0
AA,14100,-4.0
AA,DFW,78.0
AA,MCI,-7.0
AA,SEA,-2.0
AA,MCO,56.0
AA,MCO,-2.0
AA,PHX,-4.0
AA,SEA,-9.0
AA,ORD,0.0
AA,DFW,4.0
AA,13204,50.0
AA,SNA,-3.0
AA,ORD,-7.0
AA,12892,-4.0
AA,ORD,-7.0
AA,TPA,47.0
AA,DFW,-8.0
AA,PHL,-4.0
AA,PHL,11.0
AA,MEM,-4.0
AA,PHL,-9.0
AA,SMF,-4.0
AA,PIT,-5.0
AA,DFW,-5.0
AA,SNA,-1.0
AA,DFW,42.0
AA,14107,-6.0
AA,DFW,-1.0
AA,DFW,6.0
AA,MIA,76.0
AA,CLT,-6.0
AA,DFW,59.0
AA,RDU,31.0
AA,CLT,-9.0
AA,PHL,26.0
AA,CLT,56.0
AA,MSP,-12.0
AA,ORD,-1.0
AA,LAX,-5.0
AA,JFK,4.0
AA,ORD,-6.0
AA,LAS,-4.0
AA,DFW,5.0
AA,14100,-2.0
AA,DEN,12.0
AA,MSP,-2.0
AA,MIA,-5.0
AA,DFW,-6.0
AA,BOS,-8.0
AA,DFW,0.0
AA,DFW,37.0
AA,BOS,-3.0
AA,DFW,11.0
AA,DFW,-4.0
AA,13830,-2.0
AA,ORD,11.0
AA,BDL,
AA,LGA,0.0
AA,CLT,43.0
AA,MIA,-5.0
AA,MCO,2.0
AA,ORD,
AA,MIA,1.0
AA,EWR,0.0
AA,DFW,41.0
AA,AUS,-4.0
AA,ORD,-3.0
AA,LAX,-5.0
AA,MIA,-6.0
AA,DFW,14.0
AA,DFW,17.0
AA,SAT,8.0
AA,DFW,83.0
AA,SJU,-2.0
AA,LAX,55.0
AA,PHL,10.0
AA,CLT,30.0
AA,DFW,-6.0
AA,DFW,-1.0
AA,ORD,146.0
AA,11057,-7.0
AA,MIA,15.0
AA,TPA,-2.0
AA,12892,37.0
AA,DFW,-7.0
AA,SJC,-12.0
AA,14635,-6.0
AA,CLT,81.0
AA,CLT,-5.0
AA,ELP,-6.0
AA,PHL,26.0
AA,DFW,
AA,14107,-6.0
AA,ONT,-3.0
AA,DFW,11.0
AA,DFW,-3.0
AA,11057,-5.0
AA,TPA,7.0
AA,ATL,-4.0
AA,STT,-5.0
AA,MIA,-3.0
AA,DFW,-6.0
AA,MIA,-4.0
AA,MIA,-6.0
AA,DTW,-2.0
AA,DCA,15.0
AA,LAX,2.0
AA,CLT,0.0
AA,MIA,-5.0
AA,PHX,3.0
AA,DFW,-4.0
AA,11423,-5.0
AA,LAX,5.0
AA,STL,4.0
AA,MIA,-3.0
AA,MIA,-6.0
AA,SAN,-8.0
AA,CLE,0.0
AA,DFW,0.0
AA,CLT,-3.0
AA,ILM,-9.0
AA,PDX,-4.0
AA,12889,76.0
AA,DFW,-5.0
AA,SFO,-7.0
AA,ORD,0.0
AA,CLT,13.0
AA,PHL,-4.0
AA,DFW,-9.0
AA,CLT,-7.0
AA,SAN,-5.0
AA,DFW,-4.0
AA,CLT,5.0
AA,14057,-2.0
AA,BNA,-6.0
AA,BOS,2.0
AA,DFW,-2.0
AA,ORD,-4.0
AA,MEM,5.0
AA,IAH,-11.0
AA,DFW,-3.0
AA,RDU,-2.0
AA,14122,-7.0
AA,DFW,7.0
AA,OGG,18.0
AA,DEN,-9.0
AA,14100,1.0
AA,CLT,-2.0
AA,DCA,-3.0
AA,ONT,-10.0
AA,CLT,-3.0
AA,DFW,0.0
AA,AUS,0.0
AA,SEA,-3.0
AA,CLT,17.0
AA,DFW,-14.0
AA,DFW,-1.0
AA,DFW,24.0
AA,MCO,-6.0
AA,MIA,-8.0
AA,BNA,-6.0
AA,CLT,-5.0
AA,CMH,-8.0
AA,SYR,-8.0
AA,DFW,-2.0
AA,DFW,12.0
AA,SFO,-7.0
AA,LGA,-2.0
AA,DFW,73.0
AA,ORD,-7.0
AA,LGA,-5.0
AA,DFW,-4.0
AA,EGE,20.0
AA,MIA,61.0
AA,MIA,-9.0
AA,AUS,27.0
AA,DFW,0.0
AA,SFO,-4.0
AA,PHX,-6.0
AA,BNA,111.0
AA,IAD,-5.0
AA,PHX,-1.0
AA,MIA,-2.0
AA,DFW,-4.0
AA,DFW,1.0
AA,14100,-7.0
AA,RNO,-4.0
AA,RDU,29.0
AA,ORD,-9.0
AA,MIA,8.0
AA,SEA,-7.0
AA,EGE,-4.0
AA,PBI,23.0
AA,JFK,14.0
AA,CLT,-1.0
AA,CLT,3.0
AA,CLT,-6.0
AA,RIC,-7.0
AA,ORD,-4.0
AA,ATL,-4.0
AA,CLT,-4.0
AA,DFW,-1.0
AA,ORD,6.0
AA,DFW,-3.0
AA,DFW,3.0
AA,MCO,11.0
AA,PHX,-4.0
AA,13930,-2.0
AA,RIC,-1.0
AA,PHL,-12.0
AA,SAT,-2.0
AA,CLT,8.0
AA,SAT,-7.0
AA,10423,-2.0
AA,DSM,36.0
AA,MIA,7.0
AA,LGA,-4.0
AA,DFW,0.0
AA,MIA,-8.0
AA,LAX,-4.0
AA,DFW,38.0
AA,PVD,-6.0
AA,RSW,-6.0
AA,13303,0.0
AA,OGG,-5.0
AA,LAX,-5.0
AA,PHL,-6.0
AA,LAS,23.0
AA,LAS,-5.0
AA,11298,20.0
AA,ONT,-6.0
AA,MSY,-9.0
AA,ORD,4.0
AA,DFW,0.0
AA,ORD,-3.0
AA,DFW,-8.0
AA,CLT,3.0
AA,MIA,20.0
AA,LAS,0.0
AA,11057,4.0
AA,SNA,-3.0
AA,11057,-4.0
AA,FLL,14.0
AA,SLC,0.0
AA,11278,-6.0
AA,PHL,0.0
AA,DFW,-2.0
AA,ORD,-4.0
AA,JFK,-8.0
AA,MIA,-2.0
AA,CLT,142.0
AA,DFW,25.0
AA,11298,-1.0
AA,ORD,65.0
AA,LAX,-3.0
AA,STT,101.0
AA,MIA,8.0
AA,CLT,-3.0
AA,PHX,-3.0
AA,DFW,188.0
AA,IAH,-9.0
AA,11057,-4.0
AA,DEN,-2.0
AA,DFW,-2.0
AA,11298,3.0
AA,11057,1.0
AA,LIH,-18.0
AA,12478,-5.0
AA,PHL,-7.0
AA,CLT,-4.0
AA,PIT,89.0
AA,PHX,-4.0
AA,11433,-2.0
AA,MCO,-1.0
AA,14107,-3.0
AA,MIA,37.0
AA,DFW,-7.0
AA,LGA,-7.0
